EVENT_ID,CZ_NAME_STR,BEGIN_LOCATION,BEGIN_DATE,BEGIN_TIME,EVENT_TYPE,MAGNITUDE,TOR_F_SCALE,DEATHS_DIRECT,INJURIES_DIRECT,DAMAGE_PROPERTY_NUM,DAMAGE_CROPS_NUM,STATE_ABBR,CZ_TIMEZONE,MAGNITUDE_TYPE,EPISODE_ID,CZ_TYPE,CZ_FIPS,WFO,INJURIES_INDIRECT,DEATHS_INDIRECT,SOURCE,FLOOD_CAUSE,TOR_LENGTH,TOR_WIDTH,BEGIN_RANGE,BEGIN_AZIMUTH,END_RANGE,END_AZIMUTH,END_LOCATION,END_DATE,END_TIME,BEGIN_LAT,BEGIN_LON,END_LAT,END_LON,EVENT_NARRATIVE,EPISODE_NARRATIVE,ABSOLUTE_ROWNUMBER
998013,SANTA CATALINA AND RINCON MOUNTAINS (ZONE), ,01/01/2022,0,Heavy Snow, , ,0,0,0,0,AZ,MST-7, ,165180,Z,514,TWC,0,0,Public, , , , , , , , ,01/01/2022,800, , , , ,"Heavy snow occurred in Ski Valley where 12-18 inches was observed. Slightly lower in elevation at Summerhaven there was 10-12 inches. This event spanned from 2021 into 2022.","A winter storm impacted southeast Arizona for New Years Eve into New Years Day 2022. This produced in excess of 1 foot of snow across the higher elevations of mountain ranges north of Interstate 10. Wind gusts to 35 mph accompanied the snow at times, but no significant blowing or drifting snow was reported. The strongest winds were farther south and east where gusts of 40 to 50 mph occurred in showers and thunderstorms. Rain was widespread in valley locations with one to two inches common. Some foothills and mid slope areas received over 3 inches of rainfall, but no significant flooding was reported.",1
998014,WHITE MOUNTAINS OF GRAHAM AND GREENLEE COUNTIES (ZONE), ,01/01/2022,0,Heavy Snow, , ,0,0,0,0,AZ,MST-7, ,165180,Z,510,TWC,0,0,SNOTEL, , , , , , , , ,01/01/2022,800, , , , ,"Hannagan Meadow received 12 to 14 inches of snow in this winter storm that spanned from 2021 into 2022.","A winter storm impacted southeast Arizona for New Years Eve into New Years Day 2022. This produced in excess of 1 foot of snow across the higher elevations of mountain ranges north of Interstate 10. Wind gusts to 35 mph accompanied the snow at times, but no significant blowing or drifting snow was reported. The strongest winds were farther south and east where gusts of 40 to 50 mph occurred in showers and thunderstorms. Rain was widespread in valley locations with one to two inches common. Some foothills and mid slope areas received over 3 inches of rainfall, but no significant flooding was reported.",2
998018,GALIURO AND PINALENO MOUNTAINS (ZONE), ,01/01/2022,0,Heavy Snow, , ,0,0,0,0,AZ,MST-7, ,165180,Z,511,TWC,0,0,Unknown, , , , , , , , ,01/01/2022,800, , , , ,"Per estimates from webcam imagery, Mt. Graham received 12-18 inches of snow. This event spanned from 2021 into 2022.","A winter storm impacted southeast Arizona for New Years Eve into New Years Day 2022. This produced in excess of 1 foot of snow across the higher elevations of mountain ranges north of Interstate 10. Wind gusts to 35 mph accompanied the snow at times, but no significant blowing or drifting snow was reported. The strongest winds were farther south and east where gusts of 40 to 50 mph occurred in showers and thunderstorms. Rain was widespread in valley locations with one to two inches common. Some foothills and mid slope areas received over 3 inches of rainfall, but no significant flooding was reported.",3
1004722,WHITE MOUNTAINS (ZONE), ,01/01/2022,0,Heavy Snow, , ,0,0,0,0,AZ,MST-7, ,166091,Z,17,FGZ,0,0,Trained Spotter, , , , , , , , ,01/01/2022,1200, , , , ,"Heavy snow fell across the White Mountains early on New Years Day. Some amounts include (in inches): Greer 12-13,  Alpine 11.0, Nutrioso 10.9, Pinetop-Lakeside 5-13, and                   |Eagar 7-10.","A strong area of low pressure and cold front moved across northern overnight and New Years morning with areas of heavy snow.",4
1004723,LITTLE COLORADO RIVER VALLEY IN APACHE COUNTY (ZONE), ,01/01/2022,0,Heavy Snow, , ,0,0,0,0,AZ,MST-7, ,166091,Z,14,FGZ,0,0,Trained Spotter, , , , , , , , ,01/01/2022,1100, , , , ,"Heavy snow fell across the southern portion of the Little Colorado River in Apache County.  Some amounts include (in inches): Eagar 7-10.","A strong area of low pressure and cold front moved across northern overnight and New Years morning with areas of heavy snow.",5
1005088,GRAND CANYON COUNTRY (ZONE), ,01/01/2022,1800,Cold/Wind Chill, , ,0,0,0,0,AZ,MST-7, ,166092,Z,6,FGZ,0,0,Official NWS Observations, , , , , , , , ,01/02/2022,800, , , , ,"Very cold temperatures were observed around The Grand Canyon including: Tusayan -8F and South Rim Village 0F.","Very cold temperatures were felt across northern Arizona in the wake of a strong cold front and a fresh coating of snow.",6
1005089,KAIBAB PLATEAU (ZONE), ,01/01/2022,2000,Cold/Wind Chill, , ,0,0,0,0,AZ,MST-7, ,166092,Z,4,FGZ,0,0,Official NWS Observations, , , , , , , , ,01/02/2022,800, , , , ,"Very cold low temperatures were observed at Jacob Lake (-1F).","Very cold temperatures were felt across northern Arizona in the wake of a strong cold front and a fresh coating of snow.",7
1005091,EASTERN MOGOLLON RIM (ZONE), ,01/01/2022,2000,Cold/Wind Chill, , ,0,0,0,0,AZ,MST-7, ,166092,Z,16,FGZ,0,0,Official NWS Observations, , , , , , , , ,01/02/2022,800, , , , ,"Very cold low temperatures were observed across The Eastern Mogollon Rim including: -2F at Happy Jack and 1F at Clints Well.","Very cold temperatures were felt across northern Arizona in the wake of a strong cold front and a fresh coating of snow.",8
1005093,WHITE MOUNTAINS (ZONE), ,01/01/2022,2000,Cold/Wind Chill, , ,0,0,0,0,AZ,MST-7, ,166092,Z,17,FGZ,0,0,Official NWS Observations, , , , , , , , ,01/02/2022,800, , , , ,"Very cold low temperatures were observed across the White Mountains with Greens Peak at -1 F and Nutrioso at 0 F.","Very cold temperatures were felt across northern Arizona in the wake of a strong cold front and a fresh coating of snow.",9
1005094,LITTLE COLORADO RIVER VALLEY IN APACHE COUNTY (ZONE), ,01/01/2022,2000,Cold/Wind Chill, , ,0,0,0,0,AZ,MST-7, ,166092,Z,14,FGZ,0,0,Official NWS Observations, , , , , , , , ,01/02/2022,800, , , , ,"Very cold low temperatures were observed across the Little Colorado River Valley in Apache County including Springerville Airport at -9 F and St Johns Airport  at 5 F.","Very cold temperatures were felt across northern Arizona in the wake of a strong cold front and a fresh coating of snow.",10
1005095,CHUSKA MOUNTAINS AND DEFIANCE PLATEAU (ZONE), ,01/01/2022,2000,Cold/Wind Chill, , ,0,0,0,0,AZ,MST-7, ,166092,Z,11,FGZ,0,0,COOP Observer, , , , , , , , ,01/02/2022,800, , , , ,"Very cold temperatures were observed in Ganado (-7 F) and Tsaile (-5 F).","Very cold temperatures were felt across northern Arizona in the wake of a strong cold front and a fresh coating of snow.",11
1004739,WESTERN MOGOLLON RIM (ZONE), ,01/01/2022,2100,Cold/Wind Chill, , ,0,0,0,0,AZ,MST-7, ,166092,Z,15,FGZ,0,0,Official NWS Observations, , , , , , , , ,01/02/2022,800, , , , ,"Very cold temperatures were observed the morning of January 2, 2022.  Some of the lows include: Baderville and Parks -15 F,  Mormon Lake -14 F,  Bellemont (FGZ) -13 F,|Williams 10.9 SE  -10 F, Flagstaff Airport -7 F, Flagstaff Downtown -3 F,  Williams Airport -2 F, Happy Jack -2 F, Munds Park 9 F, and Snowbowl 13 F.","Very cold temperatures were felt across northern Arizona in the wake of a strong cold front and a fresh coating of snow.",12
1005097,WESTERN MOGOLLON RIM (ZONE), ,01/14/2022,2130,High Wind,73.00, ,0,0,0,0,AZ,MST-7,MG,166093,Z,15,FGZ,0,0,Mesonet, , , , , , , , ,01/15/2022,720, , , , ,"The Mesonet station (ASBSB) at 9969 feet on Agassiz Peak recorded a peak wind gust of 84 MPH at 440 AM. Wind gusts above 58 MPH were recorded sporadically between 1030 PM and 720 AM.  The station (ASBTP) at 11,555 feet reported a peak wind gust of 72 MPH at 420 AM.  Wind gust of 58 MPH and higher were reported between 930 PM and 630 AM.","An area of low pressure moved across the Four Corners area and pushed a strong dry cold front across northern Arizona from the north. This brought gusty north to northeast winds across the area.  Some locations experienced very high and damaging winds.",13
1005098,YAVAPAI COUNTY MOUNTAINS (ZONE), ,01/14/2022,2148,High Wind,69.00, ,0,0,0,0,AZ,MST-7,MG,166093,Z,8,FGZ,0,0,Mesonet, , , , , , , , ,01/15/2022,1048, , , , ,"The Humbug Creek station (QHBA3) measured a peak wind gust of 79 MPH at 648 AM. Wind gust over 58 MPH were reported between 948 PM and 1048 AM.","An area of low pressure moved across the Four Corners area and pushed a strong dry cold front across northern Arizona from the north. This brought gusty north to northeast winds across the area.  Some locations experienced very high and damaging winds.",14
994027,EAST VALLEY (ZONE), ,01/22/2022,2052,Strong Wind,40.00, ,0,0,5000,0,AZ,MST-7,EG,164640,Z,548,PSR,0,0,Broadcast Media, , , , , , , , ,01/22/2022,2132, , , , ,"Multiple Embry Health COVID-19 testing tents were damaged or destroyed across the Phoenix metro area, including a site at the Mesa Community College, due to strong winds. Loose objects were also blown around and the sites had to temporarily shutdown operations. Convective showers generated the strong wind gusts. Radar velocities from the Phoenix radar were upwards of 40 kts in the East Valley and Phoenix Sky Harbor Airport measured a max gust of 46 mph. The number of tents damaged or destroyed is unknown. A media report mentioned there were thousands of dollars worth of equipment damaged or destroyed, but a more specific amount is unknown. There were no injuries reported. Timing was based on radar.","A strong closed low pushed through Arizona on the 22nd and generated convective showers, with a few thunderstorms, in the afternoon and evening. A cluster of showers moved through the Phoenix metro area from the southeast in the evening and mixed down strong gradient winds from aloft. Most measured maximum surface wind gusts were around 25-35 mph, however there were observations in the mid 40s, including a 46 mph gust at Phoenix Sky Harbor Airport. There reasonably may have been gusts up to 50 mph that were not measured based on some videos and public reports. The strong gusts damaged or destroyed several COVID-19 testing tents across the metro area. No injuries were reported.",15
1005133,WESTERN MOGOLLON RIM (ZONE), ,01/27/2022,1800,High Wind,60.00, ,0,0,0,0,AZ,MST-7,MG,166096,Z,15,FGZ,0,0,Mesonet, , , , , , , , ,01/28/2022,230, , , , ,"The weather station at 11,555 feet on Agassiz Peak (ASBTP) reported a peak wind gust of 69 MPH at 1100 PM with frequent winds gust of 58 MPH or higher between 600 PM and 130 AM.  The station at 10767 feet (WX7FGZ-6) had peak wind gusts of 64 MPH between 700 and 715 PM with frequent wind gust of 58 MPH or higher between 445 PM and 1145 PM.  The weather station at 9379 feet (ASBLS-Little Spruce) had a peak wind gust of 64  MPH at midnight.  Wind gust over 58 MPH were observed between 715 PM and 1230 AM. Power outages were reported in parts of Flagstaff to Munds Park.","A strong area of low pressure moving through the Four Corners brought high winds to parts of northern Arizona overnight.",16
1005132,NORTHERN GILA COUNTY (ZONE), ,01/27/2022,2000,High Wind,65.00, ,0,0,100000,0,AZ,MST-7,EG,166096,Z,18,FGZ,0,0,Newspaper, , , , , , , , ,01/28/2022,30, , , , ,"A newspaper reported that large ponderosa pine trees were uprooted and snapped off and damaged RVs and the Lodge 5 miles east of Kohls Ranch at 1100 PM.  A utility company reported that power poles were down about 4 miles north-northwest of Kohls Ranch around 1151 PM. Power outages were reported in the communities of Woods Canyon Lake, Young, Christopher Creek, and Forest Lakes. A driver on Highway 260 between Payson and Forest Lakes reported strong winds blowing debris onto roadway. They had to slow down to maintain control. Wind gusts estimated at 55 MPH.","A strong area of low pressure moving through the Four Corners brought high winds to parts of northern Arizona overnight.",17
995132,YUMA (ZONE), ,02/02/2022,1041,High Wind,50.00, ,0,0,0,0,AZ,MST-7,MG,164818,Z,532,PSR,0,0,Mesonet, , , , , , , , ,02/02/2022,1041, , , , ,"The Yuma Proving Ground Station reported a wind gust of 58 mph.","An upper-level trough moving across the region created a strong pressure gradient across southwest Arizona. Strong northerly wind gusts of up to 60 mph as well as dense blowing dust that dropped visibilities to less than 1/4 of a mile were observed.",18
1010838,GALIURO AND PINALENO MOUNTAINS (ZONE), ,02/02/2022,1200,Cold/Wind Chill, , ,1,0,0,0,AZ,MST-7, ,167020,Z,511,TWC,0,0,County Official, , , , , , , , ,02/03/2022,900, , , , ,"A man hiking in the Pinaleno Mountains became lost on February 1. Several inches of snow fell on February 2 and coincided with wind chills around 10 degrees. Air temperatures dropped into the single digits overnight. Search teams were able to follow tracks in the snow but found the man deceased. The Pima County Medical Examiner determined that the cause of death was hypothermia.","Several inches of snow fell across the Pinaleno and Chiricahua mountains during the afternoon and evening hours of February 2. The snow was accompanied by wind chill  temperatures around 10 degrees. After the snow ended, air temperatures dropped into the single digits with wind chills near 5 below zero by sunrise on February 3. The Pima County Medical Examiner confirmed that hypothermia was the primary cause of death for two individuals in the mountains.",19
1010841,CHIRICAHUA MOUNTAINS (ZONE), ,02/02/2022,1200,Cold/Wind Chill, , ,1,0,0,0,AZ,MST-7, ,167020,Z,512,TWC,0,0,County Official, , , , , , , , ,02/03/2022,900, , , , ,"A migrant became lost while traversing the Chiricahua Mountains February 2. Several inches of snow fell late in the day and coincided with wind chills around 10 degrees. Wind chill temperatures dropped to as low as 5 below zero overnight. The Pima County Medical Examiner determined that the cause of death for this female was hypothermia.","Several inches of snow fell across the Pinaleno and Chiricahua mountains during the afternoon and evening hours of February 2. The snow was accompanied by wind chill  temperatures around 10 degrees. After the snow ended, air temperatures dropped into the single digits with wind chills near 5 below zero by sunrise on February 3. The Pima County Medical Examiner confirmed that hypothermia was the primary cause of death for two individuals in the mountains.",20
995123,CENTRAL LA PAZ (ZONE), ,02/02/2022,1200,Dust Storm, , ,0,0,0,0,AZ,MST-7, ,164818,Z,533,PSR,0,0,Social Media, , , , , , , , ,02/02/2022,1400, , , , ,"Social media images showed near zero visibility in blowing dust along Route 60 between Wickenburg and Quartzite. No damages of injuries were reported.","An upper-level trough moving across the region created a strong pressure gradient across southwest Arizona. Strong northerly wind gusts of up to 60 mph as well as dense blowing dust that dropped visibilities to less than 1/4 of a mile were observed.",21
1008141,LAKE MEAD NATIONAL RECREATION AREA (ZONE), ,02/02/2022,1500,Strong Wind,43.00, ,0,0,50000,0,AZ,MST-7,EG,166650,Z,36,VEF,0,0,Public, , , , , , , , ,02/02/2022,1600, , , , ,"A McDonald's sign in Fort Mohave was blown down, landing on and destroying a parked car, and a large awning on a gas station in Bullhead City was uprooted.","Strong north winds behind a cold front did some damage in the Colorado River Valley.",22
995130,TONOPAH DESERT (ZONE), ,02/03/2022,2252,High Wind,55.00, ,0,0,0,0,AZ,MST-7,MG,164818,Z,538,PSR,0,0,RAWS, , , , , , , , ,02/03/2022,2252, , , , ,"The Oatman RAWS station reported a wind gust of 63 mph.","An upper-level trough moving across the region created a strong pressure gradient across southwest Arizona. Strong northerly wind gusts of up to 60 mph as well as dense blowing dust that dropped visibilities to less than 1/4 of a mile were observed.",23
1008600,LITTLE COLORADO RIVER VALLEY IN APACHE COUNTY (ZONE), ,02/16/2022,2100,Heavy Snow, , ,0,0,0,0,AZ,MST-7, ,166745,Z,14,FGZ,0,0,Public, , , , , , , , ,02/17/2022,600, , , , ,"Eight inches of snow fell overnight in Vernon and Concho.","A secondary shortwave trough moved southward from the Intermountain West and combined with a low pressure center already over the Arizona/Mexico border to produce heavy snow in central Apache County.",24
1008411,NORTHWEST DESERTS (ZONE), ,02/21/2022,1130,Dust Storm, , ,0,0,0,0,AZ,MST-7, ,166691,Z,3,VEF,0,0,Emergency Manager, , , , , , , , ,02/21/2022,1700, , , , ,"Dust storm conditions caused zero visibility from Red Lake to 13 miles ENE of Dolan Springs.","A cold low pressure system dove south out of Canada, bringing strong winds ahead of it and snow behind it.",25
1010272,LITTLE COLORADO RIVER VALLEY IN COCONINO COUNTY (ZONE), ,02/21/2022,1215,High Wind,62.00, ,0,0,0,0,AZ,MST-7,MG,166951,Z,12,FGZ,0,0,ASOS, , , , , , , , ,02/21/2022,1655, , , , ,"The ADOT wind sensor at Two Guns measured a peak wind gust of 62 MPH at 113 PM. Wind gusts exceeded 58 MPH between 1230 PM and 230 PM. The sustained wind was 40 MPH and higher between 1215 PM and 230 PM.  The Winslow ASOS (less than 5 miles into the next zone) measured a peak wind gust of 61 MPH at 215 PM. Peak wind gusts were 58 MPH and higher between 150 PM and 300 PM. The sustained winds were 40 MPH and higher between 1250 PM and 455 PM.","A longwave trough developed over the Pacific Northwest and dug southward into |the Great Basin on 21 February.  As an initial shortwave moved into Arizona, the pressure gradient increased resulting in a strong upper-level jet developing. Consequently, winds increased over much of northern Arizona during the late morning and into the night. Vertical mixing through around 700-650 mb where the winds initially in the 30-40 kt range. However, as the trough axis draws approached, the low-level winds at the top of the boundary layer increase to around 50-60 kts.",26
1010273,LITTLE COLORADO RIVER VALLEY IN NAVAJO COUNTY (ZONE), ,02/21/2022,1250,High Wind,53.00, ,0,0,0,0,AZ,MST-7,MG,166951,Z,13,FGZ,0,0,ASOS, , , , , , , , ,02/21/2022,1655, , , , ,"The Winslow ASOS (less than 5 miles into the next zone) measured a peak wind gust of 61 MPH at 215 PM. Peak wind gusts were 58 MPH and higher between 150 PM and 300 PM. The sustained winds were 40 MPH and higher between 1250 PM and 455 PM. The wind sensor on State Route 77 (14 Mile Hill) met high wind criteria from  400 to 500 PM MST. The ADOT wind sensor on I-40 at Jackrabbit had a peak wind gust of 59 MPH at    0403 PM MST.","A longwave trough developed over the Pacific Northwest and dug southward into |the Great Basin on 21 February.  As an initial shortwave moved into Arizona, the pressure gradient increased resulting in a strong upper-level jet developing. Consequently, winds increased over much of northern Arizona during the late morning and into the night. Vertical mixing through around 700-650 mb where the winds initially in the 30-40 kt range. However, as the trough axis draws approached, the low-level winds at the top of the boundary layer increase to around 50-60 kts.",27
1008412,NORTHWEST DESERTS (ZONE), ,02/21/2022,1251,High Wind,57.00, ,0,0,0,0,AZ,MST-7,MG,166691,Z,3,VEF,0,0,ASOS, , , , , , , , ,02/21/2022,1551, , , , ,"The peak gust occurred at 1516 MST.","A cold low pressure system dove south out of Canada, bringing strong winds ahead of it and snow behind it.",28
1008413,MOHAVE CO.,RIVIERA,02/21/2022,1516,Dust Devil, , ,0,0,100000,0,AZ,MST-7, ,166691,C,15,VEF,0,0,Law Enforcement, , , ,1,NNW,1,N,RIVIERA,02/21/2022,1530,35.1118,-114.6045,35.1186,-114.6045,"A dust devil in Bullhead City damaged several structures and downed power lines.","A cold low pressure system dove south out of Canada, bringing strong winds ahead of it and snow behind it.",29
1010706,EASTERN MOGOLLON RIM (ZONE), ,02/22/2022,430,High Wind,53.00, ,0,0,0,0,AZ,MST-7,MG,166985,Z,16,FGZ,0,0,Mesonet, , , , , , , , ,02/22/2022,1230, , , , ,"Here are some peak wind gusts reported across and near the Eastern Mogollon Rim zone: the Heber Mogollon Airpark 60 MPH at 435 AM MST,   Show Low Airport 59 MPH at 955 AM, and the ADOT sensor at the intersection of Highways 277 and 377 61 MPH 1223 PM.","A deepening cold upper low across the Pacific Northwest brought strong westerly gradients over Arizona with persistent southwest winds. The strongest winds were observed over the Eastern Mogollon Rim, White Mountains, and the Little Colorado River Valley in Navajo and Apache counties.",30
1010857,WESTERN MOGOLLON RIM (ZONE), ,02/22/2022,600,Heavy Snow, , ,0,0,0,0,AZ,MST-7, ,167048,Z,15,FGZ,0,0,Trained Spotter, , , , , , , , ,02/23/2022,1830, , , , ,"Maximum snow fall amounts across the Western Mogollon Rim include (in inches): Blue Ridge Ranger Station 20, 10 N Parks 16.0, Williams 15.5,  Kachina Village 14.5,  Flagstaff 14.3, Happy Jack 12.0, Munds Park 12.0, Mountainaire 11.3, and 1 SE Parks 10.0.","A large trough of low pressure brought increasing moisture off from off the eastern Pacific marine layer over central Arizona. This brought extensive upslope snow shower activity coverage, especially along and White Mountains. The trough brought very cold air across Arizona (down to -12C at 700 mb) with saturation to at least 500 mb. This made for a very efficient snow process with significant, widespread accumulations.",31
1010858,EASTERN MOGOLLON RIM (ZONE), ,02/22/2022,900,Heavy Snow, , ,0,0,0,0,AZ,MST-7, ,167048,Z,16,FGZ,0,0,Trained Spotter, , , , , , , , ,02/23/2022,2000, , , , ,"Heavy snow fell across the Eastern Mogollon Rim including 16 inches in Forest Lakes,  10.5 inches 16 miles ENE Clints Well, 13 inches in Strawberry, and 12 inches in Happy Jack.","A large trough of low pressure brought increasing moisture off from off the eastern Pacific marine layer over central Arizona. This brought extensive upslope snow shower activity coverage, especially along and White Mountains. The trough brought very cold air across Arizona (down to -12C at 700 mb) with saturation to at least 500 mb. This made for a very efficient snow process with significant, widespread accumulations.",32
1010524,WHITE MOUNTAINS (ZONE), ,02/22/2022,915,High Wind,51.00, ,0,0,0,0,AZ,MST-7,MG,166985,Z,17,FGZ,0,0,ASOS, , , , , , , , ,02/22/2022,1640, , , , ,"The Show Low Airport ASOS reported high wind criteria between 915 AM and 440 PM MST. The peak wind gust was 61 MPH at 955 AM.  Springerville Airport just to the north of this zone reported high wind criteria between 1215 PM MST and 515 PM with a peak wind gust of 67 MPH at 350 PM MST.","A deepening cold upper low across the Pacific Northwest brought strong westerly gradients over Arizona with persistent southwest winds. The strongest winds were observed over the Eastern Mogollon Rim, White Mountains, and the Little Colorado River Valley in Navajo and Apache counties.",33
1010718,LITTLE COLORADO RIVER VALLEY IN COCONINO COUNTY (ZONE), ,02/22/2022,1040,High Wind,57.00, ,0,0,0,0,AZ,MST-7,MG,166985,Z,12,FGZ,0,0,Mesonet, , , , , , , , ,02/22/2022,1615, , , , ,"The ADOT wind sensor on Interstate 40 at Two Guns reported high wind between 1040 AM and 415 PM MST. The peak wind gust of 66 MPH was at 215 PM MST.","A deepening cold upper low across the Pacific Northwest brought strong westerly gradients over Arizona with persistent southwest winds. The strongest winds were observed over the Eastern Mogollon Rim, White Mountains, and the Little Colorado River Valley in Navajo and Apache counties.",34
1010526,LITTLE COLORADO RIVER VALLEY IN APACHE COUNTY (ZONE), ,02/22/2022,1200,High Wind,58.00, ,0,0,0,0,AZ,MST-7,MG,166985,Z,14,FGZ,0,0,ASOS, , , , , , , , ,02/22/2022,1800, , , , ,"Springerville Airport reported high wind criteria between 1215 PM MST and 515 PM with a peak wind gust of 67 MPH at 350 PM MST.","A deepening cold upper low across the Pacific Northwest brought strong westerly gradients over Arizona with persistent southwest winds. The strongest winds were observed over the Eastern Mogollon Rim, White Mountains, and the Little Colorado River Valley in Navajo and Apache counties.",35
1010860,COCONINO PLATEAU (ZONE), ,02/22/2022,1200,Heavy Snow, , ,0,0,0,0,AZ,MST-7, ,167048,Z,7,FGZ,0,0,Trained Spotter, , , , , , , , ,02/23/2022,1600, , , , ,"Heavy snow fell across the Coconino Plateau including Ash Fork with 8.5 inches, 6.8 inches  10 miles east of Seligman, and 3.5 inches in Seligman.","A large trough of low pressure brought increasing moisture off from off the eastern Pacific marine layer over central Arizona. This brought extensive upslope snow shower activity coverage, especially along and White Mountains. The trough brought very cold air across Arizona (down to -12C at 700 mb) with saturation to at least 500 mb. This made for a very efficient snow process with significant, widespread accumulations.",36
1010553,LITTLE COLORADO RIVER VALLEY IN NAVAJO COUNTY (ZONE), ,02/22/2022,1355,High Wind,57.00, ,0,0,0,0,AZ,MST-7,MG,166985,Z,13,FGZ,0,0,ASOS, , , , , , , , ,02/22/2022,1635, , , , ,"The Taylor airport had high wind criteria from 1355 to 1635. The peak wind gust was 66 MPH at 255 PM MST.","A deepening cold upper low across the Pacific Northwest brought strong westerly gradients over Arizona with persistent southwest winds. The strongest winds were observed over the Eastern Mogollon Rim, White Mountains, and the Little Colorado River Valley in Navajo and Apache counties.",37
1010861,NORTHERN GILA COUNTY (ZONE), ,02/22/2022,2200,Heavy Snow, , ,0,0,0,0,AZ,MST-7, ,167048,Z,18,FGZ,0,0,Trained Spotter, , , , , , , , ,02/23/2022,1830, , , , ,"Heavy snow fell across northern Gila County including Strawberry 13, Washington Park 8.8, Payson 6.5, 7.0 in Star Valley, and Forest Lakes 16.","A large trough of low pressure brought increasing moisture off from off the eastern Pacific marine layer over central Arizona. This brought extensive upslope snow shower activity coverage, especially along and White Mountains. The trough brought very cold air across Arizona (down to -12C at 700 mb) with saturation to at least 500 mb. This made for a very efficient snow process with significant, widespread accumulations.",38
1010859,YAVAPAI COUNTY MOUNTAINS (ZONE), ,02/22/2022,2300,Heavy Snow, , ,0,0,0,0,AZ,MST-7, ,167048,Z,8,FGZ,0,0,Trained Spotter, , , , , , , , ,02/23/2022,1700, , , , ,"Heavy snow fell across Yavapai County including 8.5 inches in Ash Fork, 8 inches in Ponderosa Park, and 4.0-6 inches across the Prescott area.","A large trough of low pressure brought increasing moisture off from off the eastern Pacific marine layer over central Arizona. This brought extensive upslope snow shower activity coverage, especially along and White Mountains. The trough brought very cold air across Arizona (down to -12C at 700 mb) with saturation to at least 500 mb. This made for a very efficient snow process with significant, widespread accumulations.",39
1008459,NORTHWEST DESERTS (ZONE), ,02/23/2022,517,Winter Weather, , ,0,0,0,0,AZ,MST-7, ,166691,Z,3,VEF,0,0,Emergency Manager, , , , , , , , ,02/23/2022,1129, , , , ,"Two roads southeast of Kingman were closed due to approximately five inches of snow.","A cold low pressure system dove south out of Canada, bringing strong winds ahead of it and snow behind it.",40
1010862,OAK CREEK AND SYCAMORE CANYONS (ZONE), ,02/23/2022,700,Heavy Snow, , ,0,0,0,0,AZ,MST-7, ,167048,Z,38,FGZ,0,0,Trained Spotter, , , , , , , , ,02/23/2022,1700, , , , ,"Around 4 inches of snow fell across the Sedona area and 6 inches at Slide Rock State Park.","A large trough of low pressure brought increasing moisture off from off the eastern Pacific marine layer over central Arizona. This brought extensive upslope snow shower activity coverage, especially along and White Mountains. The trough brought very cold air across Arizona (down to -12C at 700 mb) with saturation to at least 500 mb. This made for a very efficient snow process with significant, widespread accumulations.",41
1010850,UPPER SAN PEDRO RIVER VALLEY (ZONE), ,02/23/2022,1100,High Wind,58.00, ,0,0,0,0,AZ,MST-7,MG,167021,Z,507,TWC,0,0,ASOS, , , , , , , , ,02/23/2022,1700, , , , ,"A peak wind gust of 67 mph was measured at the KALK ASOS at 1532MST.","An upper level low pressure system moved across the Great Basin bringing strong southwest winds across Cochise, Greenlee and Santa Cruz counties. The winds reduced visibility to between a quarter and a half mile for 3 hours along I-10 from Willcox eastward. The winds also fanned the flames of a wildfire and destroyed two homes in  Cochise County. Farther west, rain fell across Pima and Pinal counties and was followed by temperatures dropping below freezing the morning of February 24. The Pima County Medical Examiner confirmed that hypothermia was the primary cause of death for one male found in the desert.",42
1010849,UPPER SANTA CRUZ RIVER AND ALTAR VALLEYS (ZONE), ,02/23/2022,1100,High Wind,53.00, ,0,0,0,0,AZ,MST-7,MG,167021,Z,503,TWC,0,0,Mesonet, , , , , , , , ,02/23/2022,1500, , , , ,"A wind gust to 58 mph was measured at the KOLS ASOS at 1114MST and a peak gust to 61 mph at a private weather station near Patagonia at 1401MST.","An upper level low pressure system moved across the Great Basin bringing strong southwest winds across Cochise, Greenlee and Santa Cruz counties. The winds reduced visibility to between a quarter and a half mile for 3 hours along I-10 from Willcox eastward. The winds also fanned the flames of a wildfire and destroyed two homes in  Cochise County. Farther west, rain fell across Pima and Pinal counties and was followed by temperatures dropping below freezing the morning of February 24. The Pima County Medical Examiner confirmed that hypothermia was the primary cause of death for one male found in the desert.",43
1010852,UPPER GILA RIVER AND ARAVAIPA VALLEYS (ZONE), ,02/23/2022,1400,High Wind,57.00, ,0,0,0,0,AZ,MST-7,MG,167021,Z,509,TWC,0,0,RAWS, , , , , , , , ,02/23/2022,1600, , , , ,"A peak wind gust of 66 mph was measured at Guthrie RAWS.","An upper level low pressure system moved across the Great Basin bringing strong southwest winds across Cochise, Greenlee and Santa Cruz counties. The winds reduced visibility to between a quarter and a half mile for 3 hours along I-10 from Willcox eastward. The winds also fanned the flames of a wildfire and destroyed two homes in  Cochise County. Farther west, rain fell across Pima and Pinal counties and was followed by temperatures dropping below freezing the morning of February 24. The Pima County Medical Examiner confirmed that hypothermia was the primary cause of death for one male found in the desert.",44
1010851,EASTERN COCHISE COUNTY BELOW 5000 FEET (ZONE), ,02/23/2022,1400,High Wind,54.00, ,0,0,0,0,AZ,MST-7,MG,167021,Z,508,TWC,0,0,Department of Highways, , , , , , , , ,02/23/2022,1700, , , , ,"Arizona Dept. of Transportation weather stations measured wind gusts of 58 to 62 mph along I-10 between Willcox and the New Mexico state line. Visibilities were reduced to between a quarter and a half mile in blowing dust.","An upper level low pressure system moved across the Great Basin bringing strong southwest winds across Cochise, Greenlee and Santa Cruz counties. The winds reduced visibility to between a quarter and a half mile for 3 hours along I-10 from Willcox eastward. The winds also fanned the flames of a wildfire and destroyed two homes in  Cochise County. Farther west, rain fell across Pima and Pinal counties and was followed by temperatures dropping below freezing the morning of February 24. The Pima County Medical Examiner confirmed that hypothermia was the primary cause of death for one male found in the desert.",45
1010853,EASTERN COCHISE COUNTY BELOW 5000 FEET (ZONE), ,02/23/2022,1530,Wildfire, , ,0,0,150000,0,AZ,MST-7, ,167021,Z,508,TWC,0,0,Law Enforcement, , , , , , , , ,02/23/2022,1745, , , , ,"The human caused Hope Fire was spread across 25 acres of grass and brush by wind gusts over 50 mph. One house and one mobile home were destroyed by the fire in the community of Cochise near the intersection of Apache Way and Quarterhorse Lane.","An upper level low pressure system moved across the Great Basin bringing strong southwest winds across Cochise, Greenlee and Santa Cruz counties. The winds reduced visibility to between a quarter and a half mile for 3 hours along I-10 from Willcox eastward. The winds also fanned the flames of a wildfire and destroyed two homes in  Cochise County. Farther west, rain fell across Pima and Pinal counties and was followed by temperatures dropping below freezing the morning of February 24. The Pima County Medical Examiner confirmed that hypothermia was the primary cause of death for one male found in the desert.",46
1010856,TUCSON METRO AREA (ZONE), ,02/24/2022,200,Cold/Wind Chill, , ,1,0,0,0,AZ,MST-7, ,167021,Z,504,TWC,0,0,County Official, , , , , , , , ,02/24/2022,800, , , , ,"Temperatures in the upper 20 to lower 30s were observed during the early morning hours of February 24, and were preceded by a quarter inch of rain that fell on the 23rd. The Pima County Medical Examiner confirmed that hypothermia was the primary cause of death for one adult male in the desert in the Ironwood National Forest northwest of Tucson.","An upper level low pressure system moved across the Great Basin bringing strong southwest winds across Cochise, Greenlee and Santa Cruz counties. The winds reduced visibility to between a quarter and a half mile for 3 hours along I-10 from Willcox eastward. The winds also fanned the flames of a wildfire and destroyed two homes in  Cochise County. Farther west, rain fell across Pima and Pinal counties and was followed by temperatures dropping below freezing the morning of February 24. The Pima County Medical Examiner confirmed that hypothermia was the primary cause of death for one male found in the desert.",47
1015949,EASTERN COCHISE COUNTY BELOW 5000 FEET (ZONE), ,03/04/2022,1100,High Wind,50.00, ,0,0,0,0,AZ,MST-7,MG,167653,Z,508,TWC,0,0,Department of Highways, , , , , , , , ,03/04/2022,1200, , , , ,"A DOT sensor along I-10 near San Simon measured sustained winds at 41 mph at 1133MST and a gust to 58 mph at 1143MST. Visibilities in blowing dust were reduced to between a quarter and a half mile causing I-10 to be closed east of Willcox to the New Mexico line for several hours.","An upper level low pressure system moved across northern Arizona bringing strong southwest winds to southeast Arizona. The winds reduced visibility to between a quarter and a half mile along I-10 from Willcox eastward.",48
1015950,UPPER GILA RIVER AND ARAVAIPA VALLEYS (ZONE), ,03/04/2022,1330,High Wind,61.00, ,0,0,0,0,AZ,MST-7,MG,167653,Z,509,TWC,0,0,RAWS, , , , , , , , ,03/04/2022,1430, , , , ,"Guthrie RAWS at elevation 6340ft measured a peak gust of 70 mph at 1400MST.","An upper level low pressure system moved across northern Arizona bringing strong southwest winds to southeast Arizona. The winds reduced visibility to between a quarter and a half mile along I-10 from Willcox eastward.",49
1015947,TUCSON METRO AREA (ZONE), ,03/04/2022,1400,Strong Wind,43.00, ,0,0,500,0,AZ,MST-7,EG,167653,Z,504,TWC,0,0,Broadcast Media, , , , , , , , ,03/04/2022,1500, , , , ,"Strong winds blew down a 20-year old Acacia tree in Oro Valley.","An upper level low pressure system moved across northern Arizona bringing strong southwest winds to southeast Arizona. The winds reduced visibility to between a quarter and a half mile along I-10 from Willcox eastward.",50
1015948,UPPER SAN PEDRO RIVER VALLEY (ZONE), ,03/04/2022,1500,High Wind,52.00, ,0,0,0,0,AZ,MST-7,MG,167653,Z,507,TWC,0,0,ASOS, , , , , , , , ,03/04/2022,1600, , , , ,"KALK Pioneer Field measured a wind gust of 60 mph at 1529MST.","An upper level low pressure system moved across northern Arizona bringing strong southwest winds to southeast Arizona. The winds reduced visibility to between a quarter and a half mile along I-10 from Willcox eastward.",51
1014378,CHINLE VALLEY (ZONE), ,03/10/2022,0,Heavy Snow, , ,0,0,0,0,AZ,MST-7, ,167603,Z,10,FGZ,0,0,Social Media, , , , , , , , ,03/11/2022,500, , , , ,"Heavy snow fell across the Chinle Valley with Teec Nos Pos reporting 9.0 inches and 8 miles east of Kayenta reporting 8.0 inches.","A trough over Utah moved southward through northern Arizona and then into New|Mexico. A strong cold front along the Utah/Arizona state line produced a significant band of snow with heavy snow falling over much of the Kaibab Plateau and over the Black Mesa north of Hwy 160. This band then slowly shifted southward through the morning of March 10 then accelerated during the afternoon and evening. The main period of snow reached the I-40 corridor including Flagstaff by mid afternoon and continued into the evening, with travel impacted all the way to the New Mexico border. The winds became northerly behind the cold front with enhanced upslope snow along the north side of the Mogollon Rim and White Mountains through the evening and continuing into the early morning hours March 11.",52
1014379,LITTLE COLORADO RIVER VALLEY IN NAVAJO COUNTY (ZONE), ,03/10/2022,1700,Heavy Snow, , ,0,0,0,0,AZ,MST-7, ,167603,Z,13,FGZ,0,0,Public, , , , , , , , ,03/10/2022,2200, , , , ,"Four inches of snow fell in the Winslow and Jack Rabbit area below an elevation of 5000 feet.","A trough over Utah moved southward through northern Arizona and then into New|Mexico. A strong cold front along the Utah/Arizona state line produced a significant band of snow with heavy snow falling over much of the Kaibab Plateau and over the Black Mesa north of Hwy 160. This band then slowly shifted southward through the morning of March 10 then accelerated during the afternoon and evening. The main period of snow reached the I-40 corridor including Flagstaff by mid afternoon and continued into the evening, with travel impacted all the way to the New Mexico border. The winds became northerly behind the cold front with enhanced upslope snow along the north side of the Mogollon Rim and White Mountains through the evening and continuing into the early morning hours March 11.",53
1015951,UPPER SANTA CRUZ RIVER AND ALTAR VALLEYS (ZONE), ,03/19/2022,1623,Wildfire, , ,0,0,0,0,AZ,MST-7, ,167862,Z,503,TWC,0,0,Park/Forest Service, , , , , , , , ,03/23/2022,1700, , , , ,"The human caused Border Fire started on March 19 south of Arivaca near the International Border in Santa Cruz County. The wildfire was driven by wind gusts to 40 mph at times and over 1500 acres were burned in the first 24 hours. The fire was contained March 23 after it consumed a total of 1780 acres and was completely extinguished March 31. Fire suppression costs tallied $140,000.","The human caused Border Fire started on March 19 south of Arivaca near the International Border in Santa Cruz County. The wildfire was driven by wind gusts to 40 mph at times and over 1500 acres were burned in the first 24 hours. The fire was contained March 23 after it consumed a total of 1780 acres and was completely extinguished March 31. Fire suppression costs tallied $140,000.",54
1015019,MARICOPA CO.,SCOTTSDALE MUNI,03/20/2022,1420,Lightning, , ,0,0,5000,0,AZ,MST-7, ,167711,C,13,PSR,0,0,Fire Department/Rescue, , , ,5,SE,5,SE,SCOTTSDALE MUNI,03/20/2022,1420,33.5702,-111.8597,33.5702,-111.8597,"According to the Scottsdale Fire Department, lightning struck a palm tree very close to a home near 102nd Street and Mountain View Road in Scottsdale, which ended up sustaining significant damage to its electrical system. No injuries were reported. Timing estimated from radar.","An elongated trough moving through the western CONUS produced scattered showers and isolated thunderstorms across the region during the afternoon of the 20th. According to the Scottsdale Fire Department, lightning struck a palm tree and also resulted in significant damage to the electrical system of a home. No injuries were reported.",55
1015952,UPPER SANTA CRUZ RIVER AND ALTAR VALLEYS (ZONE), ,03/26/2022,1210,Wildfire, , ,0,0,0,0,AZ,MST-7, ,167863,Z,503,TWC,0,0,Park/Forest Service, , , , , , , , ,03/31/2022,1700, , , , ,"The human caused Presumido Peak Fire started March 26 twenty miles northwest of Sasabe in the Baboquivari Mountains in southern Pima County. The wildfire burned over 1000 acres in the first 24 hours and was driven by wind gusts near 40 mph at times. It consumed a total of 2591 acres before rain on March 29 helped forward progress to be stopped by March 31. The fire was completed extinguished by April 3. Fire suppression costs tallied over $800,000.","The human caused Presumido Peak Fire started March 26 twenty miles northwest of Sasabe in the Baboquivari Mountains in southern Pima County. The wildfire burned over 1000 acres in the first 24 hours and was driven by wind gusts near 40 mph at times. It consumed a total of 2591 acres before rain on March 29 helped forward progress to be stopped by March 31. The fire was completed extinguished by April 3. Fire suppression costs tallied over $800,000.",56
1015953,BABOQUIVARI MOUNTAINS (ZONE), ,03/26/2022,1210,Wildfire, , ,0,0,0,0,AZ,MST-7, ,167863,Z,515,TWC,0,0,Park/Forest Service, , , , , , , , ,03/31/2022,1700, , , , ,"The human caused Presumido Peak Fire started March 26 twenty miles northwest of Sasabe in the Baboquivari Mountains in southern Pima County. The wildfire burned over 1000 acres in the first 24 hours and was driven by wind gusts near 40 mph at times. It consumed a total of 2591 acres before rain on March 29 helped forward progress to be stopped by March 31. The fire was completed extinguished by April 3. Fire suppression costs tallied over $800,000.","The human caused Presumido Peak Fire started March 26 twenty miles northwest of Sasabe in the Baboquivari Mountains in southern Pima County. The wildfire burned over 1000 acres in the first 24 hours and was driven by wind gusts near 40 mph at times. It consumed a total of 2591 acres before rain on March 29 helped forward progress to be stopped by March 31. The fire was completed extinguished by April 3. Fire suppression costs tallied over $800,000.",57
1016848,TUCSON METRO AREA (ZONE), ,03/26/2022,1300,Heat, , ,1,0,0,0,AZ,MST-7, ,168006,Z,504,TWC,0,0,County Official, , , , , , , , ,03/26/2022,1700, , , , ,"Hot temperatures 10 to 15 degrees above normal, near 90 degrees, were experienced in southeast Pima County on March 26 causing the Moderate Heat Risk category to be approached. The Pima County Medical Examiner confirmed that heat was the primary cause of death for one male found in the desert seven miles southeast of Green Valley.","Hot temperatures from the mid 80s to mid 90s were experienced in the lower elevations of southeast Arizona on March 26. The Pima County Medical Examiner confirmed that heat was the primary cause of death for two males found in the desert, one southeast of Green Valley in Pima County and another west of Douglas in Cochise County.",58
1017837,EASTERN COCHISE COUNTY BELOW 5000 FEET (ZONE), ,03/26/2022,1300,Heat, , ,1,0,0,0,AZ,MST-7, ,168006,Z,508,TWC,0,0,County Official, , , , , , , , ,03/26/2022,1700, , , , ,"Hot temperatures 10 to 15 degrees above normal, in the upper 80s, were experienced in southern Cochise County on March 26 causing the Moderate Heat Risk category to be approached. The Pima County Medical Examiner confirmed that heat was the primary cause of death for one male found in the desert 15 miles west of Douglas.","Hot temperatures from the mid 80s to mid 90s were experienced in the lower elevations of southeast Arizona on March 26. The Pima County Medical Examiner confirmed that heat was the primary cause of death for two males found in the desert, one southeast of Green Valley in Pima County and another west of Douglas in Cochise County.",59
1012581,NORTHWEST DESERTS (ZONE), ,03/28/2022,1111,High Wind,51.00, ,0,0,0,0,AZ,MST-7,MG,167289,Z,3,VEF,0,0,ASOS, , , , , , , , ,03/28/2022,1117, , , , ,"These winds occurred at the Kingman Airport (KIGM).","A strong low pressure system brought locally high winds to the Mojave Desert.",60
1012583,NORTHWEST DESERTS (ZONE), ,03/28/2022,1115,Dust Storm, , ,0,0,0,0,AZ,MST-7, ,167289,Z,3,VEF,0,0,Public, , , , , , , , ,03/28/2022,1600, , , , ,"Dust storm conditions reduced visibility to near zero along Pierce Ferry Road north of Dolan Springs and at the Hualapai Valley Observatory.","A strong low pressure system brought locally high winds to the Mojave Desert.",61
1009361,EAST VALLEY (ZONE), ,03/28/2022,1551,Strong Wind,30.00, ,0,0,500,0,AZ,MST-7,EG,166823,Z,548,PSR,0,0,Social Media, , , , , , , , ,03/28/2022,1551, , , , ,"Strong winds produced by virga showers resulted in some damage to an awning in East Mesa in the intersection between East Broadway Road and South Ellsworth Road.","A strong pacific trough moved across the southwestern CONUS. This resulted in an increase in moisture in the middle and upper-levels and thus showers to break out at cloud bases greater than 10,000 feet. However, given that the air at low levels was very dry with dewpoint depressions greater than 50 degrees F, the showers that fell below the cloud base quickly evaporated as it was approaching the surface, resulting in strong winds and blowing dust.",62
1009356,EAST VALLEY (ZONE), ,03/28/2022,1600,High Wind,51.00, ,0,0,0,0,AZ,MST-7,MG,166823,Z,548,PSR,0,0,AWOS, , , , , , , , ,03/28/2022,1600, , , , ,"AWOS station KFFZ Mesa Falcon Field measured a 59 mph wind gust.","A strong pacific trough moved across the southwestern CONUS. This resulted in an increase in moisture in the middle and upper-levels and thus showers to break out at cloud bases greater than 10,000 feet. However, given that the air at low levels was very dry with dewpoint depressions greater than 50 degrees F, the showers that fell below the cloud base quickly evaporated as it was approaching the surface, resulting in strong winds and blowing dust.",63
1009363,APACHE JUNCTION/GOLD CANYON (ZONE), ,03/28/2022,1630,High Wind,48.00, ,0,0,3000,0,AZ,MST-7,EG,166823,Z,555,PSR,0,0,Trained Spotter, , , , , , , , ,03/28/2022,1630, , , , ,"A car port of one home was blown off and landed in the front yard of another home a couple doors down. The house in between appeared undamaged. Wind speeds estimated around 50-60 mph based on radar and area observations. No injuries reported. The incident occurred at 2208 W Baseline Road in Apache Junction.","A strong pacific trough moved across the southwestern CONUS. This resulted in an increase in moisture in the middle and upper-levels and thus showers to break out at cloud bases greater than 10,000 feet. However, given that the air at low levels was very dry with dewpoint depressions greater than 50 degrees F, the showers that fell below the cloud base quickly evaporated as it was approaching the surface, resulting in strong winds and blowing dust.",64
1017832,LITTLE COLORADO RIVER VALLEY IN APACHE COUNTY (ZONE), ,04/05/2022,1531,High Wind,50.00, ,0,0,0,0,AZ,MST-7,MG,168145,Z,14,FGZ,0,0,ASOS, , , , , , , , ,04/05/2022,1531, , , , ,"The St Johns Airport reported a peak wind gust of 58 MPH at 331 PM MST.","A deep area of low pressure ejecting from the northern Rockies into the northern |Plains caused a significant increase in northwest winds aloft over Arizona. The strongest winds were from the Mogollon Rim northeastward.",65
1014170,NORTHWEST DESERTS (ZONE), ,04/06/2022,853,High Wind,51.00, ,0,0,0,0,AZ,MST-7,MG,167561,Z,3,VEF,0,0,ASOS, , , , , , , , ,04/06/2022,853, , , , ,"This gust occurred at the Kingman Airport (KIGM).","Strong northerly winds behind a cold front affected northwest Arizona, and isolated high winds occurred.",66
1017833,WHITE MOUNTAINS (ZONE), ,04/11/2022,1343,High Wind,50.00, ,0,0,0,0,AZ,MST-7,MG,168146,Z,17,FGZ,0,0,AWOS, , , , , , , , ,04/11/2022,1343, , , , ,"The anemometer on top of Greens Peak measured a peak wind gust of 58 MPH at 143 PM MST.","A potent low pressure system and associated cold front moving across The Western States brought high winds to parts of northern Arizona.",67
1025181,LAKE MEAD NATIONAL RECREATION AREA (ZONE), ,04/11/2022,1626,Strong Wind,39.00, ,0,0,1000,0,AZ,MST-7,EG,167562,Z,36,VEF,0,0,Public, , , , , , , , ,04/11/2022,1626, , , , ,"Strong winds in Mohave Valley collapsed a backyard pergola.","Strong low pressure digging down from the Pacific Northwest brought widespread high winds to the Mojave Desert.",68
1025182,NORTHWEST DESERTS (ZONE), ,04/11/2022,1909,Strong Wind,40.00, ,0,0,10000,0,AZ,MST-7,MG,167562,Z,3,VEF,0,0,Public, , , , , , , , ,04/11/2022,1919, , , , ,"Several homes in Dolan Springs lost shingles due to strong winds.","Strong low pressure digging down from the Pacific Northwest brought widespread high winds to the Mojave Desert.",69
1018004,LITTLE COLORADO RIVER VALLEY IN COCONINO COUNTY (ZONE), ,04/12/2022,0,High Wind,64.00, ,0,0,0,0,AZ,MST-7,MG,168146,Z,12,FGZ,0,0,Mesonet, , , , , , , , ,04/12/2022,500, , , , ,"The wind sensor at Two Guns along Interstate 40 measured sustained winds of 40 MPH or higher and/or wind gusts above 58 MPH between Midnight ant 500 AM. The peak wind gust of 74 MPH was at 343 AM MST.","A potent low pressure system and associated cold front moving across The Western States brought high winds to parts of northern Arizona.",70
1018034,WESTERN MOGOLLON RIM (ZONE), ,04/12/2022,250,High Wind,56.00, ,0,0,0,0,AZ,MST-7,MG,168146,Z,15,FGZ,0,0,Mesonet, , , , , , , , ,04/12/2022,415, , , , ,"A wind sensor at 9379 feet elevation on Agassiz Peak measured a peak wind gust of 64 MPH at 400 AM.  Other wind gusts 58 MPH or higher were recoded between 250 AM and 415 AM.","A potent low pressure system and associated cold front moving across The Western States brought high winds to parts of northern Arizona.",71
1018014,EASTERN MOGOLLON RIM (ZONE), ,04/12/2022,530,High Wind,52.00, ,0,0,0,0,AZ,MST-7,MG,168146,Z,16,FGZ,0,0,Mesonet, , , , , , , , ,04/12/2022,830, , , , ,"The wind sensor at the intersection of Highways 277 and 377 measured wind gusts of 58 MPH or higher between 530 AM and 830 AM. The peak wind gust of 60 MPH was at 543 AM.","A potent low pressure system and associated cold front moving across The Western States brought high winds to parts of northern Arizona.",72
1018318,WESTERN MOGOLLON RIM (ZONE), ,04/17/2022,1622,Wildfire, , ,0,0,20000000,0,AZ,MST-7, ,168230,Z,15,FGZ,0,0,Park/Forest Service, , , , , , , , ,04/30/2022,1800, , , , ,"The Tunnel Fire started on April 17 about 14 miles northeast of Flagstaff within the 2010 Schultz Fire scar.  The fire eventually jumped Highway 89 and through Sunset Crater National Monument. The fire also burned at least 30 homes. In all,  the Tunnel Fire burned through 19,088 acres. The Tunnel Fire was marked fully contained Wednesday, June 1.","The Tunnel Fire started Sunday on April 17 around 4:22 PM about 14 miles northeast of Flagstaff within the Schultz Fire scar (2010).  The fire burned through 19,088 acres of timber with understory (abundant brush or small trees) and cured grass.",73
1018315,YAVAPAI COUNTY MOUNTAINS (ZONE), ,04/18/2022,1000,Wildfire, , ,0,0,0,0,AZ,MST-7, ,168228,Z,8,FGZ,0,0,Park/Forest Service, , , , , , , , ,04/30/2022,1800, , , , ,"The Crooks Fire started in the mountains about 11 miles south of Prescott on April 18th. The fire grew to around 9,400 acres and burned well into June. The fire was reached 96% containment by May 25th and access restrictions for the area were lifted. The fire was 100% contained by June 27.","The Crooks Fire started on April 18 about 11 miles south of Prescott.  The fire burned through around 9,400 acres in timber, chaparral, and brush.",74
1025201,TOHONO O ODHAM NATION (ZONE), ,04/18/2022,1200,Heat, , ,1,0,0,0,AZ,MST-7, ,169206,Z,502,TWC,0,0,County Official, , , , , , , , ,04/18/2022,1700, , , , ,"Hot temperatures 15 degrees above normal, in the mid to upper 90s, were experienced on the Tohono O'odham Nation on April 18 causing the Moderate Heat Risk category to be reached. The Pima County Medical Examiner confirmed that heat was the primary cause of death for one individual found in the desert fifteen miles southwest of Topawa.","Hot temperatures in the mid to upper 90s were experienced in the lower elevations of southeast Arizona on April 18. The Pima County Medical Examiner confirmed that heat was the primary cause of death for three individuals found in the desert, one southwest of Topawa on the Tohono O'odham Nation, one southeast of Arivaca in Pima County and a third northeast of Douglas in Cochise County.",75
1025202,UPPER SANTA CRUZ RIVER AND ALTAR VALLEYS (ZONE), ,04/18/2022,1200,Heat, , ,1,0,0,0,AZ,MST-7, ,169206,Z,503,TWC,0,0,County Official, , , , , , , , ,04/18/2022,1700, , , , ,"Hot temperatures 15 degrees above normal, in the mid to upper 90s, were experienced in Pima County on April 18 causing the Moderate Heat Risk category to be reached. The Pima County Medical Examiner confirmed that heat was the primary cause of death for one individual found in the desert two miles southeast of Arivaca.","Hot temperatures in the mid to upper 90s were experienced in the lower elevations of southeast Arizona on April 18. The Pima County Medical Examiner confirmed that heat was the primary cause of death for three individuals found in the desert, one southwest of Topawa on the Tohono O'odham Nation, one southeast of Arivaca in Pima County and a third northeast of Douglas in Cochise County.",76
1025203,EASTERN COCHISE COUNTY BELOW 5000 FEET (ZONE), ,04/18/2022,1200,Heat, , ,1,0,0,0,AZ,MST-7, ,169206,Z,508,TWC,0,0,County Official, , , , , , , , ,04/18/2022,1700, , , , ,"Hot temperatures 15 degrees above normal, in the mid to upper 90s, were experienced in Cochise County on April 18 causing the Moderate Heat Risk category to be reached. The Pima County Medical Examiner confirmed that heat was the primary cause of death for one individual found in the desert fifteen miles northeast of Douglas.","Hot temperatures in the mid to upper 90s were experienced in the lower elevations of southeast Arizona on April 18. The Pima County Medical Examiner confirmed that heat was the primary cause of death for three individuals found in the desert, one southwest of Topawa on the Tohono O'odham Nation, one southeast of Arivaca in Pima County and a third northeast of Douglas in Cochise County.",77
1018039,LITTLE COLORADO RIVER VALLEY IN NAVAJO COUNTY (ZONE), ,04/19/2022,1335,High Wind,54.00, ,0,0,0,0,AZ,MST-7,EG,168172,Z,13,FGZ,0,0,ASOS, , , , , , , , ,04/19/2022,1335, , , , ,"The Winslow Airport reported a peak wind gust of 62 MPH at 135 PM.","An approaching low pressure system brought very dry and windy conditions across northern Arizona.  A passing shortwave trough kept gusty winds going through the evening hours.",78
1025018,EASTERN COCHISE COUNTY BELOW 5000 FEET (ZONE), ,04/20/2022,1225,Wildfire, , ,0,0,25000,0,AZ,MST-7, ,168890,Z,508,TWC,0,0,State Official, , , , , , , , ,04/22/2022,1700, , , , ,"The human caused Camino Fire started on April 20 near Sunizona in Cochise County as the result of a vehicle dragging tow chains along a roadway. The wildfire was driven by wind gusts to 45 mph at times and 750 acres were quickly burned before forward progression was stopped. The fire caused evacuations of around 40 residences, the closure of State Route 181, damage to utility infrastructure and the destruction of one structure. Fire suppression costs tallied $600,000.","The human caused Camino Fire started on April 20 near Sunizona in Cochise County as the result of a vehicle dragging tow chains along a roadway. The wildfire was driven by wind gusts to 45 mph at times and 750 acres were quickly burned before forward progression was stopped. The fire caused evacuations of around 40 residences, the closure of State Route 181, damage to utility infrastructure and the destruction of one structure. Fire suppression costs tallied $600,000.",79
1018076,LITTLE COLORADO RIVER VALLEY IN APACHE COUNTY (ZONE), ,04/22/2022,400,High Wind,63.00, ,0,0,0,0,AZ,MST-7,MG,168178,Z,14,FGZ,0,0,ASOS, , , , , , , , ,04/22/2022,1720, , , , ,"The Springerville Airport reported 40 MPH sustained winds and/or wind gusts 58 MPH or higher from around 400 AM to 520 PM MST.  The peak wind gust at Springerville was 73 MPH at 335 PM. The Petrified Forest National Park measured a peak wind gust of 69 MPH at 113 PM MST.  A large tree was blown over on Main Street in Springerville at 400 PM.  A large gooseneck travel trailer was blown over, onto its side and off the road near Springerville at 230 PM. The St Johns Airport had a peak wind gust of 66 MPH at 227 PM. The peak wind gust at Lupton (on Interstate 40) was 62 MPH at 453 PM.","A strong upper trough with an associated surface front crossing the region brought strong, gusty southwest winds.  An upper jet also moved across the region which only served to bring stronger winds as well.  Southwest winds 20 to 30 mph with gusts to 40 to 50 MPH were common.",80
1018082,WHITE MOUNTAINS (ZONE), ,04/22/2022,750,High Wind,56.00, ,0,0,0,0,AZ,MST-7,MG,168178,Z,17,FGZ,0,0,AWOS, , , , , , , , ,04/22/2022,1545, , , , ,"The Show Low Airport measured sustained winds of 40 MPH or higher and wind gusts 58 MPH or higher from 750 AM to 340 PM. The peak wind gusts was 64 MPH at 235 PM MST. The strongest wind gust at Greens Peak was 61 MPH at 907 AM.","A strong upper trough with an associated surface front crossing the region brought strong, gusty southwest winds.  An upper jet also moved across the region which only served to bring stronger winds as well.  Southwest winds 20 to 30 mph with gusts to 40 to 50 MPH were common.",81
1018078,LITTLE COLORADO RIVER VALLEY IN NAVAJO COUNTY (ZONE), ,04/22/2022,850,High Wind,56.00, ,0,0,0,0,AZ,MST-7,MG,168178,Z,13,FGZ,0,0,Mesonet, , , , , , , , ,04/22/2022,1445, , , , ,"The wind sensor along Highway 77 at 14 Mile Hill (6 SW Woodruff) reported a peak wind gust of 65 MPH at 1120 AM. The winds were either sustained at 40 MPH or higher with gusts to 58 MPH from before 900 AM to after 200 PM MST. The Taylor Airport had wind gusts of 58 MPH or higher from 850 AM to 100 PM. The Winslow Airport had a peak wind gust of 62 MPH at 135 PM.","A strong upper trough with an associated surface front crossing the region brought strong, gusty southwest winds.  An upper jet also moved across the region which only served to bring stronger winds as well.  Southwest winds 20 to 30 mph with gusts to 40 to 50 MPH were common.",82
1018087,CHUSKA MOUNTAINS AND DEFIANCE PLATEAU (ZONE), ,04/22/2022,1115,High Wind,53.00, ,0,0,0,0,AZ,MST-7,EG,168178,Z,11,FGZ,0,0,ASOS, , , , , , , , ,04/22/2022,1400, , , , ,"The Window Rock Airport reported a peak wind gust of 61 MPH at 1158 AM MST.  The sustained wind was 40 MPH or higher between 1115 AM and 200 PM.","A strong upper trough with an associated surface front crossing the region brought strong, gusty southwest winds.  An upper jet also moved across the region which only served to bring stronger winds as well.  Southwest winds 20 to 30 mph with gusts to 40 to 50 MPH were common.",83
1018083,EASTERN MOGOLLON RIM (ZONE), ,04/22/2022,1124,High Wind,51.00, ,0,0,0,0,AZ,MST-7,MG,168178,Z,16,FGZ,0,0,Mesonet, , , , , , , , ,04/22/2022,1530, , , , ,"An ADOT wind sensor at junction of Highway 277 and 377 reported a peak wind gust of 59 MPH at 253 PM. The RAWS station at Limestone Canyon reported a peak wind gust of 59 MPH at 324 PM.","A strong upper trough with an associated surface front crossing the region brought strong, gusty southwest winds.  An upper jet also moved across the region which only served to bring stronger winds as well.  Southwest winds 20 to 30 mph with gusts to 40 to 50 MPH were common.",84
1024967,UPPER GILA RIVER AND ARAVAIPA VALLEYS (ZONE), ,04/22/2022,1230,High Wind,60.00, ,0,0,0,0,AZ,MST-7,MG,168148,Z,509,TWC,0,0,RAWS, , , , , , , , ,04/22/2022,1530, , , , ,"Guthrie RAWS, at 6340ft, measured a peak wind gust of 69 mph at 1303MST.","A upper level trough moved across the Great Basin which resulted in high winds out of the southwest in southeast Arizona near the New Mexico line. While no wind damage was reported, blowing dust did reduce visibility to less than a half mile along Interstate 10.",85
1024964,EASTERN COCHISE COUNTY BELOW 5000 FEET (ZONE), ,04/22/2022,1230,High Wind,54.00, ,0,0,0,0,AZ,MST-7,MG,168148,Z,508,TWC,0,0,Department of Highways, , , , , , , , ,04/22/2022,1530, , , , ,"ADOT road weather sensor at San Simon measured a peak wind gust of 62 mph at 1303MST and a sustained wind speed of 42 mph at 1503MST. Visibility was reduced to between one quarter and one half mile in blowing dust at times.","A upper level trough moved across the Great Basin which resulted in high winds out of the southwest in southeast Arizona near the New Mexico line. While no wind damage was reported, blowing dust did reduce visibility to less than a half mile along Interstate 10.",86
1024970,CHIRICAHUA MOUNTAINS (ZONE), ,04/22/2022,1230,High Wind,58.00, ,0,0,0,0,AZ,MST-7,MG,168148,Z,512,TWC,0,0,Mesonet, , , , , , , , ,04/22/2022,1530, , , , ,"A Desert Research Institute weather station, at 6850ft in the Chiricahua Mountains, measured a peak wind gust of 67 mph at 1450MST.","A upper level trough moved across the Great Basin which resulted in high winds out of the southwest in southeast Arizona near the New Mexico line. While no wind damage was reported, blowing dust did reduce visibility to less than a half mile along Interstate 10.",87
1018079,LITTLE COLORADO RIVER VALLEY IN COCONINO COUNTY (ZONE), ,04/22/2022,1500,High Wind,51.00, ,0,0,0,0,AZ,MST-7,MG,168178,Z,12,FGZ,0,0,Public, , , , , , , , ,04/22/2022,1700, , , , ,"A travel trailer being towed by a Tundra was flipped on its side about 12 miles north of Leupp at around 455 PM MST. The peak wind gust at Two Guns was 59 MPH at 323 PM.","A strong upper trough with an associated surface front crossing the region brought strong, gusty southwest winds.  An upper jet also moved across the region which only served to bring stronger winds as well.  Southwest winds 20 to 30 mph with gusts to 40 to 50 MPH were common.",88
1040462,YAVAPAI COUNTY MOUNTAINS (ZONE), ,05/01/2022,0,Wildfire, , ,0,0,0,0,AZ,MST-7, ,171400,Z,8,FGZ,0,0,Park/Forest Service, , , , , , , , ,05/31/2022,2359, , , , ,"The Crooks Fire started in the mountains about 11 miles south of Prescott on April 18th. The fire grew to around 9,400 acres and burned well into June. The fire was reached 96% containment by May 25th and access restrictions for the area were lifted. The fire was 100% contained by June 27.","The Crooks Fire started on April 18 and burned a total of 9,402 acers by the end of June.",89
1040464,WESTERN MOGOLLON RIM (ZONE), ,05/01/2022,0,Wildfire, , ,0,0,0,0,AZ,MST-7, ,171402,Z,15,FGZ,0,0,Park/Forest Service, , , , , , , , ,05/31/2022,2359, , , , ,"The Tunnel Fire started on April 17 about 14 miles northeast of Flagstaff within the 2010 Schultz Fire scar. The fire eventually jumped Highway 89 and through Sunset Crater National Monument. The fire also burned at least 30 homes. In all, the Tunnel Fire burned through 19,088 acres. The Tunnel Fire was marked fully contained Wednesday, June 1.","The Tunnel Fire started Sunday on April 17 around 4:22 PM about 14 miles northeast of Flagstaff within the Schultz Fire scar (2010). The fire burned through 19,088 acres of timber with understory (abundant brush or small trees) and cured grass. The fire was considered contained on June 1.",90
1018174,LITTLE COLORADO RIVER VALLEY IN COCONINO COUNTY (ZONE), ,05/01/2022,1145,Avalanche, , ,0,0,0,0,AZ,MST-7, ,168203,Z,12,FGZ,0,0,Mesonet, , , , , , , , ,05/01/2022,1215, , , , ,"The wind sensor along Interstate 40 at Two Guns reported high wind gusts between 1145 AM and 1215 PM. The peak wind gust was 60 MPH at 1153 AM.","A trough diving through the Great Basin and into Colorado brought very windy and dry conditions northern Arizona. The windiest areas were just north of the Mogollon Rim.",91
1018186,LITTLE COLORADO RIVER VALLEY IN APACHE COUNTY (ZONE), ,05/01/2022,1300,High Wind,53.00, ,0,0,0,0,AZ,MST-7,MG,168203,Z,14,FGZ,0,0,Mesonet, , , , , , , , ,05/01/2022,1400, , , , ,"The peak wind gust at Petrified Forest National Monument was 61 MPH at 143 PM.","A trough diving through the Great Basin and into Colorado brought very windy and dry conditions northern Arizona. The windiest areas were just north of the Mogollon Rim.",92
1018187,BLACK MESA AREA (ZONE), ,05/01/2022,1300,Avalanche, , ,0,0,0,0,AZ,MST-7, ,168203,Z,39,FGZ,0,0,ASOS, , , , , , , , ,05/01/2022,1320, , , , ,"The Window Rock Airport reported a peak wind gust of 62 MPH at 109 PM MST.","A trough diving through the Great Basin and into Colorado brought very windy and dry conditions northern Arizona. The windiest areas were just north of the Mogollon Rim.",93
1018188,WESTERN MOGOLLON RIM (ZONE), ,05/01/2022,1529,High Wind,53.00, ,0,0,0,0,AZ,MST-7,MG,168203,Z,15,FGZ,0,0,ASOS, , , , , , , , ,05/01/2022,1529, , , , ,"The peak wind gust at the Flagstaff Airport was 61 MPH at 329 PM MST.","A trough diving through the Great Basin and into Colorado brought very windy and dry conditions northern Arizona. The windiest areas were just north of the Mogollon Rim.",94
1032011,UPPER SANTA CRUZ RIVER AND ALTAR VALLEYS (ZONE), ,05/07/2022,1853,Wildfire, , ,0,0,0,0,AZ,MST-7, ,170215,Z,503,TWC,0,0,Park/Forest Service, , , , , , , , ,05/15/2022,700, , , , ,"The human caused San Rafael Fire started on May 7 near the International Border in Santa Cruz County. The wildfire was driven by wind gusts to 45 mph at times and spread quickly in fine fuels along the Santa Cruz River north to the Canelo Hills, encompassing more than 10,000 acres by May 9. The fire caused evacuations of around 80 residences south of State Route 83, but no structures were damaged. The fire consumed 11,620 acres before becoming fully contained on May 15. Fire suppression costs tallied $2.5 million.","The human caused San Rafael Fire started on May 7 near the International Border in Santa Cruz County. The wildfire was driven by wind gusts to 45 mph at times and spread quickly in fine fuels along the Santa Cruz River north to the Canelo Hills, encompassing more than 10,000 acres by May 9. The fire caused evacuations of around 80 residences south of State Route 83, but no structures were damaged. The fire consumed 11,620 acres before becoming fully contained on May 15. Fire suppression costs tallied $2.5 million.",95
1032012,DRAGOON/MULE/HUACHUCA AND SANTA RITA MOUNTAINS (ZONE), ,05/08/2022,1200,Wildfire, , ,0,0,0,0,AZ,MST-7, ,170215,Z,513,TWC,0,0,Park/Forest Service, , , , , , , , ,05/15/2022,700, , , , ,"The human caused San Rafael Fire started on May 7 near the International Border in Santa Cruz County. The wildfire was driven by wind gusts to 45 mph at times and spread quickly in fine fuels along the Santa Cruz River north to the Canelo Hills, encompassing more than 10,000 acres by May 9. The fire caused evacuations of around 80 residences south of State Route 83, but no structures were damaged. The fire consumed 11,620 acres before becoming fully contained on May 15. Fire suppression costs tallied $2.5 million.","The human caused San Rafael Fire started on May 7 near the International Border in Santa Cruz County. The wildfire was driven by wind gusts to 45 mph at times and spread quickly in fine fuels along the Santa Cruz River north to the Canelo Hills, encompassing more than 10,000 acres by May 9. The fire caused evacuations of around 80 residences south of State Route 83, but no structures were damaged. The fire consumed 11,620 acres before becoming fully contained on May 15. Fire suppression costs tallied $2.5 million.",96
1018196,EASTERN MOGOLLON RIM (ZONE), ,05/08/2022,1500,High Wind,53.00, ,0,0,0,0,AZ,MST-7,MG,168207,Z,16,FGZ,0,0,Mesonet, , , , , , , , ,05/08/2022,1510, , , , ,"The peak wind gust at Happy Jack was 61 MPH at 306 PM.","A shortwave trough rotating around a large trough of low pressure over the western United States brought windy conditions to northern Arizona. Several areas north of the Mogollon Rim saw high wind gusts.",97
1026369,NORTHWEST DESERTS (ZONE), ,05/08/2022,1514,High Wind,51.00, ,0,0,0,0,AZ,MST-7,MG,169440,Z,3,VEF,0,0,ASOS, , , , , , , , ,05/08/2022,1521, , , , ,"These gusts occurred at the Kingman Airport (KIGM).","A strong low pressure system moving into the West Coast brought isolated high wind to Mohave County.",98
1018190,LITTLE COLORADO RIVER VALLEY IN APACHE COUNTY (ZONE), ,05/08/2022,1520,High Wind,57.00, ,0,0,0,0,AZ,MST-7,MG,168207,Z,14,FGZ,0,0,Mesonet, , , , , , , , ,05/08/2022,2240, , , , ,"The peak wind gust at Lupton was 66 MPH at 333 PM MST. The wind at Springerville Airport gusted to 58 MPH or higher from 630 PM to 1040 PM MST. The peak wind gust was 64 MPH at 755 PM MST.","A shortwave trough rotating around a large trough of low pressure over the western United States brought windy conditions to northern Arizona. Several areas north of the Mogollon Rim saw high wind gusts.",99
1018193,MARBLE CANYON AND GLEN CANYON (ZONE), ,05/08/2022,1545,High Wind,51.00, ,0,0,0,0,AZ,MST-7,MG,168207,Z,5,FGZ,0,0,Mesonet, , , , , , , , ,05/08/2022,1600, , , , ,"The peak wind gust in the Page area was 59 MPH at 348 PM MST.","A shortwave trough rotating around a large trough of low pressure over the western United States brought windy conditions to northern Arizona. Several areas north of the Mogollon Rim saw high wind gusts.",100
1018194,CHUSKA MOUNTAINS AND DEFIANCE PLATEAU (ZONE), ,05/08/2022,1546,High Wind,50.00, ,0,0,0,0,AZ,MST-7,MG,168207,Z,11,FGZ,0,0,ASOS, , , , , , , , ,05/08/2022,1546, , , , ,"The peak wind gust at the Window Rock Airport was 58 MPH at 346 PM MST.","A shortwave trough rotating around a large trough of low pressure over the western United States brought windy conditions to northern Arizona. Several areas north of the Mogollon Rim saw high wind gusts.",101
1018191,LITTLE COLORADO RIVER VALLEY IN NAVAJO COUNTY (ZONE), ,05/08/2022,1550,High Wind,53.00, ,0,0,0,0,AZ,MST-7,MG,168207,Z,13,FGZ,0,0,ASOS, , , , , , , , ,05/08/2022,1700, , , , ,"The peak wind gust at the Taylor Airport was 61 MPH at 355 PM MST. The peak wind gusts  near Woodruff (14 Mile Hill on Highway 377) was 58 MPH at 450 PM MST.","A shortwave trough rotating around a large trough of low pressure over the western United States brought windy conditions to northern Arizona. Several areas north of the Mogollon Rim saw high wind gusts.",102
1018195,WHITE MOUNTAINS (ZONE), ,05/08/2022,1640,High Wind,51.00, ,0,0,0,0,AZ,MST-7,MG,168207,Z,17,FGZ,0,0,Mesonet, , , , , , , , ,05/08/2022,1650, , , , ,"The strongest wind gust at Greens Peak was 59 MPH at 441 PM.","A shortwave trough rotating around a large trough of low pressure over the western United States brought windy conditions to northern Arizona. Several areas north of the Mogollon Rim saw high wind gusts.",103
1018216,LITTLE COLORADO RIVER VALLEY IN COCONINO COUNTY (ZONE), ,05/11/2022,1415,High Wind,51.00, ,0,0,0,0,AZ,MST-7,MG,168209,Z,12,FGZ,0,0,Mesonet, , , , , , , , ,05/11/2022,1415, , , , ,"The peak wind gust recorded in Tuba City was 59 MPH at 215 PM MST.","The large trough of low pressure over the Western States that brought several days of windy to very windy conditions was centered over central California/Lake Tahoe area the morning of  May 11.  This brought one more day of strong dry winds to northern Arizona as it moved southeast and across southern Nevada by the evening.",104
1018217,NORTHEAST PLATEAUS AND MESAS SOUTH OF HIGHWAY 264 (ZONE), ,05/11/2022,1415,High Wind,51.00, ,0,0,0,0,AZ,MST-7,MG,168209,Z,40,FGZ,0,0,Mesonet, , , , , , , , ,05/11/2022,1415, , , , ,"The peak wind gust recorded in Tuba City was 59 MPH at 215 PM MST.","The large trough of low pressure over the Western States that brought several days of windy to very windy conditions was centered over central California/Lake Tahoe area the morning of  May 11.  This brought one more day of strong dry winds to northern Arizona as it moved southeast and across southern Nevada by the evening.",105
1018215,NORTHEAST PLATEAUS AND MESAS FROM HIGHWAY 264 NORTH (ZONE), ,05/11/2022,1515,High Wind,51.00, ,0,0,0,0,AZ,MST-7,MG,168209,Z,9,FGZ,0,0,Mesonet, , , , , , , , ,05/11/2022,1515, , , , ,"The peak wind gust recorded in Tuba City was 59 MPH at 215 PM MST.","The large trough of low pressure over the Western States that brought several days of windy to very windy conditions was centered over central California/Lake Tahoe area the morning of  May 11.  This brought one more day of strong dry winds to northern Arizona as it moved southeast and across southern Nevada by the evening.",106
1018214,KAIBAB PLATEAU (ZONE), ,05/11/2022,1715,High Wind,53.00, ,0,0,0,0,AZ,MST-7,MG,168209,Z,4,FGZ,0,0,RAWS, , , , , , , , ,05/11/2022,1730, , , , ,"The weather station at Four Springs (6560 feet elevation) measured a peak wind gust of 61 MPH at 519 PM MST.","The large trough of low pressure over the Western States that brought several days of windy to very windy conditions was centered over central California/Lake Tahoe area the morning of  May 11.  This brought one more day of strong dry winds to northern Arizona as it moved southeast and across southern Nevada by the evening.",107
1140908,CENTRAL PHOENIX (ZONE), ,05/14/2022,1700,Heat, , ,0,0,0,0,AZ,MST-7, ,185884,Z,543,PSR,0,1,County Official, , , , , , , , ,05/14/2022,1700, , , , ,"One indirect fatality was reported by the Maricopa County Department of Public Health, with their details, such as age, gender, circumstances, and exact location unavailable.","A strong ridge of high pressure over the Desert Southwest allowed high temperatures to climb upwards of 10 degrees above normal during the middle part of May. High temperatures in Phoenix topped out in the 102 to 105 degree range during this time. According to the Maricopa County Department of Public Health, five heat-associated fatalities occurred during this event.",108
1140909,CENTRAL PHOENIX (ZONE), ,05/15/2022,1700,Heat, , ,1,0,0,0,AZ,MST-7, ,185884,Z,543,PSR,0,0,County Official, , , , , , , , ,05/15/2022,1700, , , , ,"One direct fatality was reported by the Maricopa County Department of Public Health, with their details, such as age, gender, circumstances, and exact location unavailable.","A strong ridge of high pressure over the Desert Southwest allowed high temperatures to climb upwards of 10 degrees above normal during the middle part of May. High temperatures in Phoenix topped out in the 102 to 105 degree range during this time. According to the Maricopa County Department of Public Health, five heat-associated fatalities occurred during this event.",109
1140910,EAST VALLEY (ZONE), ,05/16/2022,1700,Heat, , ,1,0,0,0,AZ,MST-7, ,185884,Z,548,PSR,0,0,County Official, , , , , , , , ,05/16/2022,1700, , , , ,"One direct fatality was reported by the Maricopa County Department of Public Health, with their details, such as age, gender, circumstances, and exact location unavailable.","A strong ridge of high pressure over the Desert Southwest allowed high temperatures to climb upwards of 10 degrees above normal during the middle part of May. High temperatures in Phoenix topped out in the 102 to 105 degree range during this time. According to the Maricopa County Department of Public Health, five heat-associated fatalities occurred during this event.",110
1032332,UPPER SANTA CRUZ RIVER AND ALTAR VALLEYS (ZONE), ,05/17/2022,1200,Drought, , ,0,0,0,0,AZ,MST-7, ,167652,Z,503,TWC,0,0,Drought Monitor, , , , , , , , ,05/31/2022,2359, , , , ,"The extreme drought (D3) category was reached by mid May across Santa Cruz and southern Cochise Zones including the Huachuca, Mule, Dragoon and Chiricahua Mountains. Below normal precipitation occurred during the period of October 2021 through May 2022. Sierra Vista registered their 8th driest water year in over 120 years of record keeping with only 2.3 of rainfall through that period. Several human caused wildfires ignited in May and two grew rapidly due to dry fuels, including the Elgin Bridge and San Rafael fires.  Soil moisture readings were below normal, ranking below the 30th percentile.","The extreme drought (D3) category was reached by mid May across Santa Cruz and southern Cochise Zones including the Huachuca, Mule, Dragoon and Chiricahua Mountains. Below normal precipitation occurred during the period of October 2021 through May 2022. Sierra Vista registered their 8th driest water year in over 120 years of record keeping with only 2.3 of rainfall through that period. Several human caused wildfires ignited in May and two grew rapidly due to dry fuels, including the Elgin Bridge and San Rafael fires.  Soil moisture readings were below normal, ranking below the 30th percentile.",111
1032333,UPPER SAN PEDRO RIVER VALLEY (ZONE), ,05/17/2022,1200,Drought, , ,0,0,0,0,AZ,MST-7, ,167652,Z,507,TWC,0,0,Drought Monitor, , , , , , , , ,05/31/2022,2359, , , , ,"The extreme drought (D3) category was reached by mid May across Santa Cruz and southern Cochise Zones including the Huachuca, Mule, Dragoon and Chiricahua Mountains. Below normal precipitation occurred during the period of October 2021 through May 2022. Sierra Vista registered their 8th driest water year in over 120 years of record keeping with only 2.3 of rainfall through that period. Several human caused wildfires ignited in May and two grew rapidly due to dry fuels, including the Elgin Bridge and San Rafael fires.  Soil moisture readings were below normal, ranking below the 30th percentile.","The extreme drought (D3) category was reached by mid May across Santa Cruz and southern Cochise Zones including the Huachuca, Mule, Dragoon and Chiricahua Mountains. Below normal precipitation occurred during the period of October 2021 through May 2022. Sierra Vista registered their 8th driest water year in over 120 years of record keeping with only 2.3 of rainfall through that period. Several human caused wildfires ignited in May and two grew rapidly due to dry fuels, including the Elgin Bridge and San Rafael fires.  Soil moisture readings were below normal, ranking below the 30th percentile.",112
1032335,CHIRICAHUA MOUNTAINS (ZONE), ,05/17/2022,1200,Drought, , ,0,0,0,0,AZ,MST-7, ,167652,Z,512,TWC,0,0,Drought Monitor, , , , , , , , ,05/31/2022,2359, , , , ,"The extreme drought (D3) category was reached by mid May across Santa Cruz and southern Cochise Zones including the Huachuca, Mule, Dragoon and Chiricahua Mountains. Below normal precipitation occurred during the period of October 2021 through May 2022. Sierra Vista registered their 8th driest water year in over 120 years of record keeping with only 2.3 of rainfall through that period. Several human caused wildfires ignited in May and two grew rapidly due to dry fuels, including the Elgin Bridge and San Rafael fires.  Soil moisture readings were below normal, ranking below the 30th percentile.","The extreme drought (D3) category was reached by mid May across Santa Cruz and southern Cochise Zones including the Huachuca, Mule, Dragoon and Chiricahua Mountains. Below normal precipitation occurred during the period of October 2021 through May 2022. Sierra Vista registered their 8th driest water year in over 120 years of record keeping with only 2.3 of rainfall through that period. Several human caused wildfires ignited in May and two grew rapidly due to dry fuels, including the Elgin Bridge and San Rafael fires.  Soil moisture readings were below normal, ranking below the 30th percentile.",113
1032334,EASTERN COCHISE COUNTY BELOW 5000 FEET (ZONE), ,05/17/2022,1200,Drought, , ,0,0,0,0,AZ,MST-7, ,167652,Z,508,TWC,0,0,Drought Monitor, , , , , , , , ,05/31/2022,2359, , , , ,"The extreme drought (D3) category was reached by mid May across Santa Cruz and southern Cochise Zones including the Huachuca, Mule, Dragoon and Chiricahua Mountains. Below normal precipitation occurred during the period of October 2021 through May 2022. Sierra Vista registered their 8th driest water year in over 120 years of record keeping with only 2.3 of rainfall through that period. Several human caused wildfires ignited in May and two grew rapidly due to dry fuels, including the Elgin Bridge and San Rafael fires.  Soil moisture readings were below normal, ranking below the 30th percentile.","The extreme drought (D3) category was reached by mid May across Santa Cruz and southern Cochise Zones including the Huachuca, Mule, Dragoon and Chiricahua Mountains. Below normal precipitation occurred during the period of October 2021 through May 2022. Sierra Vista registered their 8th driest water year in over 120 years of record keeping with only 2.3 of rainfall through that period. Several human caused wildfires ignited in May and two grew rapidly due to dry fuels, including the Elgin Bridge and San Rafael fires.  Soil moisture readings were below normal, ranking below the 30th percentile.",114
1032336,DRAGOON/MULE/HUACHUCA AND SANTA RITA MOUNTAINS (ZONE), ,05/17/2022,1200,Drought, , ,0,0,0,0,AZ,MST-7, ,167652,Z,513,TWC,0,0,Drought Monitor, , , , , , , , ,05/31/2022,2359, , , , ,"The extreme drought (D3) category was reached by mid May across Santa Cruz and southern Cochise Zones including the Huachuca, Mule, Dragoon and Chiricahua Mountains. Below normal precipitation occurred during the period of October 2021 through May 2022. Sierra Vista registered their 8th driest water year in over 120 years of record keeping with only 2.3 of rainfall through that period. Several human caused wildfires ignited in May and two grew rapidly due to dry fuels, including the Elgin Bridge and San Rafael fires.  Soil moisture readings were below normal, ranking below the 30th percentile.","The extreme drought (D3) category was reached by mid May across Santa Cruz and southern Cochise Zones including the Huachuca, Mule, Dragoon and Chiricahua Mountains. Below normal precipitation occurred during the period of October 2021 through May 2022. Sierra Vista registered their 8th driest water year in over 120 years of record keeping with only 2.3 of rainfall through that period. Several human caused wildfires ignited in May and two grew rapidly due to dry fuels, including the Elgin Bridge and San Rafael fires.  Soil moisture readings were below normal, ranking below the 30th percentile.",115
1140911,NORTH PHOENIX/GLENDALE (ZONE), ,05/17/2022,1700,Heat, , ,1,0,0,0,AZ,MST-7, ,185884,Z,544,PSR,0,0,County Official, , , , , , , , ,05/17/2022,1700, , , , ,"One direct fatality was reported by the Maricopa County Department of Public Health, with their details, such as age, gender, circumstances, and exact location unavailable.","A strong ridge of high pressure over the Desert Southwest allowed high temperatures to climb upwards of 10 degrees above normal during the middle part of May. High temperatures in Phoenix topped out in the 102 to 105 degree range during this time. According to the Maricopa County Department of Public Health, five heat-associated fatalities occurred during this event.",116
1131612,UPPER SAN PEDRO RIVER VALLEY (ZONE), ,05/18/2022,1100,Heat, , ,1,0,0,0,AZ,MST-7, ,184825,Z,507,TWC,0,0,County Official, , , , , , , , ,05/18/2022,2000, , , , ,"Hot temperatures around 5 degrees above normal, in the mid to upper 90s, caused the moderate heat risk category to be reached on May 18. The Pima County Medical Examiner confirmed that heat was the primary cause of death for one elderly individual found outdoors in Saint David.","Hot temperatures in the mid to upper 90s were experienced in the lower elevations of southeast Arizona on May 18. The Pima County Medical Examiner confirmed that heat was the primary cause of death for one elderly individual found outdoors in Saint David.",117
1140912,BUCKEYE/AVONDALE (ZONE), ,05/18/2022,1700,Heat, , ,1,0,0,0,AZ,MST-7, ,185884,Z,540,PSR,0,0,County Official, , , , , , , , ,05/18/2022,1700, , , , ,"One direct fatality was reported by the Maricopa County Department of Public Health, with their details, such as age, gender, circumstances, and exact location unavailable.","A strong ridge of high pressure over the Desert Southwest allowed high temperatures to climb upwards of 10 degrees above normal during the middle part of May. High temperatures in Phoenix topped out in the 102 to 105 degree range during this time. According to the Maricopa County Department of Public Health, five heat-associated fatalities occurred during this event.",118
1026384,NORTHWEST DESERTS (ZONE), ,05/20/2022,905,Dust Storm, , ,0,0,0,0,AZ,MST-7, ,169445,Z,3,VEF,0,0,Trained Spotter, , , , , , , , ,05/20/2022,1030, , , , ,"Dust storm conditions reduced visibility to 1/8 mile in Valle Vista.","Low pressure swinging through the Great Basin brought strong wind to northwest Arizona, resulting in isolated dust storm conditions.",119
1018221,LITTLE COLORADO RIVER VALLEY IN NAVAJO COUNTY (ZONE), ,05/20/2022,1455,High Wind,51.00, ,0,0,0,0,AZ,MST-7,MG,168212,Z,13,FGZ,0,0,ASOS, , , , , , , , ,05/20/2022,1455, , , , ,"The Taylor Airport reported a peak wind gust of 59 MPH at 255 PM MST.","A trough of low pressure approaching Arizona brought windy to locally very windy conditions to parts of northern Arizona, primarily north of the Mogollon Rim.",120
1032341,UPPER SANTA CRUZ RIVER AND ALTAR VALLEYS (ZONE), ,05/23/2022,1100,Wildfire, , ,0,0,0,0,AZ,MST-7, ,170285,Z,503,TWC,0,0,Park/Forest Service, , , , , , , , ,05/25/2022,1700, , , , ,"The human caused Elgin Bridge Fire started May 23 near Elgin in Santa Cruz County. The wildfire was driven by wind gusts to 35 mph at times and spread east quickly into the Mustang Mountains, encompassing 2,000 acres by the next day. The fire caused temporary evacuations of 11 residences, but no structures were damaged. The fire consumed 2149 acres before forward progress was stopped May 25.","The human caused Elgin Bridge Fire started May 23 near Elgin in Santa Cruz County. The wildfire was driven by wind gusts to 35 mph at times and spread east quickly into the Mustang Mountains, encompassing 2,000 acres by the next day. The fire caused temporary evacuations of 11 residences, but no structures were damaged. The fire consumed 2149 acres before forward progress was stopped May 25.",121
1032344,DRAGOON/MULE/HUACHUCA AND SANTA RITA MOUNTAINS (ZONE), ,05/23/2022,1100,Wildfire, , ,0,0,0,0,AZ,MST-7, ,170285,Z,513,TWC,0,0,Park/Forest Service, , , , , , , , ,05/25/2022,1700, , , , ,"The human caused Elgin Bridge Fire started May 23 near Elgin in Santa Cruz County. The wildfire was driven by wind gusts to 35 mph at times and spread east quickly into the Mustang Mountains, encompassing 2,000 acres by the next day. The fire caused temporary evacuations of 11 residences, but no structures were damaged. The fire consumed 2149 acres before forward progress was stopped May 25.","The human caused Elgin Bridge Fire started May 23 near Elgin in Santa Cruz County. The wildfire was driven by wind gusts to 35 mph at times and spread east quickly into the Mustang Mountains, encompassing 2,000 acres by the next day. The fire caused temporary evacuations of 11 residences, but no structures were damaged. The fire consumed 2149 acres before forward progress was stopped May 25.",122
1033604,TOHONO O ODHAM NATION (ZONE), ,05/26/2022,1100,Heat, , ,2,0,0,0,AZ,MST-7, ,170462,Z,502,TWC,0,0,County Official, , , , , , , , ,05/26/2022,2000, , , , ,"Hot temperatures 5 to 10 degrees above normal, around 100 degrees, were experienced on the Tohono O'odham Nation on May 26 causing the Moderate Heat Risk category to be reached. The Pima County Medical Examiner confirmed that heat was the primary cause of death for two individuals found in the desert, one north of San Miguel and another east of Sells.","Hot temperatures in the upper 90s to low 100s were experienced in the lower elevations of southeast Arizona on May 26-27. The Pima County Medical Examiner confirmed that heat was the primary cause of death for seven individuals. Four were found in the desert, two on the Tohono O'odham Nation, and two in Cochise County. The other three victims were elderly individuals in Tucson.",123
1033605,UPPER SAN PEDRO RIVER VALLEY (ZONE), ,05/26/2022,1100,Heat, , ,1,0,0,0,AZ,MST-7, ,170462,Z,507,TWC,0,0,County Official, , , , , , , , ,05/26/2022,2000, , , , ,"Hot temperatures 5 to 10 degrees above normal, in the upper 90s, were experienced in southwest Cochise County on May 26 causing the Moderate Heat Risk category to be reached. The Pima County Medical Examiner confirmed that heat was the primary cause of death for one individual found in the desert northwest of Naco.","Hot temperatures in the upper 90s to low 100s were experienced in the lower elevations of southeast Arizona on May 26-27. The Pima County Medical Examiner confirmed that heat was the primary cause of death for seven individuals. Four were found in the desert, two on the Tohono O'odham Nation, and two in Cochise County. The other three victims were elderly individuals in Tucson.",124
1033606,EASTERN COCHISE COUNTY BELOW 5000 FEET (ZONE), ,05/26/2022,1100,Heat, , ,1,0,0,0,AZ,MST-7, ,170462,Z,508,TWC,0,0,County Official, , , , , , , , ,05/26/2022,2000, , , , ,"Hot temperatures 5 to 10 degrees above normal, in the upper 90s, were experienced in southeast Cochise County on May 26 causing the Moderate Heat Risk category to be reached. The Pima County Medical Examiner confirmed that heat was the primary cause of death for one individual found in the desert southwest of McNeal.","Hot temperatures in the upper 90s to low 100s were experienced in the lower elevations of southeast Arizona on May 26-27. The Pima County Medical Examiner confirmed that heat was the primary cause of death for seven individuals. Four were found in the desert, two on the Tohono O'odham Nation, and two in Cochise County. The other three victims were elderly individuals in Tucson.",125
1131611,TUCSON METRO AREA (ZONE), ,05/26/2022,1100,Heat, , ,3,0,0,0,AZ,MST-7, ,170462,Z,504,TWC,0,0,County Official, , , , , , , , ,05/26/2022,2000, , , , ,"Hot temperatures 5 to 10 degrees above normal, between 100 and 104 degrees, were experienced in the Tucson Metro May 26-27 causing the Moderate Heat Risk category to be reached. The Pima County Medical Examiner confirmed that heat was the primary cause of death for three elderly individuals.","Hot temperatures in the upper 90s to low 100s were experienced in the lower elevations of southeast Arizona on May 26-27. The Pima County Medical Examiner confirmed that heat was the primary cause of death for seven individuals. Four were found in the desert, two on the Tohono O'odham Nation, and two in Cochise County. The other three victims were elderly individuals in Tucson.",126
1140913,CENTRAL PHOENIX (ZONE), ,05/27/2022,1700,Heat, , ,0,0,0,0,AZ,MST-7, ,185885,Z,543,PSR,0,2,County Official, , , , , , , , ,05/27/2022,1700, , , , ,"Two indirect fatalities were reported by the Maricopa County Department of Public Health, with their details, such as age, gender, circumstances, and exact location unavailable.","A ridge of high pressure built in across the western United States for the end of May, allowing temperatures to climb several degrees above normal in Phoenix. At Phoenix Sky Harbor, temperatures peaked on the 27th at 106 degrees. According to the Maricopa County Department of Public Health, this heat led to four heat-associated fatalities.",127
1140914,BUCKEYE/AVONDALE (ZONE), ,05/27/2022,1700,Heat, , ,1,0,0,0,AZ,MST-7, ,185885,Z,540,PSR,0,0,County Official, , , , , , , , ,05/27/2022,1700, , , , ,"One direct fatality was reported by the Maricopa County Department of Public Health, with their details, such as age, gender, circumstances, and exact location unavailable.","A ridge of high pressure built in across the western United States for the end of May, allowing temperatures to climb several degrees above normal in Phoenix. At Phoenix Sky Harbor, temperatures peaked on the 27th at 106 degrees. According to the Maricopa County Department of Public Health, this heat led to four heat-associated fatalities.",128
1140915,CENTRAL PHOENIX (ZONE), ,05/28/2022,1700,Heat, , ,0,0,0,0,AZ,MST-7, ,185885,Z,543,PSR,0,1,County Official, , , , , , , , ,05/28/2022,1700, , , , ,"One indirect fatality was reported by the Maricopa County Department of Public Health, with their details, such as age, gender, circumstances, and exact location unavailable.","A ridge of high pressure built in across the western United States for the end of May, allowing temperatures to climb several degrees above normal in Phoenix. At Phoenix Sky Harbor, temperatures peaked on the 27th at 106 degrees. According to the Maricopa County Department of Public Health, this heat led to four heat-associated fatalities.",129
1040463,YAVAPAI COUNTY MOUNTAINS (ZONE), ,06/01/2022,0,Wildfire, , ,0,0,0,0,AZ,MST-7, ,171401,Z,8,FGZ,0,0,Park/Forest Service, , , , , , , , ,06/27/2022,1800, , , , ,"The Crooks Fire started in the mountains about 11 miles south of Prescott on April 18th. The fire grew to around 9,400 acres and burned well into June. The fire was reached 96% containment by May 25th and access restrictions for the area were lifted. The fire was 100% contained by June 27.","The Crooks Fire burned 9,402 acres in the mountains south of Prescott by June 27.",130
1038954,EASTERN COCHISE COUNTY BELOW 5000 FEET (ZONE), ,06/01/2022,0,Drought, , ,0,0,0,0,AZ,MST-7, ,171139,Z,508,TWC,0,0,Drought Monitor, , , , , , , , ,06/30/2022,2359, , , , ,"Extreme drought (D3) category continued across eastern Santa Cruz and southern Cochise counties including the Huachuca and Mule Mountains through June. Two wildfires ignited in dry fuels in the middle of the month. The Raspberry fire in the Chiricahua Mountains and the Tonto Canyon fire in western Santa Cruz County were both extinguished later in the month, in part due to two to three inches of rainfall. The late June rain was enough to reduce both areas, along with the Dragoon Mountains, to the severe drought (D2) category toward the end of June. Soil moisture readings improved to just above the 30th percentile across the area.","Extreme drought (D3) category continued across eastern Santa Cruz and southern Cochise counties including the Huachuca and Mule Mountains through June. Two wildfires ignited in dry fuels in the middle of the month. The Raspberry fire in the Chiricahua Mountains and the Tonto Canyon fire in western Santa Cruz County were both extinguished later in the month, in part due to two to three inches of rainfall. The late June rain was enough to reduce both areas, along with the Dragoon Mountains, to the severe drought (D2) category toward the end of June. Soil moisture readings improved to just above the 30th percentile across the area.",131
1038955,DRAGOON/MULE/HUACHUCA AND SANTA RITA MOUNTAINS (ZONE), ,06/01/2022,0,Drought, , ,0,0,0,0,AZ,MST-7, ,171139,Z,513,TWC,0,0,Drought Monitor, , , , , , , , ,06/30/2022,2359, , , , ,"Extreme drought (D3) category continued across eastern Santa Cruz and southern Cochise counties including the Huachuca and Mule Mountains through June. Two wildfires ignited in dry fuels in the middle of the month. The Raspberry fire in the Chiricahua Mountains and the Tonto Canyon fire in western Santa Cruz County were both extinguished later in the month, in part due to two to three inches of rainfall. The late June rain was enough to reduce both areas, along with the Dragoon Mountains, to the severe drought (D2) category toward the end of June. Soil moisture readings improved to just above the 30th percentile across the area.","Extreme drought (D3) category continued across eastern Santa Cruz and southern Cochise counties including the Huachuca and Mule Mountains through June. Two wildfires ignited in dry fuels in the middle of the month. The Raspberry fire in the Chiricahua Mountains and the Tonto Canyon fire in western Santa Cruz County were both extinguished later in the month, in part due to two to three inches of rainfall. The late June rain was enough to reduce both areas, along with the Dragoon Mountains, to the severe drought (D2) category toward the end of June. Soil moisture readings improved to just above the 30th percentile across the area.",132
1038943,CHIRICAHUA MOUNTAINS (ZONE), ,06/01/2022,0,Drought, , ,0,0,0,0,AZ,MST-7, ,171139,Z,512,TWC,0,0,Drought Monitor, , , , , , , , ,06/28/2022,500, , , , ,"Extreme drought (D3) category continued across eastern Santa Cruz and southern Cochise counties including the Huachuca and Mule Mountains through June. Two wildfires ignited in dry fuels in the middle of the month. The Raspberry fire in the Chiricahua Mountains and the Tonto Canyon fire in western Santa Cruz County were both extinguished later in the month, in part due to two to three inches of rainfall. The late June rain was enough to reduce both areas, along with the Dragoon Mountains, to the severe drought (D2) category toward the end of June. Soil moisture readings improved to just above the 30th percentile across the area.","Extreme drought (D3) category continued across eastern Santa Cruz and southern Cochise counties including the Huachuca and Mule Mountains through June. Two wildfires ignited in dry fuels in the middle of the month. The Raspberry fire in the Chiricahua Mountains and the Tonto Canyon fire in western Santa Cruz County were both extinguished later in the month, in part due to two to three inches of rainfall. The late June rain was enough to reduce both areas, along with the Dragoon Mountains, to the severe drought (D2) category toward the end of June. Soil moisture readings improved to just above the 30th percentile across the area.",133
1038944,UPPER SANTA CRUZ RIVER AND ALTAR VALLEYS (ZONE), ,06/01/2022,0,Drought, , ,0,0,0,0,AZ,MST-7, ,171139,Z,503,TWC,0,0,Drought Monitor, , , , , , , , ,06/30/2022,2359, , , , ,"Extreme drought (D3) category continued across eastern Santa Cruz and southern Cochise counties including the Huachuca and Mule Mountains through June. Two wildfires ignited in dry fuels in the middle of the month. The Raspberry fire in the Chiricahua Mountains and the Tonto Canyon fire in western Santa Cruz County were both extinguished later in the month, in part due to two to three inches of rainfall. The late June rain was enough to reduce both areas, along with the Dragoon Mountains, to the severe drought (D2) category toward the end of June. Soil moisture readings improved to just above the 30th percentile across the area.","Extreme drought (D3) category continued across eastern Santa Cruz and southern Cochise counties including the Huachuca and Mule Mountains through June. Two wildfires ignited in dry fuels in the middle of the month. The Raspberry fire in the Chiricahua Mountains and the Tonto Canyon fire in western Santa Cruz County were both extinguished later in the month, in part due to two to three inches of rainfall. The late June rain was enough to reduce both areas, along with the Dragoon Mountains, to the severe drought (D2) category toward the end of June. Soil moisture readings improved to just above the 30th percentile across the area.",134
1038953,UPPER SAN PEDRO RIVER VALLEY (ZONE), ,06/01/2022,0,Drought, , ,0,0,0,0,AZ,MST-7, ,171139,Z,507,TWC,0,0,Drought Monitor, , , , , , , , ,06/30/2022,2359, , , , ,"Extreme drought (D3) category continued across eastern Santa Cruz and southern Cochise counties including the Huachuca and Mule Mountains through June. Two wildfires ignited in dry fuels in the middle of the month. The Raspberry fire in the Chiricahua Mountains and the Tonto Canyon fire in western Santa Cruz County were both extinguished later in the month, in part due to two to three inches of rainfall. The late June rain was enough to reduce both areas, along with the Dragoon Mountains, to the severe drought (D2) category toward the end of June. Soil moisture readings improved to just above the 30th percentile across the area.","Extreme drought (D3) category continued across eastern Santa Cruz and southern Cochise counties including the Huachuca and Mule Mountains through June. Two wildfires ignited in dry fuels in the middle of the month. The Raspberry fire in the Chiricahua Mountains and the Tonto Canyon fire in western Santa Cruz County were both extinguished later in the month, in part due to two to three inches of rainfall. The late June rain was enough to reduce both areas, along with the Dragoon Mountains, to the severe drought (D2) category toward the end of June. Soil moisture readings improved to just above the 30th percentile across the area.",135
1143516,CENTRAL PHOENIX (ZONE), ,06/06/2022,1700,Heat, , ,0,0,0,0,AZ,MST-7, ,186345,Z,543,PSR,0,3,County Official, , , , , , , , ,06/06/2022,1700, , , , ,"Three indirect fatalities were reported by the Maricopa County Department of Public Health, with their details, such as age, gender, circumstances, and exact location unavailable.","A strong ridge of high pressure built in across the Southwest heading into the middle part of June, bringing excessive heat conditions to the region. High temperatures in Phoenix officially approached or exceeded 110 degrees between June 8-12th, which is well above the seasonal normal. The hottest temperature during this timeframe occurred on the 11th when the high temperature at Phoenix Sky Harbor peaked at 114 degrees. According to the Maricopa County Department of Public Health, 36 heat-associated fatalities occurred during this event.",136
1143518,EAST VALLEY (ZONE), ,06/07/2022,0,Heat, , ,0,0,0,0,AZ,MST-7, ,186345,Z,548,PSR,0,1,County Official, , , , , , , , ,06/07/2022,2359, , , , ,"One indirect fatality was reported by the Maricopa County Department of Public Health, with their details, such as age, gender, circumstances, and exact location unavailable.","A strong ridge of high pressure built in across the Southwest heading into the middle part of June, bringing excessive heat conditions to the region. High temperatures in Phoenix officially approached or exceeded 110 degrees between June 8-12th, which is well above the seasonal normal. The hottest temperature during this timeframe occurred on the 11th when the high temperature at Phoenix Sky Harbor peaked at 114 degrees. According to the Maricopa County Department of Public Health, 36 heat-associated fatalities occurred during this event.",137
1143517,CENTRAL PHOENIX (ZONE), ,06/07/2022,0,Heat, , ,0,0,0,0,AZ,MST-7, ,186345,Z,543,PSR,0,1,County Official, , , , , , , , ,06/07/2022,2359, , , , ,"One indirect fatality was reported by the Maricopa County Department of Public Health, with their details, such as age, gender, circumstances, and exact location unavailable.","A strong ridge of high pressure built in across the Southwest heading into the middle part of June, bringing excessive heat conditions to the region. High temperatures in Phoenix officially approached or exceeded 110 degrees between June 8-12th, which is well above the seasonal normal. The hottest temperature during this timeframe occurred on the 11th when the high temperature at Phoenix Sky Harbor peaked at 114 degrees. According to the Maricopa County Department of Public Health, 36 heat-associated fatalities occurred during this event.",138
1143523,EAST VALLEY (ZONE), ,06/08/2022,1000,Excessive Heat, , ,8,0,0,0,AZ,MST-7, ,186345,Z,548,PSR,0,0,County Official, , , , , , , , ,06/12/2022,2000, , , , ,"Eight direct fatalities were reported by the Maricopa County Department of Public Health, with their details, such as age, gender, circumstances, and exact location unavailable.","A strong ridge of high pressure built in across the Southwest heading into the middle part of June, bringing excessive heat conditions to the region. High temperatures in Phoenix officially approached or exceeded 110 degrees between June 8-12th, which is well above the seasonal normal. The hottest temperature during this timeframe occurred on the 11th when the high temperature at Phoenix Sky Harbor peaked at 114 degrees. According to the Maricopa County Department of Public Health, 36 heat-associated fatalities occurred during this event.",139
1143520,SCOTTSDALE/PARADISE VALLEY (ZONE), ,06/08/2022,1000,Excessive Heat, , ,1,0,0,0,AZ,MST-7, ,186345,Z,546,PSR,0,0,County Official, , , , , , , , ,06/12/2022,2000, , , , ,"One direct fatality was reported by the Maricopa County Department of Public Health, with their details, such as age, gender, circumstances, and exact location unavailable.","A strong ridge of high pressure built in across the Southwest heading into the middle part of June, bringing excessive heat conditions to the region. High temperatures in Phoenix officially approached or exceeded 110 degrees between June 8-12th, which is well above the seasonal normal. The hottest temperature during this timeframe occurred on the 11th when the high temperature at Phoenix Sky Harbor peaked at 114 degrees. According to the Maricopa County Department of Public Health, 36 heat-associated fatalities occurred during this event.",140
1143522,NORTH PHOENIX/GLENDALE (ZONE), ,06/08/2022,1000,Excessive Heat, , ,4,0,0,0,AZ,MST-7, ,186345,Z,544,PSR,0,0,County Official, , , , , , , , ,06/12/2022,2000, , , , ,"Four direct fatalities were reported by the Maricopa County Department of Public Health, with their details, such as age, gender, circumstances, and exact location unavailable.","A strong ridge of high pressure built in across the Southwest heading into the middle part of June, bringing excessive heat conditions to the region. High temperatures in Phoenix officially approached or exceeded 110 degrees between June 8-12th, which is well above the seasonal normal. The hottest temperature during this timeframe occurred on the 11th when the high temperature at Phoenix Sky Harbor peaked at 114 degrees. According to the Maricopa County Department of Public Health, 36 heat-associated fatalities occurred during this event.",141
1143524,BUCKEYE/AVONDALE (ZONE), ,06/08/2022,1000,Excessive Heat, , ,1,0,0,0,AZ,MST-7, ,186345,Z,540,PSR,0,0,County Official, , , , , , , , ,06/12/2022,2000, , , , ,"One direct fatality was reported by the Maricopa County Department of Public Health, with their details, such as age, gender, circumstances, and exact location unavailable.","A strong ridge of high pressure built in across the Southwest heading into the middle part of June, bringing excessive heat conditions to the region. High temperatures in Phoenix officially approached or exceeded 110 degrees between June 8-12th, which is well above the seasonal normal. The hottest temperature during this timeframe occurred on the 11th when the high temperature at Phoenix Sky Harbor peaked at 114 degrees. According to the Maricopa County Department of Public Health, 36 heat-associated fatalities occurred during this event.",142
1144298,CAVE CREEK/NEW RIVER (ZONE), ,06/08/2022,1000,Excessive Heat, , ,0,0,0,0,AZ,MST-7, ,186345,Z,541,PSR,0,0,County Official, , , , , , , , ,06/12/2022,2000, , , , ,"","A strong ridge of high pressure built in across the Southwest heading into the middle part of June, bringing excessive heat conditions to the region. High temperatures in Phoenix officially approached or exceeded 110 degrees between June 8-12th, which is well above the seasonal normal. The hottest temperature during this timeframe occurred on the 11th when the high temperature at Phoenix Sky Harbor peaked at 114 degrees. According to the Maricopa County Department of Public Health, 36 heat-associated fatalities occurred during this event.",143
1144300,FOUNTAIN HILLS/EAST MESA (ZONE), ,06/08/2022,1000,Excessive Heat, , ,0,0,0,0,AZ,MST-7, ,186345,Z,549,PSR,0,0,County Official, , , , , , , , ,06/12/2022,2000, , , , ,"","A strong ridge of high pressure built in across the Southwest heading into the middle part of June, bringing excessive heat conditions to the region. High temperatures in Phoenix officially approached or exceeded 110 degrees between June 8-12th, which is well above the seasonal normal. The hottest temperature during this timeframe occurred on the 11th when the high temperature at Phoenix Sky Harbor peaked at 114 degrees. According to the Maricopa County Department of Public Health, 36 heat-associated fatalities occurred during this event.",144
1144299,DEER VALLEY (ZONE), ,06/08/2022,1000,Excessive Heat, , ,0,0,0,0,AZ,MST-7, ,186345,Z,542,PSR,0,0,County Official, , , , , , , , ,06/12/2022,2000, , , , ,"","A strong ridge of high pressure built in across the Southwest heading into the middle part of June, bringing excessive heat conditions to the region. High temperatures in Phoenix officially approached or exceeded 110 degrees between June 8-12th, which is well above the seasonal normal. The hottest temperature during this timeframe occurred on the 11th when the high temperature at Phoenix Sky Harbor peaked at 114 degrees. According to the Maricopa County Department of Public Health, 36 heat-associated fatalities occurred during this event.",145
1144301,SOUTH MOUNTAIN/AHWATUKEE (ZONE), ,06/08/2022,1000,Excessive Heat, , ,0,0,0,0,AZ,MST-7, ,186345,Z,550,PSR,0,0,County Official, , , , , , , , ,06/12/2022,2000, , , , ,"","A strong ridge of high pressure built in across the Southwest heading into the middle part of June, bringing excessive heat conditions to the region. High temperatures in Phoenix officially approached or exceeded 110 degrees between June 8-12th, which is well above the seasonal normal. The hottest temperature during this timeframe occurred on the 11th when the high temperature at Phoenix Sky Harbor peaked at 114 degrees. According to the Maricopa County Department of Public Health, 36 heat-associated fatalities occurred during this event.",146
1143521,NORTHWEST VALLEY (ZONE), ,06/08/2022,1000,Excessive Heat, , ,1,0,0,0,AZ,MST-7, ,186345,Z,537,PSR,0,0,County Official, , , , , , , , ,06/12/2022,2000, , , , ,"One direct fatality was reported by the Maricopa County Department of Public Health, with their details, such as age, gender, circumstances, and exact location unavailable.","A strong ridge of high pressure built in across the Southwest heading into the middle part of June, bringing excessive heat conditions to the region. High temperatures in Phoenix officially approached or exceeded 110 degrees between June 8-12th, which is well above the seasonal normal. The hottest temperature during this timeframe occurred on the 11th when the high temperature at Phoenix Sky Harbor peaked at 114 degrees. According to the Maricopa County Department of Public Health, 36 heat-associated fatalities occurred during this event.",147
1143519,CENTRAL PHOENIX (ZONE), ,06/08/2022,1000,Excessive Heat, , ,14,0,0,0,AZ,MST-7, ,186345,Z,543,PSR,0,2,County Official, , , , , , , , ,06/12/2022,2000, , , , ,"Sixteen fatalities (14 direct and 2 indirect) were reported by the Maricopa County Department of Public Health, with their details, such as age, gender, circumstances, and exact location unavailable.","A strong ridge of high pressure built in across the Southwest heading into the middle part of June, bringing excessive heat conditions to the region. High temperatures in Phoenix officially approached or exceeded 110 degrees between June 8-12th, which is well above the seasonal normal. The hottest temperature during this timeframe occurred on the 11th when the high temperature at Phoenix Sky Harbor peaked at 114 degrees. According to the Maricopa County Department of Public Health, 36 heat-associated fatalities occurred during this event.",148
1144302,SOUTHEAST VALLEY/QUEEN CREEK (ZONE), ,06/08/2022,1000,Excessive Heat, , ,0,0,0,0,AZ,MST-7, ,186345,Z,551,PSR,0,0,County Official, , , , , , , , ,06/12/2022,2000, , , , ,"","A strong ridge of high pressure built in across the Southwest heading into the middle part of June, bringing excessive heat conditions to the region. High temperatures in Phoenix officially approached or exceeded 110 degrees between June 8-12th, which is well above the seasonal normal. The hottest temperature during this timeframe occurred on the 11th when the high temperature at Phoenix Sky Harbor peaked at 114 degrees. According to the Maricopa County Department of Public Health, 36 heat-associated fatalities occurred during this event.",149
1144311,RIO VERDE/SALT RIVER (ZONE), ,06/09/2022,1000,Excessive Heat, , ,0,0,0,0,AZ,MST-7, ,186345,Z,547,PSR,0,0,County Official, , , , , , , , ,06/12/2022,2000, , , , ,"","A strong ridge of high pressure built in across the Southwest heading into the middle part of June, bringing excessive heat conditions to the region. High temperatures in Phoenix officially approached or exceeded 110 degrees between June 8-12th, which is well above the seasonal normal. The hottest temperature during this timeframe occurred on the 11th when the high temperature at Phoenix Sky Harbor peaked at 114 degrees. According to the Maricopa County Department of Public Health, 36 heat-associated fatalities occurred during this event.",150
1144304,CENTRAL LA PAZ (ZONE), ,06/09/2022,1000,Excessive Heat, , ,0,0,0,0,AZ,MST-7, ,186345,Z,533,PSR,0,0,County Official, , , , , , , , ,06/12/2022,2000, , , , ,"","A strong ridge of high pressure built in across the Southwest heading into the middle part of June, bringing excessive heat conditions to the region. High temperatures in Phoenix officially approached or exceeded 110 degrees between June 8-12th, which is well above the seasonal normal. The hottest temperature during this timeframe occurred on the 11th when the high temperature at Phoenix Sky Harbor peaked at 114 degrees. According to the Maricopa County Department of Public Health, 36 heat-associated fatalities occurred during this event.",151
1144303,KOFA (ZONE), ,06/09/2022,1000,Excessive Heat, , ,0,0,0,0,AZ,MST-7, ,186345,Z,531,PSR,0,0,County Official, , , , , , , , ,06/12/2022,2000, , , , ,"","A strong ridge of high pressure built in across the Southwest heading into the middle part of June, bringing excessive heat conditions to the region. High temperatures in Phoenix officially approached or exceeded 110 degrees between June 8-12th, which is well above the seasonal normal. The hottest temperature during this timeframe occurred on the 11th when the high temperature at Phoenix Sky Harbor peaked at 114 degrees. According to the Maricopa County Department of Public Health, 36 heat-associated fatalities occurred during this event.",152
1144305,AGUILA VALLEY (ZONE), ,06/09/2022,1000,Excessive Heat, , ,0,0,0,0,AZ,MST-7, ,186345,Z,534,PSR,0,0,County Official, , , , , , , , ,06/12/2022,2000, , , , ,"","A strong ridge of high pressure built in across the Southwest heading into the middle part of June, bringing excessive heat conditions to the region. High temperatures in Phoenix officially approached or exceeded 110 degrees between June 8-12th, which is well above the seasonal normal. The hottest temperature during this timeframe occurred on the 11th when the high temperature at Phoenix Sky Harbor peaked at 114 degrees. According to the Maricopa County Department of Public Health, 36 heat-associated fatalities occurred during this event.",153
1144307,GILA RIVER VALLEY (ZONE), ,06/09/2022,1000,Excessive Heat, , ,0,0,0,0,AZ,MST-7, ,186345,Z,536,PSR,0,0,County Official, , , , , , , , ,06/12/2022,2000, , , , ,"","A strong ridge of high pressure built in across the Southwest heading into the middle part of June, bringing excessive heat conditions to the region. High temperatures in Phoenix officially approached or exceeded 110 degrees between June 8-12th, which is well above the seasonal normal. The hottest temperature during this timeframe occurred on the 11th when the high temperature at Phoenix Sky Harbor peaked at 114 degrees. According to the Maricopa County Department of Public Health, 36 heat-associated fatalities occurred during this event.",154
1032175,LAKE HAVASU AND FORT MOHAVE (ZONE), ,06/09/2022,1000,Excessive Heat, , ,0,0,0,0,AZ,MST-7, ,170255,Z,2,VEF,0,0,Official NWS Observations, , , , , , , , ,06/12/2022,2000, , , , ,"Excessive Heat Warning criteria were reached four days in a row.","Building high pressure pushed temperatures close to records over much of the Mojave Desert.",155
1032176,LAKE MEAD NATIONAL RECREATION AREA (ZONE), ,06/09/2022,1000,Excessive Heat, , ,0,0,0,0,AZ,MST-7, ,170255,Z,36,VEF,0,0,Official NWS Observations, , , , , , , , ,06/12/2022,2000, , , , ,"Excessive Heat Warning criteria were reached four days in a row.","Building high pressure pushed temperatures close to records over much of the Mojave Desert.",156
1032178,NORTHWEST DESERTS (ZONE), ,06/09/2022,1000,Excessive Heat, , ,0,0,0,0,AZ,MST-7, ,170255,Z,3,VEF,0,0,Official NWS Observations, , , , , , , , ,06/11/2022,2000, , , , ,"Excessive Heat Warning criteria were reached three days in a row.","Building high pressure pushed temperatures close to records over much of the Mojave Desert.",157
1144308,TONOPAH DESERT (ZONE), ,06/09/2022,1000,Excessive Heat, , ,0,0,0,0,AZ,MST-7, ,186345,Z,538,PSR,0,0,County Official, , , , , , , , ,06/12/2022,2000, , , , ,"","A strong ridge of high pressure built in across the Southwest heading into the middle part of June, bringing excessive heat conditions to the region. High temperatures in Phoenix officially approached or exceeded 110 degrees between June 8-12th, which is well above the seasonal normal. The hottest temperature during this timeframe occurred on the 11th when the high temperature at Phoenix Sky Harbor peaked at 114 degrees. According to the Maricopa County Department of Public Health, 36 heat-associated fatalities occurred during this event.",158
1144309,GILA BEND (ZONE), ,06/09/2022,1000,Excessive Heat, , ,0,0,0,0,AZ,MST-7, ,186345,Z,539,PSR,0,0,County Official, , , , , , , , ,06/12/2022,2000, , , , ,"","A strong ridge of high pressure built in across the Southwest heading into the middle part of June, bringing excessive heat conditions to the region. High temperatures in Phoenix officially approached or exceeded 110 degrees between June 8-12th, which is well above the seasonal normal. The hottest temperature during this timeframe occurred on the 11th when the high temperature at Phoenix Sky Harbor peaked at 114 degrees. According to the Maricopa County Department of Public Health, 36 heat-associated fatalities occurred during this event.",159
1144310,NEW RIVER MESA (ZONE), ,06/09/2022,1000,Excessive Heat, , ,0,0,0,0,AZ,MST-7, ,186345,Z,545,PSR,0,0,County Official, , , , , , , , ,06/12/2022,2000, , , , ,"","A strong ridge of high pressure built in across the Southwest heading into the middle part of June, bringing excessive heat conditions to the region. High temperatures in Phoenix officially approached or exceeded 110 degrees between June 8-12th, which is well above the seasonal normal. The hottest temperature during this timeframe occurred on the 11th when the high temperature at Phoenix Sky Harbor peaked at 114 degrees. According to the Maricopa County Department of Public Health, 36 heat-associated fatalities occurred during this event.",160
1144306,SOUTHEAST YUMA COUNTY (ZONE), ,06/09/2022,1000,Excessive Heat, , ,0,0,0,0,AZ,MST-7, ,186345,Z,535,PSR,0,0,County Official, , , , , , , , ,06/12/2022,2000, , , , ,"","A strong ridge of high pressure built in across the Southwest heading into the middle part of June, bringing excessive heat conditions to the region. High temperatures in Phoenix officially approached or exceeded 110 degrees between June 8-12th, which is well above the seasonal normal. The hottest temperature during this timeframe occurred on the 11th when the high temperature at Phoenix Sky Harbor peaked at 114 degrees. According to the Maricopa County Department of Public Health, 36 heat-associated fatalities occurred during this event.",161
1144313,NORTHWEST PINAL COUNTY (ZONE), ,06/09/2022,1000,Excessive Heat, , ,0,0,0,0,AZ,MST-7, ,186345,Z,553,PSR,0,0,County Official, , , , , , , , ,06/12/2022,2000, , , , ,"","A strong ridge of high pressure built in across the Southwest heading into the middle part of June, bringing excessive heat conditions to the region. High temperatures in Phoenix officially approached or exceeded 110 degrees between June 8-12th, which is well above the seasonal normal. The hottest temperature during this timeframe occurred on the 11th when the high temperature at Phoenix Sky Harbor peaked at 114 degrees. According to the Maricopa County Department of Public Health, 36 heat-associated fatalities occurred during this event.",162
1144315,APACHE JUNCTION/GOLD CANYON (ZONE), ,06/09/2022,1000,Excessive Heat, , ,0,0,0,0,AZ,MST-7, ,186345,Z,555,PSR,0,0,County Official, , , , , , , , ,06/12/2022,2000, , , , ,"","A strong ridge of high pressure built in across the Southwest heading into the middle part of June, bringing excessive heat conditions to the region. High temperatures in Phoenix officially approached or exceeded 110 degrees between June 8-12th, which is well above the seasonal normal. The hottest temperature during this timeframe occurred on the 11th when the high temperature at Phoenix Sky Harbor peaked at 114 degrees. According to the Maricopa County Department of Public Health, 36 heat-associated fatalities occurred during this event.",163
1144312,SUPERIOR (ZONE), ,06/09/2022,1000,Excessive Heat, , ,0,0,0,0,AZ,MST-7, ,186345,Z,552,PSR,0,0,County Official, , , , , , , , ,06/12/2022,2000, , , , ,"","A strong ridge of high pressure built in across the Southwest heading into the middle part of June, bringing excessive heat conditions to the region. High temperatures in Phoenix officially approached or exceeded 110 degrees between June 8-12th, which is well above the seasonal normal. The hottest temperature during this timeframe occurred on the 11th when the high temperature at Phoenix Sky Harbor peaked at 114 degrees. According to the Maricopa County Department of Public Health, 36 heat-associated fatalities occurred during this event.",164
1144314,WEST PINAL COUNTY (ZONE), ,06/09/2022,1000,Excessive Heat, , ,0,0,0,0,AZ,MST-7, ,186345,Z,554,PSR,0,0,County Official, , , , , , , , ,06/12/2022,2000, , , , ,"","A strong ridge of high pressure built in across the Southwest heading into the middle part of June, bringing excessive heat conditions to the region. High temperatures in Phoenix officially approached or exceeded 110 degrees between June 8-12th, which is well above the seasonal normal. The hottest temperature during this timeframe occurred on the 11th when the high temperature at Phoenix Sky Harbor peaked at 114 degrees. According to the Maricopa County Department of Public Health, 36 heat-associated fatalities occurred during this event.",165
1144318,SAN CARLOS (ZONE), ,06/09/2022,1000,Excessive Heat, , ,0,0,0,0,AZ,MST-7, ,186345,Z,560,PSR,0,0,County Official, , , , , , , , ,06/12/2022,2000, , , , ,"","A strong ridge of high pressure built in across the Southwest heading into the middle part of June, bringing excessive heat conditions to the region. High temperatures in Phoenix officially approached or exceeded 110 degrees between June 8-12th, which is well above the seasonal normal. The hottest temperature during this timeframe occurred on the 11th when the high temperature at Phoenix Sky Harbor peaked at 114 degrees. According to the Maricopa County Department of Public Health, 36 heat-associated fatalities occurred during this event.",166
1144316,TONTO BASIN (ZONE), ,06/09/2022,1000,Excessive Heat, , ,0,0,0,0,AZ,MST-7, ,186345,Z,556,PSR,0,0,County Official, , , , , , , , ,06/12/2022,2000, , , , ,"","A strong ridge of high pressure built in across the Southwest heading into the middle part of June, bringing excessive heat conditions to the region. High temperatures in Phoenix officially approached or exceeded 110 degrees between June 8-12th, which is well above the seasonal normal. The hottest temperature during this timeframe occurred on the 11th when the high temperature at Phoenix Sky Harbor peaked at 114 degrees. According to the Maricopa County Department of Public Health, 36 heat-associated fatalities occurred during this event.",167
1144317,SONORAN DESERT NATL MONUMENT (ZONE), ,06/09/2022,1000,Excessive Heat, , ,0,0,0,0,AZ,MST-7, ,186345,Z,559,PSR,0,0,County Official, , , , , , , , ,06/12/2022,2000, , , , ,"","A strong ridge of high pressure built in across the Southwest heading into the middle part of June, bringing excessive heat conditions to the region. High temperatures in Phoenix officially approached or exceeded 110 degrees between June 8-12th, which is well above the seasonal normal. The hottest temperature during this timeframe occurred on the 11th when the high temperature at Phoenix Sky Harbor peaked at 114 degrees. According to the Maricopa County Department of Public Health, 36 heat-associated fatalities occurred during this event.",168
1144319,DRIPPING SPRINGS (ZONE), ,06/09/2022,1000,Excessive Heat, , ,0,0,0,0,AZ,MST-7, ,186345,Z,561,PSR,0,0,County Official, , , , , , , , ,06/12/2022,2000, , , , ,"","A strong ridge of high pressure built in across the Southwest heading into the middle part of June, bringing excessive heat conditions to the region. High temperatures in Phoenix officially approached or exceeded 110 degrees between June 8-12th, which is well above the seasonal normal. The hottest temperature during this timeframe occurred on the 11th when the high temperature at Phoenix Sky Harbor peaked at 114 degrees. According to the Maricopa County Department of Public Health, 36 heat-associated fatalities occurred during this event.",169
1144331,PARKER VALLEY (ZONE), ,06/09/2022,1000,Excessive Heat, , ,0,0,0,0,AZ,MST-7, ,186345,Z,530,PSR,0,0,County Official, , , , , , , , ,06/12/2022,2000, , , , ,"","A strong ridge of high pressure built in across the Southwest heading into the middle part of June, bringing excessive heat conditions to the region. High temperatures in Phoenix officially approached or exceeded 110 degrees between June 8-12th, which is well above the seasonal normal. The hottest temperature during this timeframe occurred on the 11th when the high temperature at Phoenix Sky Harbor peaked at 114 degrees. According to the Maricopa County Department of Public Health, 36 heat-associated fatalities occurred during this event.",170
1144332,YUMA (ZONE), ,06/09/2022,1000,Excessive Heat, , ,0,0,0,0,AZ,MST-7, ,186345,Z,532,PSR,0,0,County Official, , , , , , , , ,06/12/2022,2000, , , , ,"","A strong ridge of high pressure built in across the Southwest heading into the middle part of June, bringing excessive heat conditions to the region. High temperatures in Phoenix officially approached or exceeded 110 degrees between June 8-12th, which is well above the seasonal normal. The hottest temperature during this timeframe occurred on the 11th when the high temperature at Phoenix Sky Harbor peaked at 114 degrees. According to the Maricopa County Department of Public Health, 36 heat-associated fatalities occurred during this event.",171
1040201,UPPER SANTA CRUZ RIVER AND ALTAR VALLEYS (ZONE), ,06/09/2022,1000,Excessive Heat, , ,1,0,0,0,AZ,MST-7, ,171292,Z,503,TWC,0,0,County Official, , , , , , , , ,06/12/2022,1900, , , , ,"Very hot high temperatures of 102 to 109 degrees occurred and caused the High Heat Risk category to be reached. Nogales airport set a record with 105 degrees on the 10th and Sasabe reached 109 degrees on the 11th and 12th. The Pima County Medical Examiner confirmed that heat was the primary cause of death for one individual found in the desert near Ruby on the 10th.","Very hot temperatures 7 to 10 degrees above normal were experienced in the lower elevations of Pima, Santa Cruz, Graham, Greenlee and southeast Pinal counties June 9-12, with high temperatures equaling or exceeding established records in several locations. Hot temperatures 4 to 7 degrees above normal were experienced in Cochise County. The Pima County Medical Examiner confirmed that heat was the primary cause of death for a total of 11 individuals.  Six individuals found in the desert, two on the Tohono O'odham Nation, one in Santa Cruz County, two in southeast Pima County and one in Tucson Mountain Park. Four victims were found in the Tucson (2 indoors and 2 outdoors), and another individual perished in his home in Bowie.",172
1040204,WESTERN PIMA COUNTY (ZONE), ,06/09/2022,1000,Excessive Heat, , ,0,0,0,0,AZ,MST-7, ,171292,Z,501,TWC,0,0,Mesonet, , , , , , , , ,06/12/2022,1900, , , , ,"Very hot high temperatures of 107 to 112 degrees occurred with low temperatures in the upper 70s to lower 80s, and caused the High Heat Risk category to be reached. Ajo set records with 111 degrees on the 10th and 112 on the 11th. Organ Pipe National Monument topped out at 109 on the 11th and 12th.","Very hot temperatures 7 to 10 degrees above normal were experienced in the lower elevations of Pima, Santa Cruz, Graham, Greenlee and southeast Pinal counties June 9-12, with high temperatures equaling or exceeding established records in several locations. Hot temperatures 4 to 7 degrees above normal were experienced in Cochise County. The Pima County Medical Examiner confirmed that heat was the primary cause of death for a total of 11 individuals.  Six individuals found in the desert, two on the Tohono O'odham Nation, one in Santa Cruz County, two in southeast Pima County and one in Tucson Mountain Park. Four victims were found in the Tucson (2 indoors and 2 outdoors), and another individual perished in his home in Bowie.",173
1040206,SOUTHEAST PINAL COUNTY (ZONE), ,06/09/2022,1000,Excessive Heat, , ,0,0,0,0,AZ,MST-7, ,171292,Z,506,TWC,0,0,Mesonet, , , , , , , , ,06/12/2022,1900, , , , ,"Very hot high temperatures of 104 to 110 degrees occurred with low temperatures in the upper 70s to lower 80s, and caused the High Heat Risk category to be reached. Picacho set a record with 110 degrees on the 11th. San Manuel set records with 104 on the 10th and 105 on the 11th, and tied a record with 106 on the 12th.","Very hot temperatures 7 to 10 degrees above normal were experienced in the lower elevations of Pima, Santa Cruz, Graham, Greenlee and southeast Pinal counties June 9-12, with high temperatures equaling or exceeding established records in several locations. Hot temperatures 4 to 7 degrees above normal were experienced in Cochise County. The Pima County Medical Examiner confirmed that heat was the primary cause of death for a total of 11 individuals.  Six individuals found in the desert, two on the Tohono O'odham Nation, one in Santa Cruz County, two in southeast Pima County and one in Tucson Mountain Park. Four victims were found in the Tucson (2 indoors and 2 outdoors), and another individual perished in his home in Bowie.",174
1040207,UPPER GILA RIVER AND ARAVAIPA VALLEYS (ZONE), ,06/09/2022,1000,Excessive Heat, , ,0,0,0,0,AZ,MST-7, ,171292,Z,509,TWC,0,0,Mesonet, , , , , , , , ,06/12/2022,1900, , , , ,"Very hot high temperatures of 100 to 108 degrees occurred and caused the High Heat Risk category to be reached. Safford airport tied a record with 108 degrees on the 10th and Duncan reached 106, which set a record on the 10th and tied a record on the 11th.","Very hot temperatures 7 to 10 degrees above normal were experienced in the lower elevations of Pima, Santa Cruz, Graham, Greenlee and southeast Pinal counties June 9-12, with high temperatures equaling or exceeding established records in several locations. Hot temperatures 4 to 7 degrees above normal were experienced in Cochise County. The Pima County Medical Examiner confirmed that heat was the primary cause of death for a total of 11 individuals.  Six individuals found in the desert, two on the Tohono O'odham Nation, one in Santa Cruz County, two in southeast Pima County and one in Tucson Mountain Park. Four victims were found in the Tucson (2 indoors and 2 outdoors), and another individual perished in his home in Bowie.",175
1040205,SOUTH CENTRAL PINAL COUNTY (ZONE), ,06/09/2022,1000,Excessive Heat, , ,0,0,0,0,AZ,MST-7, ,171292,Z,505,TWC,0,0,Mesonet, , , , , , , , ,06/12/2022,1900, , , , ,"Very hot high temperatures of 104 to 110 degrees occurred with low temperatures in the upper 70s to lower 80s, and caused the High Heat Risk category to be reached. Picacho set a record with 110 degrees on the 11th. San Manuel set records with 104 on the 10th and 105 on the 11th, and tied a record with 106 on the 12th.","Very hot temperatures 7 to 10 degrees above normal were experienced in the lower elevations of Pima, Santa Cruz, Graham, Greenlee and southeast Pinal counties June 9-12, with high temperatures equaling or exceeding established records in several locations. Hot temperatures 4 to 7 degrees above normal were experienced in Cochise County. The Pima County Medical Examiner confirmed that heat was the primary cause of death for a total of 11 individuals.  Six individuals found in the desert, two on the Tohono O'odham Nation, one in Santa Cruz County, two in southeast Pima County and one in Tucson Mountain Park. Four victims were found in the Tucson (2 indoors and 2 outdoors), and another individual perished in his home in Bowie.",176
1040202,TUCSON METRO AREA (ZONE), ,06/09/2022,1000,Excessive Heat, , ,7,0,0,0,AZ,MST-7, ,171292,Z,504,TWC,0,0,County Official, , , , , , , , ,06/12/2022,1900, , , , ,"Very hot high temperatures of 104 to 109 degrees occurred with low temperatures in the upper 70s to lower 80s, and caused the High Heat Risk category to be reached. Tucson airport tied set records with 109 degrees on the 10th and 11th and Green Valley topped out at 107 degrees. The Pima County Medical Examiner confirmed that heat was the primary cause of death for seven individuals. On the 10th, two were found in the desert near Amado and two in Tucson (1 indoors and 1 outdoors). On the 11th, another was found outdoors in Tucson. On the 12th, one was found in Tucson Mountain Park west of Tucson and another indoors within the City of Tucson.","Very hot temperatures 7 to 10 degrees above normal were experienced in the lower elevations of Pima, Santa Cruz, Graham, Greenlee and southeast Pinal counties June 9-12, with high temperatures equaling or exceeding established records in several locations. Hot temperatures 4 to 7 degrees above normal were experienced in Cochise County. The Pima County Medical Examiner confirmed that heat was the primary cause of death for a total of 11 individuals.  Six individuals found in the desert, two on the Tohono O'odham Nation, one in Santa Cruz County, two in southeast Pima County and one in Tucson Mountain Park. Four victims were found in the Tucson (2 indoors and 2 outdoors), and another individual perished in his home in Bowie.",177
1040200,TOHONO O ODHAM NATION (ZONE), ,06/09/2022,1000,Excessive Heat, , ,2,0,0,0,AZ,MST-7, ,171292,Z,502,TWC,0,0,County Official, , , , , , , , ,06/12/2022,1900, , , , ,"Very hot high temperatures of 106 to 110 degrees occurred with low temperatures in the upper 70s to lower 80s, and caused the High Heat Risk category to be reached. Sells set records with 110 degrees on the 10th and 11th. The Pima County Medical Examiner confirmed that heat was the primary cause of death for two individuals found in the desert; one near San Miguel on the 10th and one near Cowlic on the 12th.","Very hot temperatures 7 to 10 degrees above normal were experienced in the lower elevations of Pima, Santa Cruz, Graham, Greenlee and southeast Pinal counties June 9-12, with high temperatures equaling or exceeding established records in several locations. Hot temperatures 4 to 7 degrees above normal were experienced in Cochise County. The Pima County Medical Examiner confirmed that heat was the primary cause of death for a total of 11 individuals.  Six individuals found in the desert, two on the Tohono O'odham Nation, one in Santa Cruz County, two in southeast Pima County and one in Tucson Mountain Park. Four victims were found in the Tucson (2 indoors and 2 outdoors), and another individual perished in his home in Bowie.",178
1144320,GLOBE/MIAMI (ZONE), ,06/09/2022,1000,Excessive Heat, , ,0,0,0,0,AZ,MST-7, ,186345,Z,562,PSR,0,0,County Official, , , , , , , , ,06/12/2022,2000, , , , ,"","A strong ridge of high pressure built in across the Southwest heading into the middle part of June, bringing excessive heat conditions to the region. High temperatures in Phoenix officially approached or exceeded 110 degrees between June 8-12th, which is well above the seasonal normal. The hottest temperature during this timeframe occurred on the 11th when the high temperature at Phoenix Sky Harbor peaked at 114 degrees. According to the Maricopa County Department of Public Health, 36 heat-associated fatalities occurred during this event.",179
1040208,WHITE MOUNTAINS OF GRAHAM AND GREENLEE COUNTIES (ZONE), ,06/10/2022,1628,Wildfire, , ,0,0,0,0,AZ,MST-7, ,171336,Z,510,TWC,0,0,Park/Forest Service, , , , , , , , ,06/18/2022,900, , , , ,"The lightning caused Fish Fire started on June 10 on the Mogollon Rim in northern Greenlee County. The fire grew to 3704 acres in mixed conifer, dead and downed trees, and standing snags within the 2011 Wallow Fire burn scar through June 18.  The fire was managed for the remainder of the month without additional growth. Fire suppression costs tallied $60,000.","The lightning caused Fish Fire started on June 10 on the Mogollon Rim in northern Greenlee County. The fire grew to 3704 acres in mixed conifer, dead and downed trees, and standing snags within the 2011 Wallow Fire burn scar through June 18.  The fire was managed for the remainder of the month without additional growth. Fire suppression costs tallied $60,000.",180
1039313,BABOQUIVARI MOUNTAINS (ZONE), ,06/11/2022,1435,Wildfire, , ,0,0,500000,0,AZ,MST-7, ,171213,Z,515,TWC,0,0,Other Federal Agency, , , , , , , , ,06/24/2022,900, , , , ,"The lightning caused Contreras Fire started on June 11 in the Baboquivari Mountains on Tohono O'odham tribal lands within Pima County. Gusty winds helped the fire grow rapidly in dry fuels and rugged terrain. Kitt Peak Observatory was evacuated prior to the fire overtaking the area on the 17th. One cabin, a dormitory and 1 shed were destroyed and the road was also damaged. Power poles were destroyed cutting off power to the observatory. Those damage estimates were near $500,000 but do not account for complete assessments of all telescopes and other equipment. The 20 residents of the community of Pan Tak were also temporarily evacuated as a precaution, but no damage occurred there. The fire became fully contained on June 24, aided by significant rainfall on the 23rd.  Fire suppression costs for the 29,482 acre fire tallied more than $13 million.","The lightning caused Contreras Fire started on June 11 in the Baboquivari Mountains on Tohono O'odham tribal lands within Pima County. Gusty winds helped the fire grow rapidly in dry fuels and rugged terrain. Kitt Peak Observatory was evacuated prior to the fire overtaking the area on the 17th. One cabin, a dormitory and 1 shed were destroyed and the road was also damaged. Power poles were destroyed cutting off power to the observatory. Those damage estimates were near $500,000 but do not account for complete assessments of all telescopes and other equipment. The 20 residents of the community of Pan Tak were also temporarily evacuated as a precaution, but no damage occurred there. The fire became fully contained on June 24, aided by significant rainfall on the 23rd.  Fire suppression costs for the 29,482 acre fire tallied more than $13 million.",181
1040529,WESTERN MOGOLLON RIM (ZONE), ,06/12/2022,1015,Wildfire, , ,0,0,0,0,AZ,MST-7, ,171408,Z,15,FGZ,0,0,Park/Forest Service, , , , , , , , ,06/30/2022,2359, , , , ,"The Haywire Fire started near Haywire Crater the day after the Pipeline Fire exploded. It burned through pine (ponderosa and pinyon), juniper, grass, and brush. Another fire (Double Fire) started near the Double Crater (two vents) a few days later and merged with the Haywire Fire. The Double Fire was either a spot from the other two fires or lightning caused. Once the two fires merged, 5,575 acres burned. Several years of persistent drought has much of northern Arizona in severe or extreme drought. The drought combined with the time of year, has both the live and dead fuels at critically dry levels. Strong winds also pushed the fire northeastward. The fire continued to burn through July with little additional spread.  The topography and soils (cinders) of the Haywire Fire did not substantially increase the treat of post fire flash flooding.","The Pipleline Fire was human caused and detected around 1015 AM on June 12, 2022 about 6 miles north of Flagstaff. It burned through 26,532 acres by the end of July. The location and terrain of the fire set the stage for extensive flash flooding in and around Flagstaff once the rainy season started a few weeks later. The Haywire Fire was detected June 13 at 530 AM 7.5 miles northeast of Doney Park. It burned a total of 5,575 acres.",182
1040540,WESTERN MOGOLLON RIM (ZONE), ,06/12/2022,1015,Wildfire, , ,0,0,0,0,AZ,MST-7, ,171408,Z,15,FGZ,0,0,Park/Forest Service, , , , , , , , ,06/30/2022,2359, , , , ,"The Pipeline Fire was reported on June 12, 2022 approximately 6 miles north of Flagstaff on the southwest flanks of Fremont Peak.  Strong southwest winds pushed this fire up and over Fremont Peak, Doyle Peak, eastern portions of Locket Meadow, Sugarloaf Peak, O'Leary Peak, parts of Sunset Crater National Monument,  across Forest Service Roads 420, 556, 418, and across Highway 89. Most of the 26,532 acres burned in June before higher humidity and rain arrived. The burned area lead to many flash flood events once rain started to fall during the yearly summer thunderstorm season (North American Monsoon).   The fire suppression costs were at least 11 million dollars. Damage to the forest and watershed was much more than that.","The Pipleline Fire was human caused and detected around 1015 AM on June 12, 2022 about 6 miles north of Flagstaff. It burned through 26,532 acres by the end of July. The location and terrain of the fire set the stage for extensive flash flooding in and around Flagstaff once the rainy season started a few weeks later. The Haywire Fire was detected June 13 at 530 AM 7.5 miles northeast of Doney Park. It burned a total of 5,575 acres.",183
1039309,UPPER SANTA CRUZ RIVER AND ALTAR VALLEYS (ZONE), ,06/12/2022,1030,Wildfire, , ,0,0,0,0,AZ,MST-7, ,171144,Z,503,TWC,0,0,Park/Forest Service, , , , , , , , ,06/22/2022,700, , , , ,"The Tonto Canyon Fire resulted from the combination of three fire starts near Manzanita Mountain in southwest Santa Cruz on June 12. The fire quickly grew to more than 4000 acres driven by wind gusts to 30 mph in dry fuels. Ruby Rd. was closed for a time as it was being used as a fire line. The fire consumed 9264 acres before becoming fully contained on June 22. About 3000 acres of this total were in Mexico. Fire suppression costs tallied $1.9 million.","The Tonto Canyon Fire resulted from the combination of three fire starts near Manzanita Mountain in southwest Santa Cruz on June 12. The fire quickly grew to more than 4000 acres driven by wind gusts to 30 mph in dry fuels. The fire consumed 9264 acres before becoming fully contained on June 22. About 3000 acres of this total were in Mexico. Fire suppression costs tallied $1.9 million.",184
1131613,EASTERN COCHISE COUNTY BELOW 5000 FEET (ZONE), ,06/12/2022,1100,Heat, , ,1,0,0,0,AZ,MST-7, ,171292,Z,508,TWC,0,0,County Official, , , , , , , , ,06/12/2022,1900, , , , ,"Hot high temperatures of 100 to 104 degrees occurred and caused the Moderate Heat Risk category to be reached. The Pima County Medical Examiner determined that heat was the primary cause of death for one individual found in his home in Bowie.","Very hot temperatures 7 to 10 degrees above normal were experienced in the lower elevations of Pima, Santa Cruz, Graham, Greenlee and southeast Pinal counties June 9-12, with high temperatures equaling or exceeding established records in several locations. Hot temperatures 4 to 7 degrees above normal were experienced in Cochise County. The Pima County Medical Examiner confirmed that heat was the primary cause of death for a total of 11 individuals.  Six individuals found in the desert, two on the Tohono O'odham Nation, one in Santa Cruz County, two in southeast Pima County and one in Tucson Mountain Park. Four victims were found in the Tucson (2 indoors and 2 outdoors), and another individual perished in his home in Bowie.",185
1038957,CHIRICAHUA MOUNTAINS (ZONE), ,06/14/2022,1151,Wildfire, , ,0,0,0,0,AZ,MST-7, ,171142,Z,512,TWC,0,0,Park/Forest Service, , , , , , , , ,06/25/2022,1700, , , , ,"The lightning caused Raspberry Fire started on June 14 in the Chiricahua Mountains in Cochise County. Thunderstorm wind gusts of 30 mph helped the fire to quickly grow in mountainous terrain to more than 400 acres. The fire became fully contained on June 25, aided by several days of rainfall. Fire suppression costs for the 413 acre fire tallied just short of $1 million.","The lightning caused Raspberry Fire started on June 14 in the Chiricahua Mountains in Cochise County. Thunderstorm wind gusts of 30 mph helped the fire to quickly grow in mountainous terrain to more than 400 acres. The fire became fully contained on June 25, aided by several days of rainfall. Fire suppression costs for the 413 acre fire tallied just short of $1 million.",186
1040250,EASTERN COCHISE COUNTY BELOW 5000 FEET (ZONE), ,06/15/2022,1000,Heat, , ,1,0,0,0,AZ,MST-7, ,171352,Z,508,TWC,0,0,County Official, , , , , , , , ,06/15/2022,2000, , , , ,"Hot temperatures just above 100 degrees caused the Moderate Heat Risk category to be reached on June 15. The Pima County Medical Examiner confirmed that heat was the primary cause of death for one individual found in the desert near Douglas.","Hot temperatures around 5 degrees above normal were experienced in southeast Cochise County on June 15. The Pima County Medical Examiner confirmed that heat was the primary cause of death for one individual found in the desert.",187
1143704,CENTRAL PHOENIX (ZONE), ,06/16/2022,1000,Excessive Heat, , ,1,0,0,0,AZ,MST-7, ,186366,Z,543,PSR,0,0,County Official, , , , , , , , ,06/16/2022,2000, , , , ,"One direct fatality was reported by the Maricopa County Department of Public Health, with their details, such as age, gender, circumstances, and exact location unavailable.","A strong ridge of high pressure was centered over the Central Plains during the middle part of the month with the Desert Southwest feeling its influence. This brought excessive heat conditions to the region with temperatures in Phoenix peaking at 113�� on the 16th. According to the Maricopa County Department of Public Health, 9 heat-associated fatalities occurred during this time.",188
1143705,EAST VALLEY (ZONE), ,06/16/2022,1000,Excessive Heat, , ,1,0,0,0,AZ,MST-7, ,186366,Z,548,PSR,0,0,County Official, , , , , , , , ,06/16/2022,2000, , , , ,"One direct fatality was reported by the Maricopa County Department of Public Health, with their details, such as age, gender, circumstances, and exact location unavailable.","A strong ridge of high pressure was centered over the Central Plains during the middle part of the month with the Desert Southwest feeling its influence. This brought excessive heat conditions to the region with temperatures in Phoenix peaking at 113�� on the 16th. According to the Maricopa County Department of Public Health, 9 heat-associated fatalities occurred during this time.",189
1143706,BUCKEYE/AVONDALE (ZONE), ,06/16/2022,1000,Excessive Heat, , ,1,0,0,0,AZ,MST-7, ,186366,Z,540,PSR,0,0,County Official, , , , , , , , ,06/16/2022,2000, , , , ,"One direct fatality was reported by the Maricopa County Department of Public Health, with their details, such as age, gender, circumstances, and exact location unavailable.","A strong ridge of high pressure was centered over the Central Plains during the middle part of the month with the Desert Southwest feeling its influence. This brought excessive heat conditions to the region with temperatures in Phoenix peaking at 113�� on the 16th. According to the Maricopa County Department of Public Health, 9 heat-associated fatalities occurred during this time.",190
1040242,WESTERN PIMA COUNTY (ZONE), ,06/16/2022,1000,Excessive Heat, , ,0,0,0,0,AZ,MST-7, ,171350,Z,501,TWC,0,0,Mesonet, , , , , , , , ,06/16/2022,2000, , , , ,"Very hot high temperatures occurred across western Pima and south central Pinal counties and caused the High Heat Risk category to be reached. Ajo and Picacho topped out at 110 degrees and Organ Pipe National Monument reached 108.","Very hot temperatures 7 to 10 degrees above normal were experienced in the lower elevations of southeast Arizona June 16, with high temperatures near record levels. The Pima County Medical Examiner confirmed that heat was the primary cause of death for one individual found in the desert.",191
1040243,SOUTH CENTRAL PINAL COUNTY (ZONE), ,06/16/2022,1000,Excessive Heat, , ,0,0,0,0,AZ,MST-7, ,171350,Z,505,TWC,0,0,Mesonet, , , , , , , , ,06/16/2022,2000, , , , ,"Very hot high temperatures occurred across western Pima and south central Pinal counties and caused the High Heat Risk category to be reached. Ajo and Picacho topped out at 110 degrees and Organ Pipe National Monument reached 108.","Very hot temperatures 7 to 10 degrees above normal were experienced in the lower elevations of southeast Arizona June 16, with high temperatures near record levels. The Pima County Medical Examiner confirmed that heat was the primary cause of death for one individual found in the desert.",192
1040248,UPPER GILA RIVER AND ARAVAIPA VALLEYS (ZONE), ,06/16/2022,1000,Excessive Heat, , ,0,0,0,0,AZ,MST-7, ,171350,Z,509,TWC,0,0,Mesonet, , , , , , , , ,06/16/2022,2000, , , , ,"Very hot high temperatures occurred across Graham and Greenlee counties and caused the High Heat Risk category to be reached. Record highs were set at Safford Agricultural Center with 110 degrees and Duncan with 108.","Very hot temperatures 7 to 10 degrees above normal were experienced in the lower elevations of southeast Arizona June 16, with high temperatures near record levels. The Pima County Medical Examiner confirmed that heat was the primary cause of death for one individual found in the desert.",193
1040244,UPPER SANTA CRUZ RIVER AND ALTAR VALLEYS (ZONE), ,06/16/2022,1000,Excessive Heat, , ,0,0,0,0,AZ,MST-7, ,171350,Z,503,TWC,0,0,Mesonet, , , , , , , , ,06/16/2022,2000, , , , ,"Very hot high temperatures occurred across Santa Cruz, eastern Pima, southeast Pinal and northwest Cochise counties and caused the High Heat Risk category to be reached. Tucson airport topped out at 111 degrees, Sasabe and Cascabel reached 109 while Nogales Airport and San Manuel hit 106.","Very hot temperatures 7 to 10 degrees above normal were experienced in the lower elevations of southeast Arizona June 16, with high temperatures near record levels. The Pima County Medical Examiner confirmed that heat was the primary cause of death for one individual found in the desert.",194
1040245,TUCSON METRO AREA (ZONE), ,06/16/2022,1000,Excessive Heat, , ,0,0,0,0,AZ,MST-7, ,171350,Z,504,TWC,0,0,Mesonet, , , , , , , , ,06/16/2022,2000, , , , ,"Very hot high temperatures occurred across Santa Cruz, eastern Pima, southeast Pinal and northwest Cochise counties and caused the High Heat Risk category to be reached. Tucson airport topped out at 111 degrees, Sasabe and Cascabel reached 109 while Nogales Airport and San Manuel hit 106.","Very hot temperatures 7 to 10 degrees above normal were experienced in the lower elevations of southeast Arizona June 16, with high temperatures near record levels. The Pima County Medical Examiner confirmed that heat was the primary cause of death for one individual found in the desert.",195
1040246,SOUTHEAST PINAL COUNTY (ZONE), ,06/16/2022,1000,Excessive Heat, , ,0,0,0,0,AZ,MST-7, ,171350,Z,506,TWC,0,0,Mesonet, , , , , , , , ,06/16/2022,2000, , , , ,"Very hot high temperatures occurred across Santa Cruz, eastern Pima, southeast Pinal and northwest Cochise counties and caused the High Heat Risk category to be reached. Tucson airport topped out at 111 degrees, Sasabe and Cascabel reached 109 while Nogales Airport and San Manuel hit 106.","Very hot temperatures 7 to 10 degrees above normal were experienced in the lower elevations of southeast Arizona June 16, with high temperatures near record levels. The Pima County Medical Examiner confirmed that heat was the primary cause of death for one individual found in the desert.",196
1040247,UPPER SAN PEDRO RIVER VALLEY (ZONE), ,06/16/2022,1000,Excessive Heat, , ,0,0,0,0,AZ,MST-7, ,171350,Z,507,TWC,0,0,Mesonet, , , , , , , , ,06/16/2022,2000, , , , ,"Very hot high temperatures occurred across Santa Cruz, eastern Pima, southeast Pinal and northwest Cochise counties and caused the High Heat Risk category to be reached. Tucson airport topped out at 111 degrees, Sasabe and Cascabel reached 109 while Nogales Airport and San Manuel hit 106.","Very hot temperatures 7 to 10 degrees above normal were experienced in the lower elevations of southeast Arizona June 16, with high temperatures near record levels. The Pima County Medical Examiner confirmed that heat was the primary cause of death for one individual found in the desert.",197
1040241,TOHONO O ODHAM NATION (ZONE), ,06/16/2022,1000,Excessive Heat, , ,1,0,0,0,AZ,MST-7, ,171350,Z,502,TWC,0,0,County Official, , , , , , , , ,06/16/2022,2000, , , , ,"Very hot high temperatures near 110 degrees occurred and caused the High Heat Risk category to be reached. The Pima County Medical Examiner confirmed that heat was the primary cause of death for one individual found in the desert near Ali Chukson.","Very hot temperatures 7 to 10 degrees above normal were experienced in the lower elevations of southeast Arizona June 16, with high temperatures near record levels. The Pima County Medical Examiner confirmed that heat was the primary cause of death for one individual found in the desert.",198
1143708,SCOTTSDALE/PARADISE VALLEY (ZONE), ,06/17/2022,0,Heat, , ,1,0,0,0,AZ,MST-7, ,186366,Z,546,PSR,0,0,County Official, , , , , , , , ,06/17/2022,2359, , , , ,"One direct fatality was reported by the Maricopa County Department of Public Health, with their details, such as age, gender, circumstances, and exact location unavailable.","A strong ridge of high pressure was centered over the Central Plains during the middle part of the month with the Desert Southwest feeling its influence. This brought excessive heat conditions to the region with temperatures in Phoenix peaking at 113�� on the 16th. According to the Maricopa County Department of Public Health, 9 heat-associated fatalities occurred during this time.",199
1143709,EAST VALLEY (ZONE), ,06/17/2022,0,Heat, , ,1,0,0,0,AZ,MST-7, ,186366,Z,548,PSR,0,1,County Official, , , , , , , , ,06/17/2022,2359, , , , ,"Two fatalities (1 direct and 1 indirect) were reported by the Maricopa County Department of Public Health, with their details, such as age, gender, circumstances, and exact location unavailable.","A strong ridge of high pressure was centered over the Central Plains during the middle part of the month with the Desert Southwest feeling its influence. This brought excessive heat conditions to the region with temperatures in Phoenix peaking at 113�� on the 16th. According to the Maricopa County Department of Public Health, 9 heat-associated fatalities occurred during this time.",200
1143707,CENTRAL PHOENIX (ZONE), ,06/17/2022,0,Heat, , ,1,0,0,0,AZ,MST-7, ,186366,Z,543,PSR,0,2,County Official, , , , , , , , ,06/17/2022,2359, , , , ,"Three fatalities (1 direct and 2 indirect) were reported by the Maricopa County Department of Public Health, with their details, such as age, gender, circumstances, and exact location unavailable.","A strong ridge of high pressure was centered over the Central Plains during the middle part of the month with the Desert Southwest feeling its influence. This brought excessive heat conditions to the region with temperatures in Phoenix peaking at 113�� on the 16th. According to the Maricopa County Department of Public Health, 9 heat-associated fatalities occurred during this time.",201
1032193,LAKE MEAD NATIONAL RECREATION AREA (ZONE), ,06/18/2022,1200,Strong Wind,39.00, ,0,0,0,0,AZ,MST-7,MG,170262,Z,36,VEF,0,1,Park/Forest Service, , , , , , , , ,06/18/2022,1300, , , , ,"A boat with three men aboard capsized in strong winds and rough waves around noon. Two men were rescued, but one drowned.","One person died on Lake Mead when a boat capsized in strong winds and rough waves.",202
1041265,PIMA CO.,CASAS ADOBES,06/18/2022,1610,Thunderstorm Wind,43.00, ,0,0,1000,0,AZ,MST-7,EG,171519,C,19,TWC,0,0,Trained Spotter, , , ,1,NNW,1,N,CASAS ADOBES,06/18/2022,1610,32.3347,-110.9894,32.3366,-110.9786,"Thunderstorm winds downed multiple tree branches and downed one shallow rooted tree in a parking lot along Ina Rd between La Cholla and Oracle Rds.","Scattered thunderstorms moved northeast across southeast Arizona. One storm produced a severe wind gust in Green Valley and another caused minor tree damage in Tucson.",203
1041266,PIMA CO.,CONTINENTAL,06/18/2022,1657,Thunderstorm Wind,52.00, ,0,0,500,0,AZ,MST-7,MG,171519,C,19,TWC,0,0,Public, , , ,1,SE,1,SE,CONTINENTAL,06/18/2022,1657,31.84,-110.97,31.84,-110.97,"Thunderstorm wind gusts to 60 mph downed tree limbs in Green Valley.","Scattered thunderstorms moved northeast across southeast Arizona. One storm produced a severe wind gust in Green Valley and another caused minor tree damage in Tucson.",204
1023885,YUMA CO.,ARABY,06/18/2022,1910,Dust Devil, , ,0,0,50000,0,AZ,MST-7, ,169023,C,27,PSR,0,0,Social Media, , , ,4,E,4,E,ARABY,06/18/2022,1920,32.667,-114.4551,32.67,-114.4552,"A strong dust devil developed and moved northward in an urbanized sector of Fortuna Foothills just east of Yuma, causing extensive property damage. There were social media images of roofs torn off, roofing tiles blown off, a brick wall collapsing, trees uprooted and massive debris hitting power lines, knocking power out to 2022 customers. The dust devil tracked northward between 10E and 36th Street and South Payson Drive to South Fontage Road near I-8. No injuries were reported.","A strong dust devil developed and moved in an urbanized sector of Fortuna Foothills just east of Yuma, causing extensive property damage. There were social media images of roofs torn off, roofing tiles blown off, brick wall collapsing, trees uprooted, and massive debris hitting power lines, knocking power out to 2022 customers. No injuries were reported.",205
1039314,TOHONO O ODHAM NATION (ZONE), ,06/20/2022,700,Wildfire, , ,0,0,0,0,AZ,MST-7, ,171213,Z,502,TWC,0,0,Other Federal Agency, , , , , , , , ,06/24/2022,900, , , , ,"The lightning caused Contreras Fire started on June 11 in the Baboquivari Mountains on Tohono O'odham tribal lands within Pima County. Gusty winds helped the fire grow rapidly in dry fuels and rugged terrain. Kitt Peak Observatory was evacuated prior to the fire overtaking the area on the 17th. One cabin, a dormitory and 1 shed were destroyed and the road was also damaged. Power poles were destroyed cutting off power to the observatory. Those damage estimates were near $500,000 but do not account for complete assessments of all telescopes and other equipment. The 20 residents of the community of Pan Tak were also temporarily evacuated as a precaution, but no damage occurred there. The fire became fully contained on June 24, aided by significant rainfall on the 23rd.  Fire suppression costs for the 29,482 acre fire tallied more than $13 million.","The lightning caused Contreras Fire started on June 11 in the Baboquivari Mountains on Tohono O'odham tribal lands within Pima County. Gusty winds helped the fire grow rapidly in dry fuels and rugged terrain. Kitt Peak Observatory was evacuated prior to the fire overtaking the area on the 17th. One cabin, a dormitory and 1 shed were destroyed and the road was also damaged. Power poles were destroyed cutting off power to the observatory. Those damage estimates were near $500,000 but do not account for complete assessments of all telescopes and other equipment. The 20 residents of the community of Pan Tak were also temporarily evacuated as a precaution, but no damage occurred there. The fire became fully contained on June 24, aided by significant rainfall on the 23rd.  Fire suppression costs for the 29,482 acre fire tallied more than $13 million.",206
1144180,CENTRAL PHOENIX (ZONE), ,06/21/2022,1700,Heat, , ,2,0,0,0,AZ,MST-7, ,186451,Z,543,PSR,0,2,County Official, , , , , , , , ,06/21/2022,1700, , , , ,"Four fatalities (2 direct and 2 indirect) were reported by the Maricopa County Department of Public Health, with their details, such as age, gender, circumstances, and exact location unavailable.","During the latter part of June, the Southwest was under the influence of a strong ridge of high pressure centered over the southern Plains. This allowed temperatures to climb slightly above seasonal normal values between the 21st through the 26th. At Phoenix Sky Harbor, afternoon high temperatures topped out at 108 degrees for several days during this time. According to the Maricopa County Department of Public Health, 13 heat-associated fatalities occurred due to this heat event.",207
1040273,TOHONO O ODHAM NATION (ZONE), ,06/22/2022,1000,Heat, , ,2,0,0,0,AZ,MST-7, ,171353,Z,502,TWC,0,0,County Official, , , , , , , , ,06/23/2022,2000, , , , ,"Hot high temperatures 5 degrees above normal near 105 occurred on June 22 and 23, causing the Moderate Heat Risk category to be reached. The Pima County Medical Examiner confirmed that heat was the primary cause of death for two individuals found in the desert; one southeast of Topawa on the 22nd and another north of Santa Rosa on the 23rd.","Hot temperatures 5 to 10 degrees above normal were experienced in the western two thirds of Pima County on June 22 and 23. The Pima County Medical Examiner confirmed that heat was the primary cause of death for three individuals found in the desert, one in western Pima County and two on the Tohono O'odham Nation.",208
1144183,CENTRAL PHOENIX (ZONE), ,06/22/2022,1700,Heat, , ,0,0,0,0,AZ,MST-7, ,186451,Z,543,PSR,0,1,County Official, , , , , , , , ,06/22/2022,1700, , , , ,"One indirect fatality was reported by the Maricopa County Department of Public Health, with their details, such as age, gender, circumstances, and exact location unavailable.","During the latter part of June, the Southwest was under the influence of a strong ridge of high pressure centered over the southern Plains. This allowed temperatures to climb slightly above seasonal normal values between the 21st through the 26th. At Phoenix Sky Harbor, afternoon high temperatures topped out at 108 degrees for several days during this time. According to the Maricopa County Department of Public Health, 13 heat-associated fatalities occurred due to this heat event.",209
1024418,PARKER VALLEY (ZONE), ,06/22/2022,1840,Dust Storm, , ,0,0,0,0,AZ,MST-7, ,169109,Z,530,PSR,0,0,Trained Spotter, , , , , , , , ,06/22/2022,1850, , , , ,"Video showing 1/4 mile visibility in blowing dust on the intersection of Agnes Wilson Road and 14th Ave in Parker, AZ due to an outflow originating from thunderstorm complexes over Riverside County, CA. No accidents or injuries were reported.","Storms that developed across the eastern half of Riverside County produced an outward propagating outflow that made it all the way to the east of the Lower Colorado River Valley, resulting in dense blowing dust into western portions of La Paz County. No accidents or injuries reported.",210
1041274,PINAL CO.,CAMP BONITO,06/22/2022,1845,Thunderstorm Wind,35.00, ,0,0,1000,0,AZ,MST-7,EG,171521,C,21,TWC,0,0,Law Enforcement, , , ,13,WSW,13,WSW,CAMP BONITO,06/22/2022,1845,32.468,-110.9035,32.468,-110.9035,"Thunderstorm winds downed power lines in Catalina.","Thunderstorms moved northeast across southeast Arizona. One storm produced winds that downed power lines in Catalina.",211
1040272,WESTERN PIMA COUNTY (ZONE), ,06/23/2022,1000,Excessive Heat, , ,1,0,0,0,AZ,MST-7, ,171353,Z,501,TWC,0,0,County Official, , , , , , , , ,06/23/2022,2000, , , , ,"Very hot high temperatures nearly 10 degrees above normal occurred on June 23 with low temperatures in the lower 80s, causing the High Heat Risk category to be reached. Ajo topped out at 110 degrees and Organ Pipe National Monument reached 108. The Pima County Medical Examiner confirmed that heat was the primary cause of death for one individual found in the desert on the Cabeza Prieta National Wildlife Refuge.","Hot temperatures 5 to 10 degrees above normal were experienced in the western two thirds of Pima County on June 22 and 23. The Pima County Medical Examiner confirmed that heat was the primary cause of death for three individuals found in the desert, one in western Pima County and two on the Tohono O'odham Nation.",212
1041278,PIMA CO.,GU CHUAPO,06/23/2022,1330,Debris Flow, , ,0,0,5000,0,AZ,MST-7, ,171522,C,19,TWC,0,0,Department of Highways,Heavy Rain / Burn Area, , ,3,ENE,3,S,PAN TAK,06/23/2022,1500,31.9111,-111.6194,31.9776,-111.5675,"Nearly 2 inches of rain in less than 2 hours over the Contreras burn scar caused a 1-2 ft debris flow across State Highway 386 to Kitt Peak.","Thunderstorms moved north across southeast Arizona. Thunderstorm winds produced a wall of dust along I-10 in Pinal County.  Other storms produced heavy rain and flash flooding in the Baboquivari Mountains.",213
1026035,MARICOPA CO.,FREEMAN,06/23/2022,1355,Thunderstorm Wind,61.00, ,0,0,1000,0,AZ,MST-7,EG,169114,C,13,PSR,0,0,Utility Company, , , ,10,ENE,10,ENE,FREEMAN,06/23/2022,1355,32.9202,-112.1518,32.9202,-112.1518,"Downed power pole. Winds were estimated at around 70 mph. No injuries were reported.","An upper-level low located over the Great Basin produced cooler than normal 500 mb temperature of between -9 and -10C and also some upper-level diffluence with a 50-60 kt jet at upper-levels. Moisture levels were also above normal with precipitable water values between 1.0-1.3 inches. The combination of all of these factors resulted in sufficient instability with MLCAPE values approaching 1000 J/KG while DCAPE values were approaching 1500 J/KG. Thunderstorms began to develop during the early to mid-afternoon hours across most of southern and central Arizona, with strong to locally damaging winds as well as dense blowing dust being the main hazards along with locally heavy rainfall. One of the damaged areas came just northwest of Stanfield, where there were multiple downed power poles as well as a rolled over RV. There were also visible photos from social media as well as from seasoned storm chasers of a couple of landspouts, one near damaged area just northwest of Stanfield and another over Buckeye. With respect to the landspout that developed just northwest of Stanfield, there was no confirmation that it was responsible for the damage observed, which most likely was due to downburst wind. No injuries were reported with these thunderstorms.",214
1040550,COCONINO CO.,ANGELL,06/23/2022,1400,Tornado, ,EF0,0,0,0,0,AZ,MST-7, ,171412,C,5,FGZ,0,0,Public, ,0.1,10,3,SSE,3,SSE,ANGELL,06/23/2022,1415,35.16,-111.27,35.16,-111.27,"A land spout was reported near Interstate 40 east of Winona near The Twin Arrows Trading Post.  It persisted for 10-15 minutes. Pictures were posted on social media.","A land spout was seen east of Winona near Twin Arrows for about 15 minutes.",215
1042578,PINAL CO.,STANFIELD,06/23/2022,1403,Tornado, ,EFU,0,0,0,0,AZ,MST-7, ,169114,C,21,PSR,0,0,Storm Chaser, ,0.6,15,4,WNW,4,NW,STANFIELD,06/23/2022,1408,32.9011,-112.0261,32.9076,-112.0193,"Multiple storm chaser photos show a landspout tornado developed northwest of Stanfield. It appeared to be moving northeast along a thunderstorm outflow through open farm fields. The exact location, timing, path length, and width were all estimated based on the photos and radar. It is unknown if the landspout caused any property or crop damage and no damage survey was conducted. An RV did flip and around 50 power poles did fall in this area, but these reports were attributed to downburst winds due to nearly all power poles falling to the north. No injuries were reported.","An upper-level low located over the Great Basin produced cooler than normal 500 mb temperature of between -9 and -10C and also some upper-level diffluence with a 50-60 kt jet at upper-levels. Moisture levels were also above normal with precipitable water values between 1.0-1.3 inches. The combination of all of these factors resulted in sufficient instability with MLCAPE values approaching 1000 J/KG while DCAPE values were approaching 1500 J/KG. Thunderstorms began to develop during the early to mid-afternoon hours across most of southern and central Arizona, with strong to locally damaging winds as well as dense blowing dust being the main hazards along with locally heavy rainfall. One of the damaged areas came just northwest of Stanfield, where there were multiple downed power poles as well as a rolled over RV. There were also visible photos from social media as well as from seasoned storm chasers of a couple of landspouts, one near damaged area just northwest of Stanfield and another over Buckeye. With respect to the landspout that developed just northwest of Stanfield, there was no confirmation that it was responsible for the damage observed, which most likely was due to downburst wind. No injuries were reported with these thunderstorms.",216
1026036,MARICOPA CO.,MOBILE,06/23/2022,1425,Thunderstorm Wind,61.00, ,0,0,75000,0,AZ,MST-7,EG,169114,C,13,PSR,0,0,Storm Chaser, , , ,17,ESE,17,ESE,MOBILE,06/23/2022,1425,32.9309,-112.0158,32.9309,-112.0158,"Multiple reports from storm chasers and local media of multiple downed power poles, trees, flipped irrigation pivots, and a rolled RV along and just east of SR-347, northwest of Stanfield. The local utility company reported around 50 downed power poles across the area, most of which were blown toward the north. There was a confirmed landspout in the general area as well, however, there was no evidence that it was the cause of any of the damage. Therefore, the downburst winds are being treated as the official cause of the damages. Winds were estimated at around 70 mph after discussion with the utility company. No injuries were reported.","An upper-level low located over the Great Basin produced cooler than normal 500 mb temperature of between -9 and -10C and also some upper-level diffluence with a 50-60 kt jet at upper-levels. Moisture levels were also above normal with precipitable water values between 1.0-1.3 inches. The combination of all of these factors resulted in sufficient instability with MLCAPE values approaching 1000 J/KG while DCAPE values were approaching 1500 J/KG. Thunderstorms began to develop during the early to mid-afternoon hours across most of southern and central Arizona, with strong to locally damaging winds as well as dense blowing dust being the main hazards along with locally heavy rainfall. One of the damaged areas came just northwest of Stanfield, where there were multiple downed power poles as well as a rolled over RV. There were also visible photos from social media as well as from seasoned storm chasers of a couple of landspouts, one near damaged area just northwest of Stanfield and another over Buckeye. With respect to the landspout that developed just northwest of Stanfield, there was no confirmation that it was responsible for the damage observed, which most likely was due to downburst wind. No injuries were reported with these thunderstorms.",217
1041277,SOUTH CENTRAL PINAL COUNTY (ZONE), ,06/23/2022,1435,Dust Storm, , ,0,0,0,0,AZ,MST-7, ,171522,Z,505,TWC,0,0,Department of Highways, , , , , , , , ,06/23/2022,1500, , , , ,"Thunderstorm outflow winds produced a wall of dust that reduced visibility to less than a quarter mile across I-10 northwest of Picacho.","Thunderstorms moved north across southeast Arizona. Thunderstorm winds produced a wall of dust along I-10 in Pinal County.  Other storms produced heavy rain and flash flooding in the Baboquivari Mountains.",218
1040434,NORTHWEST PINAL COUNTY (ZONE), ,06/23/2022,1441,Dust Storm, , ,0,0,0,0,AZ,MST-7, ,169114,Z,553,PSR,0,0,Department of Highways, , , , , , , , ,06/23/2022,1451, , , , ,"Visibility of less than 1/4 mile in blowing dust from thunderstorm outflow on I-10 near Casa Grande. No accidents or injuries were reported.","An upper-level low located over the Great Basin produced cooler than normal 500 mb temperature of between -9 and -10C and also some upper-level diffluence with a 50-60 kt jet at upper-levels. Moisture levels were also above normal with precipitable water values between 1.0-1.3 inches. The combination of all of these factors resulted in sufficient instability with MLCAPE values approaching 1000 J/KG while DCAPE values were approaching 1500 J/KG. Thunderstorms began to develop during the early to mid-afternoon hours across most of southern and central Arizona, with strong to locally damaging winds as well as dense blowing dust being the main hazards along with locally heavy rainfall. One of the damaged areas came just northwest of Stanfield, where there were multiple downed power poles as well as a rolled over RV. There were also visible photos from social media as well as from seasoned storm chasers of a couple of landspouts, one near damaged area just northwest of Stanfield and another over Buckeye. With respect to the landspout that developed just northwest of Stanfield, there was no confirmation that it was responsible for the damage observed, which most likely was due to downburst wind. No injuries were reported with these thunderstorms.",219
1026037,NORTHWEST PINAL COUNTY (ZONE), ,06/23/2022,1443,Dust Storm, , ,0,0,0,0,AZ,MST-7, ,169114,Z,553,PSR,0,0,Department of Highways, , , , , , , , ,06/23/2022,1453, , , , ,"Visibility less than 1/4 mile in blowing dust from thunderstorm outflow three miles northwest of Eloy on I-10. No accidents or injuries were reported.","An upper-level low located over the Great Basin produced cooler than normal 500 mb temperature of between -9 and -10C and also some upper-level diffluence with a 50-60 kt jet at upper-levels. Moisture levels were also above normal with precipitable water values between 1.0-1.3 inches. The combination of all of these factors resulted in sufficient instability with MLCAPE values approaching 1000 J/KG while DCAPE values were approaching 1500 J/KG. Thunderstorms began to develop during the early to mid-afternoon hours across most of southern and central Arizona, with strong to locally damaging winds as well as dense blowing dust being the main hazards along with locally heavy rainfall. One of the damaged areas came just northwest of Stanfield, where there were multiple downed power poles as well as a rolled over RV. There were also visible photos from social media as well as from seasoned storm chasers of a couple of landspouts, one near damaged area just northwest of Stanfield and another over Buckeye. With respect to the landspout that developed just northwest of Stanfield, there was no confirmation that it was responsible for the damage observed, which most likely was due to downburst wind. No injuries were reported with these thunderstorms.",220
1026038,NORTHWEST PINAL COUNTY (ZONE), ,06/23/2022,1453,Dust Storm, , ,0,0,0,0,AZ,MST-7, ,169114,Z,553,PSR,0,0,Department of Highways, , , , , , , , ,06/23/2022,1503, , , , ,"Visibility less than 1/4 mile in blowing dust from thunderstorm outflow on I-8, 4 miles west of I-10. No accidents or injuries were reported.","An upper-level low located over the Great Basin produced cooler than normal 500 mb temperature of between -9 and -10C and also some upper-level diffluence with a 50-60 kt jet at upper-levels. Moisture levels were also above normal with precipitable water values between 1.0-1.3 inches. The combination of all of these factors resulted in sufficient instability with MLCAPE values approaching 1000 J/KG while DCAPE values were approaching 1500 J/KG. Thunderstorms began to develop during the early to mid-afternoon hours across most of southern and central Arizona, with strong to locally damaging winds as well as dense blowing dust being the main hazards along with locally heavy rainfall. One of the damaged areas came just northwest of Stanfield, where there were multiple downed power poles as well as a rolled over RV. There were also visible photos from social media as well as from seasoned storm chasers of a couple of landspouts, one near damaged area just northwest of Stanfield and another over Buckeye. With respect to the landspout that developed just northwest of Stanfield, there was no confirmation that it was responsible for the damage observed, which most likely was due to downburst wind. No injuries were reported with these thunderstorms.",221
1041279,PIMA CO.,CHIULI SHAIK,06/23/2022,1530,Flash Flood, , ,0,0,0,0,AZ,MST-7, ,171522,C,19,TWC,0,0,Public,Heavy Rain, , ,7,ESE,10,NW,LAS GUIJAS,06/23/2022,1630,31.7731,-111.5403,31.7822,-111.4752,"Heavy rain of 1.5 to 3 inches in less than 3 hours caused flash flooding along Empire Ranch Rd.","Thunderstorms moved north across southeast Arizona. Thunderstorm winds produced a wall of dust along I-10 in Pinal County.  Other storms produced heavy rain and flash flooding in the Baboquivari Mountains.",222
1026046,EAST VALLEY (ZONE), ,06/23/2022,1607,Dust Storm, , ,0,0,0,0,AZ,MST-7, ,169114,Z,548,PSR,0,0,Trained Spotter, , , , , , , , ,06/23/2022,1617, , , , ,"Visibility of 1/4 mile in blowing dust from thunderstorm outflow in Tempe near the intersection of Rural Road and E Baseline Road. No accidents or injuries were reported.","An upper-level low located over the Great Basin produced cooler than normal 500 mb temperature of between -9 and -10C and also some upper-level diffluence with a 50-60 kt jet at upper-levels. Moisture levels were also above normal with precipitable water values between 1.0-1.3 inches. The combination of all of these factors resulted in sufficient instability with MLCAPE values approaching 1000 J/KG while DCAPE values were approaching 1500 J/KG. Thunderstorms began to develop during the early to mid-afternoon hours across most of southern and central Arizona, with strong to locally damaging winds as well as dense blowing dust being the main hazards along with locally heavy rainfall. One of the damaged areas came just northwest of Stanfield, where there were multiple downed power poles as well as a rolled over RV. There were also visible photos from social media as well as from seasoned storm chasers of a couple of landspouts, one near damaged area just northwest of Stanfield and another over Buckeye. With respect to the landspout that developed just northwest of Stanfield, there was no confirmation that it was responsible for the damage observed, which most likely was due to downburst wind. No injuries were reported with these thunderstorms.",223
1026045,EAST VALLEY (ZONE), ,06/23/2022,1620,Dust Storm, , ,0,0,0,0,AZ,MST-7, ,169114,Z,548,PSR,0,0,Trained Spotter, , , , , , , , ,06/23/2022,1630, , , , ,"Visibility of 1/4 mile in blowing dust from thunderstorm outflow in Chandler near the intersection of Loop 101 and Ray Road. No accidents or injuries were reported.","An upper-level low located over the Great Basin produced cooler than normal 500 mb temperature of between -9 and -10C and also some upper-level diffluence with a 50-60 kt jet at upper-levels. Moisture levels were also above normal with precipitable water values between 1.0-1.3 inches. The combination of all of these factors resulted in sufficient instability with MLCAPE values approaching 1000 J/KG while DCAPE values were approaching 1500 J/KG. Thunderstorms began to develop during the early to mid-afternoon hours across most of southern and central Arizona, with strong to locally damaging winds as well as dense blowing dust being the main hazards along with locally heavy rainfall. One of the damaged areas came just northwest of Stanfield, where there were multiple downed power poles as well as a rolled over RV. There were also visible photos from social media as well as from seasoned storm chasers of a couple of landspouts, one near damaged area just northwest of Stanfield and another over Buckeye. With respect to the landspout that developed just northwest of Stanfield, there was no confirmation that it was responsible for the damage observed, which most likely was due to downburst wind. No injuries were reported with these thunderstorms.",224
1026049,BUCKEYE/AVONDALE (ZONE), ,06/23/2022,1622,Dust Storm, , ,0,0,0,0,AZ,MST-7, ,169114,Z,540,PSR,0,0,Trained Spotter, , , , , , , , ,06/23/2022,1632, , , , ,"Visibility of 1/4 mile reported in Goodyear in blowing dust from thunderstorm outflow along W Yuma Road between South Sarival Avenue and South Estrella Parkway. No accidents or injuries were reported.","An upper-level low located over the Great Basin produced cooler than normal 500 mb temperature of between -9 and -10C and also some upper-level diffluence with a 50-60 kt jet at upper-levels. Moisture levels were also above normal with precipitable water values between 1.0-1.3 inches. The combination of all of these factors resulted in sufficient instability with MLCAPE values approaching 1000 J/KG while DCAPE values were approaching 1500 J/KG. Thunderstorms began to develop during the early to mid-afternoon hours across most of southern and central Arizona, with strong to locally damaging winds as well as dense blowing dust being the main hazards along with locally heavy rainfall. One of the damaged areas came just northwest of Stanfield, where there were multiple downed power poles as well as a rolled over RV. There were also visible photos from social media as well as from seasoned storm chasers of a couple of landspouts, one near damaged area just northwest of Stanfield and another over Buckeye. With respect to the landspout that developed just northwest of Stanfield, there was no confirmation that it was responsible for the damage observed, which most likely was due to downburst wind. No injuries were reported with these thunderstorms.",225
1144186,EAST VALLEY (ZONE), ,06/23/2022,1700,Heat, , ,1,0,0,0,AZ,MST-7, ,186451,Z,548,PSR,0,2,County Official, , , , , , , , ,06/23/2022,1700, , , , ,"Three fatalities (1 direct and 2 indirect) were reported by the Maricopa County Department of Public Health, with their details, such as age, gender, circumstances, and exact location unavailable.","During the latter part of June, the Southwest was under the influence of a strong ridge of high pressure centered over the southern Plains. This allowed temperatures to climb slightly above seasonal normal values between the 21st through the 26th. At Phoenix Sky Harbor, afternoon high temperatures topped out at 108 degrees for several days during this time. According to the Maricopa County Department of Public Health, 13 heat-associated fatalities occurred due to this heat event.",226
1144187,BUCKEYE/AVONDALE (ZONE), ,06/24/2022,1700,Heat, , ,1,0,0,0,AZ,MST-7, ,186451,Z,540,PSR,0,0,County Official, , , , , , , , ,06/24/2022,1700, , , , ,"One direct fatality was reported by the Maricopa County Department of Public Health, with their details, such as age, gender, circumstances, and exact location unavailable.","During the latter part of June, the Southwest was under the influence of a strong ridge of high pressure centered over the southern Plains. This allowed temperatures to climb slightly above seasonal normal values between the 21st through the 26th. At Phoenix Sky Harbor, afternoon high temperatures topped out at 108 degrees for several days during this time. According to the Maricopa County Department of Public Health, 13 heat-associated fatalities occurred due to this heat event.",227
1026450,MARICOPA CO.,OCOTILLO,06/24/2022,2245,Flood, , ,0,0,0,0,AZ,MST-7, ,169402,C,13,PSR,0,0,Public,Heavy Rain, , ,2,NNW,2,NNW,OCOTILLO,06/25/2022,230,33.2511,-111.8659,33.2499,-111.861,"Flooding reported along S Alma School Road between Sun Lakes and Chandler. Water was 2.5-3 inches deep. No damages or injuries were reported.","Outflow boundaries originating from distant thunderstorms converged on the valley floor during the evening hours. This combined with a pocket of upper-level divergence as analyzed by the SPC mesoanalysis resulted in the development of a strong thunderstorm over Chandler. Other weaker thunderstorms developed across the valley as well from the resulting outflow boundaries. A strong thunderstorm that developed near Morristown caused downed powerlines, resulting in the closure of US-60. No injuries were reported.",228
1027985,MARICOPA CO.,MORRISTOWN,06/24/2022,2300,Thunderstorm Wind,43.00, ,0,0,5000,0,AZ,MST-7,EG,169402,C,13,PSR,0,0,Department of Highways, , , ,0,NNW,0,NNW,MORRISTOWN,06/24/2022,2300,33.8547,-112.6236,33.8547,-112.6236,"Arizona Department of Transportation reported US-60 was closed in both directions in Morristown due to downed power lines. Winds were estimated at 50 mph. Timing of the damage was estimated based on radar. No injuries were reported.","Outflow boundaries originating from distant thunderstorms converged on the valley floor during the evening hours. This combined with a pocket of upper-level divergence as analyzed by the SPC mesoanalysis resulted in the development of a strong thunderstorm over Chandler. Other weaker thunderstorms developed across the valley as well from the resulting outflow boundaries. A strong thunderstorm that developed near Morristown caused downed powerlines, resulting in the closure of US-60. No injuries were reported.",229
1026081,NORTHWEST PINAL COUNTY (ZONE), ,06/24/2022,2300,Dust Storm, , ,0,0,0,0,AZ,MST-7, ,169402,Z,553,PSR,0,0,Department of Highways, , , , , , , , ,06/24/2022,2310, , , , ,"Arizona Department of Transportation camera along State Route 347 near Cement Plant Road showed near zero visibility in dense blowing dust from thunderstorm outflow. In addition, a social media image of a person driving down State Route 347 between W Riggs Road and the Gila River Bridge showed a few hundred feet visibility. No accidents or injuries were reported.","Outflow boundaries originating from distant thunderstorms converged on the valley floor during the evening hours. This combined with a pocket of upper-level divergence as analyzed by the SPC mesoanalysis resulted in the development of a strong thunderstorm over Chandler. Other weaker thunderstorms developed across the valley as well from the resulting outflow boundaries. A strong thunderstorm that developed near Morristown caused downed powerlines, resulting in the closure of US-60. No injuries were reported.",230
1040561,YAVAPAI CO.,JEROME,06/25/2022,1443,Tornado, ,EF0,0,0,0,0,AZ,MST-7, ,171415,C,25,FGZ,0,0,Public, ,0.1,10,8,WSW,8,WSW,JEROME,06/25/2022,1450,34.72,-112.26,34.72,-112.26,"A landspout was seen north of Highway 89 and north of Prescott Valley. Location was estimated. Photos were sent to the office.","A land spout tornado was seen northeast of Prescott Valley on June 25.",231
1026430,MOHAVE CO.,COLORADO CITY ARPT,06/25/2022,1645,Thunderstorm Wind,55.00, ,0,0,0,0,AZ,MST-7,MG,169455,C,15,VEF,0,0,Mesonet, , , ,20,SSW,20,SSW,COLORADO CITY ARPT,06/25/2022,1645,36.6991,-113.2073,36.6991,-113.2073,"","A weak flow of monsoon moisture fueled isolated thunderstorms over Mohave County. One storm produced severe wind.",232
1144188,BUCKEYE/AVONDALE (ZONE), ,06/25/2022,1700,Heat, , ,0,0,0,0,AZ,MST-7, ,186451,Z,540,PSR,0,1,County Official, , , , , , , , ,06/25/2022,1700, , , , ,"One indirect fatality was reported by the Maricopa County Department of Public Health, with their details, such as age, gender, circumstances, and exact location unavailable.","During the latter part of June, the Southwest was under the influence of a strong ridge of high pressure centered over the southern Plains. This allowed temperatures to climb slightly above seasonal normal values between the 21st through the 26th. At Phoenix Sky Harbor, afternoon high temperatures topped out at 108 degrees for several days during this time. According to the Maricopa County Department of Public Health, 13 heat-associated fatalities occurred due to this heat event.",233
1027980,GILA BEND (ZONE), ,06/25/2022,1718,Dust Storm, , ,0,0,0,0,AZ,MST-7, ,169635,Z,539,PSR,0,0,Public, , , , , , , , ,06/25/2022,1728, , , , ,"Visibility of near 1000 feet in blowing dust from thunderstorm outflow reported near Tartron. No accidents or injuries were reported.","Sufficient moisture combined with daytime heating resulted in moderate instability, especially across southwest Arizona with SPC mesoanalysis showing MLCAPE of 1000 J/KG and DCAPE of 2000 J/KG. This resulted in the development of strong to locally severe isolated thunderstorms across portions of Yuma and La Paz counties, with strong downburst winds and dense blowing dust being the main hazards. There was also a popular social media photo of a possible landspout tornado in the Buckeye area. No damages or injuries were reported.",234
1027977,GILA RIVER VALLEY (ZONE), ,06/25/2022,1926,Dust Storm, , ,0,0,0,0,AZ,MST-7, ,169635,Z,536,PSR,0,0,Storm Chaser, , , , , , , , ,06/25/2022,1936, , , , ,"Visibility of 1/4 mile in blowing dust from thunderstorm outflow on I-8 near Wellton. No accidents or injuries were reported.","Sufficient moisture combined with daytime heating resulted in moderate instability, especially across southwest Arizona with SPC mesoanalysis showing MLCAPE of 1000 J/KG and DCAPE of 2000 J/KG. This resulted in the development of strong to locally severe isolated thunderstorms across portions of Yuma and La Paz counties, with strong downburst winds and dense blowing dust being the main hazards. There was also a popular social media photo of a possible landspout tornado in the Buckeye area. No damages or injuries were reported.",235
1027984,YUMA CO.,MARTINEZ LAKE,06/25/2022,2001,Thunderstorm Wind,51.00, ,0,0,0,0,AZ,MST-7,MG,169635,C,27,PSR,0,0,Mesonet, , , ,24,NNE,24,NNE,MARTINEZ LAKE,06/25/2022,2001,33.3728,-114.3352,33.3728,-114.3352,"Mesonet weather station west northwest of Palm Canyon reported a 59 mph wind gust.","Sufficient moisture combined with daytime heating resulted in moderate instability, especially across southwest Arizona with SPC mesoanalysis showing MLCAPE of 1000 J/KG and DCAPE of 2000 J/KG. This resulted in the development of strong to locally severe isolated thunderstorms across portions of Yuma and La Paz counties, with strong downburst winds and dense blowing dust being the main hazards. There was also a popular social media photo of a possible landspout tornado in the Buckeye area. No damages or injuries were reported.",236
1040564,COCONINO CO.,SUNSET CRATER,06/26/2022,1231,Flash Flood, , ,0,0,100000,0,AZ,MST-7, ,171417,C,5,FGZ,0,0,Public,Heavy Rain / Burn Area, , ,4,WNW,6,WNW,SUNSET CRATER,06/26/2022,1530,35.3659,-111.5659,35.3685,-111.5965,"Heavy rain fell over the Pipeline Fire scar (June 2022) and caused flooding on Highway 89 southbound near road NF-9122H. Flooding also was seen in the Wupatki Trails neighborhood on Camio de los Vientos. Homes and roads were impacted by the flood waters.","Deep monsoon moisture and slow mid level winds allowed slow moving thunderstorms to produce heavy rain and flash flooding over and below the Pipeline Fire scar. Flash flooding was also seen in Flagstaff.",237
1040630,COCONINO CO.,FLAGSTAFF,06/26/2022,1330,Flash Flood, , ,0,0,60000,0,AZ,MST-7, ,171417,C,5,FGZ,0,0,Public,Heavy Rain, , ,0,N,0,SSW,FLAGSTAFF,06/26/2022,1430,35.2,-111.65,35.1969,-111.652,"Heavy rain flooded the Milton/Route 66 under the railroad overpass in downtown Flagstaff. Cars were caught in the flood water.","Deep monsoon moisture and slow mid level winds allowed slow moving thunderstorms to produce heavy rain and flash flooding over and below the Pipeline Fire scar. Flash flooding was also seen in Flagstaff.",238
1041280,PIMA CO.,SAN JUAN SPG,06/26/2022,1400,Debris Flow, , ,0,0,2000,0,AZ,MST-7, ,171523,C,19,TWC,0,0,Department of Highways,Heavy Rain / Burn Area, , ,3,ENE,4,S,PAN TAK,06/26/2022,1500,31.9296,-111.6256,31.9624,-111.5584,"Thunderstorms produced one inch of rain in less than one hour over the Contreras burn scar causing a debris flow over State Route 386 to Kitt Peak.","Thunderstorms moved southwest across southeast Arizona. Thunderstorm winds produced a wall of dust along I-10 in Pinal County. Other storms produced heavy rain and flash flooding in the Baboquivari Mountains.",239
1144189,CENTRAL PHOENIX (ZONE), ,06/26/2022,1700,Heat, , ,2,0,0,0,AZ,MST-7, ,186451,Z,543,PSR,0,1,County Official, , , , , , , , ,06/26/2022,1700, , , , ,"Three fatalities (2 direct and 1 indirect) were reported by the Maricopa County Department of Public Health, with their details, such as age, gender, circumstances, and exact location unavailable.","During the latter part of June, the Southwest was under the influence of a strong ridge of high pressure centered over the southern Plains. This allowed temperatures to climb slightly above seasonal normal values between the 21st through the 26th. At Phoenix Sky Harbor, afternoon high temperatures topped out at 108 degrees for several days during this time. According to the Maricopa County Department of Public Health, 13 heat-associated fatalities occurred due to this heat event.",240
1034686,NORTHWEST PINAL COUNTY (ZONE), ,06/26/2022,1724,Dust Storm, , ,0,0,0,0,AZ,MST-7, ,170586,Z,553,PSR,0,0,Department of Highways, , , , , , , , ,06/26/2022,1734, , , , ,"Arizona Department of Transportation Webcam showed visibility less than 1/4 mile in blowing dust from thunderstorm outflow along SR-347 at Cement Plant Road. No accidents or injuries were reported.","An inverted trough at 700 mb moved across southern Arizona and with sufficient instability and moisture in place with MLCAPE of around 1000 J/KG and PWAT values of between 1.3 and 1.6 inches, widespread thunderstorm activity was observed across most of south-central and southwest Arizona. Storms first developed across the higher terrain north and east of Phoenix as well as across portions of southern Maricopa County during the early afternoon hours. These storms sent two outflow boundaries from opposing directions, which then collided across the Phoenix metro, sparking the development of additional storms over the Phoenix area. Another cluster of storms then developed across portions of southwest Arizona during the late afternoon into the early evening hours.  No damages or injuries were reported.",241
1041281,SOUTH CENTRAL PINAL COUNTY (ZONE), ,06/26/2022,1745,Dust Storm, , ,0,0,0,0,AZ,MST-7, ,171523,Z,505,TWC,0,0,Department of Highways, , , , , , , , ,06/26/2022,1805, , , , ,"Thunderstorm outflow winds produced a wall of dust that reduced visibilities to less than a quarter mile across I-10 near Picacho.","Thunderstorms moved southwest across southeast Arizona. Thunderstorm winds produced a wall of dust along I-10 in Pinal County. Other storms produced heavy rain and flash flooding in the Baboquivari Mountains.",242
1034710,LA PAZ CO.,BOUSE,06/26/2022,1750,Flash Flood, , ,0,0,0,0,AZ,MST-7, ,170586,C,12,PSR,0,0,Fire Department/Rescue,Heavy Rain, , ,3,SSE,3,ESE,BOUSE,06/26/2022,1950,33.889,-113.9857,33.9118,-113.9561,"The Bouse Fire Department reported washes were running along SR-72 near Bouse, resulting in difficult access as well as the closure of several sections of the highway. No damages or injuries were reported.","An inverted trough at 700 mb moved across southern Arizona and with sufficient instability and moisture in place with MLCAPE of around 1000 J/KG and PWAT values of between 1.3 and 1.6 inches, widespread thunderstorm activity was observed across most of south-central and southwest Arizona. Storms first developed across the higher terrain north and east of Phoenix as well as across portions of southern Maricopa County during the early afternoon hours. These storms sent two outflow boundaries from opposing directions, which then collided across the Phoenix metro, sparking the development of additional storms over the Phoenix area. Another cluster of storms then developed across portions of southwest Arizona during the late afternoon into the early evening hours.  No damages or injuries were reported.",243
1034687,MARICOPA CO.,FREEMAN,06/26/2022,1924,Flash Flood, , ,0,0,0,0,AZ,MST-7, ,170586,C,13,PSR,0,0,Storm Chaser,Heavy Rain, , ,15,ENE,15,ENE,FREEMAN,06/26/2022,2024,32.9098,-112.051,32.9096,-112.0482,"Flood water over Kortsen Road and SR-347. No damages or injuries were reported.","An inverted trough at 700 mb moved across southern Arizona and with sufficient instability and moisture in place with MLCAPE of around 1000 J/KG and PWAT values of between 1.3 and 1.6 inches, widespread thunderstorm activity was observed across most of south-central and southwest Arizona. Storms first developed across the higher terrain north and east of Phoenix as well as across portions of southern Maricopa County during the early afternoon hours. These storms sent two outflow boundaries from opposing directions, which then collided across the Phoenix metro, sparking the development of additional storms over the Phoenix area. Another cluster of storms then developed across portions of southwest Arizona during the late afternoon into the early evening hours.  No damages or injuries were reported.",244
1034782,PINAL CO.,CASA GRANDE ARPT,06/26/2022,1926,Flash Flood, , ,0,0,0,0,AZ,MST-7, ,170586,C,21,PSR,0,0,Social Media,Heavy Rain, , ,2,NE,2,NE,CASA GRANDE ARPT,06/26/2022,2026,32.9743,-111.7396,32.9742,-111.739,"A video on social media showed North Trekell Road just south of W Hopi Drive flooded with water flowing down the road. No damages or injuries were reported.","An inverted trough at 700 mb moved across southern Arizona and with sufficient instability and moisture in place with MLCAPE of around 1000 J/KG and PWAT values of between 1.3 and 1.6 inches, widespread thunderstorm activity was observed across most of south-central and southwest Arizona. Storms first developed across the higher terrain north and east of Phoenix as well as across portions of southern Maricopa County during the early afternoon hours. These storms sent two outflow boundaries from opposing directions, which then collided across the Phoenix metro, sparking the development of additional storms over the Phoenix area. Another cluster of storms then developed across portions of southwest Arizona during the late afternoon into the early evening hours.  No damages or injuries were reported.",245
1034696,GILA BEND (ZONE), ,06/26/2022,1940,Dust Storm, , ,0,0,0,0,AZ,MST-7, ,170586,Z,539,PSR,0,0,Storm Chaser, , , , , , , , ,06/26/2022,1950, , , , ,"Visibility of 100 feet or less in blowing dust from thunderstorm outflow around Milepost 81 of I-8 near Sentinel. No accidents or injuries were reported.","An inverted trough at 700 mb moved across southern Arizona and with sufficient instability and moisture in place with MLCAPE of around 1000 J/KG and PWAT values of between 1.3 and 1.6 inches, widespread thunderstorm activity was observed across most of south-central and southwest Arizona. Storms first developed across the higher terrain north and east of Phoenix as well as across portions of southern Maricopa County during the early afternoon hours. These storms sent two outflow boundaries from opposing directions, which then collided across the Phoenix metro, sparking the development of additional storms over the Phoenix area. Another cluster of storms then developed across portions of southwest Arizona during the late afternoon into the early evening hours.  No damages or injuries were reported.",246
1034684,GILA RIVER VALLEY (ZONE), ,06/26/2022,2034,Dust Storm, , ,0,0,0,0,AZ,MST-7, ,170586,Z,536,PSR,0,0,Storm Chaser, , , , , , , , ,06/26/2022,2044, , , , ,"Visibility of 1/4 mile in blowing dust from thunderstorm outflow new Tacna. No accidents or injuries were reported.","An inverted trough at 700 mb moved across southern Arizona and with sufficient instability and moisture in place with MLCAPE of around 1000 J/KG and PWAT values of between 1.3 and 1.6 inches, widespread thunderstorm activity was observed across most of south-central and southwest Arizona. Storms first developed across the higher terrain north and east of Phoenix as well as across portions of southern Maricopa County during the early afternoon hours. These storms sent two outflow boundaries from opposing directions, which then collided across the Phoenix metro, sparking the development of additional storms over the Phoenix area. Another cluster of storms then developed across portions of southwest Arizona during the late afternoon into the early evening hours.  No damages or injuries were reported.",247
1034685,YUMA (ZONE), ,06/26/2022,2141,Dust Storm, , ,0,0,0,0,AZ,MST-7, ,170586,Z,532,PSR,0,0,Trained Spotter, , , , , , , , ,06/26/2022,2151, , , , ,"Visibility of 1/4 mile in blowing dust from thunderstorm outflow near Yuma. No accidents or injuries were reported.","An inverted trough at 700 mb moved across southern Arizona and with sufficient instability and moisture in place with MLCAPE of around 1000 J/KG and PWAT values of between 1.3 and 1.6 inches, widespread thunderstorm activity was observed across most of south-central and southwest Arizona. Storms first developed across the higher terrain north and east of Phoenix as well as across portions of southern Maricopa County during the early afternoon hours. These storms sent two outflow boundaries from opposing directions, which then collided across the Phoenix metro, sparking the development of additional storms over the Phoenix area. Another cluster of storms then developed across portions of southwest Arizona during the late afternoon into the early evening hours.  No damages or injuries were reported.",248
1144292,CENTRAL PHOENIX (ZONE), ,06/28/2022,1700,Heat, , ,0,0,0,0,AZ,MST-7, ,186474,Z,543,PSR,0,1,County Official, , , , , , , , ,06/28/2022,1700, , , , ,"One indirect fatality was reported by the Maricopa County Department of Public Health, with their details, such as age, gender, circumstances, and exact location unavailable.","For the end of June, a strong ridge of high pressure set up across the western United States, becoming centered over the Great Basin. This led to temperatures climbing slightly above normal across the Phoenix area, with the afternoon high temperature at Phoenix Sky Harbor peaking at 109 degrees on the 29th. According to the Maricopa County Department of Public Health, 10 heat-associated fatalities occurred during this time.",249
1040684,YAVAPAI CO.,GOODWIN,06/28/2022,1745,Hail,1.00, ,0,0,0,0,AZ,MST-7, ,171425,C,25,FGZ,0,0,Public, , , ,3,NW,3,NW,GOODWIN,06/28/2022,1745,34.55,-112.4,34.55,-112.4,"Quarter sized hail was reported in Prescott (Twitter).","Thunderstorms produce hail in and around the Prescott area. Most reports were 1/2 to 3/4 inches in diameter.  One inch diameter hail fell in Prescott. Severe thunderstorms winds were reported near Kirkland as well.",250
1040690,YAVAPAI CO.,KIRKLAND,06/28/2022,1800,Thunderstorm Wind,52.00, ,0,0,0,0,AZ,MST-7,EG,171425,C,25,FGZ,0,0,Trained Spotter, , , ,1,W,3,ESE,GRAND VIEW,06/28/2022,1800,34.42,-112.72,34.4039,-112.7566,"A trained spotter measured a peak wind gust of 60 MPH near Kirkland.","Thunderstorms produce hail in and around the Prescott area. Most reports were 1/2 to 3/4 inches in diameter.  One inch diameter hail fell in Prescott. Severe thunderstorms winds were reported near Kirkland as well.",251
1026432,MOHAVE CO.,(IGM)MOJAVE CO ARPT,06/28/2022,1915,Flash Flood, , ,0,0,50000,0,AZ,MST-7, ,169456,C,15,VEF,0,0,Public,Heavy Rain / Burn Area, , ,9,SSE,9,SSE,(IGM)MOJAVE CO ARPT,06/28/2022,2200,35.1014,-113.8908,35.1015,-113.8805,"Flash flooding off the Flag Fire scar affected the Pine Lake community and the summer camp inside Hualapai Park. Water flowed into several structures.","Monsoon moisture plus a weak trough approaching from the west fueled scattered thunderstorms over Mohave County. Some storms produced flash flooding.",252
1026431,MOHAVE CO.,HUALAPAI,06/28/2022,2048,Flash Flood, , ,0,0,1000,0,AZ,MST-7, ,169456,C,15,VEF,0,0,Public,Heavy Rain, , ,6,NNW,6,NNW,HUALAPAI,06/28/2022,2200,35.45,-114.03,35.4479,-114.0298,"Vock Wash flowed over Stockton Hill Road.","Monsoon moisture plus a weak trough approaching from the west fueled scattered thunderstorms over Mohave County. Some storms produced flash flooding.",253
1041464,PIMA CO.,PAN TAK,06/29/2022,1200,Debris Flow, , ,0,0,10000,0,AZ,MST-7, ,171559,C,19,TWC,0,0,Department of Highways,Heavy Rain / Burn Area, , ,4,SSE,2,W,PAN TAK,06/29/2022,1300,31.9625,-111.54,32.0159,-111.5964,"Thunderstorms produced 2-3 inches of rain in one hour over the Contreras burn scar causing a debris flow over State Route 386 to Kitt Peak.","Thunderstorms moved northwest across southeast Arizona. Thunderstorm winds produced a wall of dust and downed power lines northwest of Tucson while heavy rain caused flash flooding in the Baboquivari Mountains.",254
1041477,TUCSON METRO AREA (ZONE), ,06/29/2022,1242,Dust Storm, , ,0,0,0,0,AZ,MST-7, ,171559,Z,504,TWC,0,0,NWS Employee, , , , , , , , ,06/29/2022,1300, , , , ,"Thunderstorm outflow winds produced a wall of dust that reduced visibilities to less than a quarter mile across I-10 near the Pima/Pinal county line.","Thunderstorms moved northwest across southeast Arizona. Thunderstorm winds produced a wall of dust and downed power lines northwest of Tucson while heavy rain caused flash flooding in the Baboquivari Mountains.",255
1041478,SOUTH CENTRAL PINAL COUNTY (ZONE), ,06/29/2022,1242,Dust Storm, , ,0,0,0,0,AZ,MST-7, ,171559,Z,505,TWC,0,0,NWS Employee, , , , , , , , ,06/29/2022,1300, , , , ,"Thunderstorm outflow winds produced a wall of dust that reduced visibilities to less than a quarter mile across I-10 near the Pima/Pinal county line.","Thunderstorms moved northwest across southeast Arizona. Thunderstorm winds produced a wall of dust and downed power lines northwest of Tucson while heavy rain caused flash flooding in the Baboquivari Mountains.",256
1041470,PIMA CO.,GU ACHI,06/29/2022,1318,Thunderstorm Wind,43.00, ,0,0,3000,0,AZ,MST-7,EG,171559,C,19,TWC,0,0,Law Enforcement, , , ,1,SW,1,SW,GU ACHI,06/29/2022,1318,32.32,-112.04,32.32,-112.04,"Thunderstorm winds downed power lines near Santa Rosa.","Thunderstorms moved northwest across southeast Arizona. Thunderstorm winds produced a wall of dust and downed power lines northwest of Tucson while heavy rain caused flash flooding in the Baboquivari Mountains.",257
1034800,NORTHWEST PINAL COUNTY (ZONE), ,06/29/2022,1432,Dust Storm, , ,0,0,0,0,AZ,MST-7, ,170597,Z,553,PSR,0,0,Public, , , , , , , , ,06/29/2022,1442, , , , ,"Visibility of 1/4 mile in blowing dust from thunderstorm outflow along SR-347 just south of Maricopa. No accidents or injuries were reported.","MLCAPE of around 1000 J/KG and DCAPE in excess of 1500 J/KG led to the development of strong thunderstorms across portions of south-central Arizona during the afternoon hours. Strong gusty winds resulting in areas of dense blowing dust was the main hazard associated with these storms. No accidents or injuries were reported.",258
1034798,NORTHWEST PINAL COUNTY (ZONE), ,06/29/2022,1451,Dust Storm, , ,0,0,0,0,AZ,MST-7, ,170597,Z,553,PSR,0,0,Storm Chaser, , , , , , , , ,06/29/2022,1501, , , , ,"A photo showed visibility less than 1/8 mile in blowing dust from thunderstorm outflow on I-10 just north of Casa Grande with dozens of motorists pulled over on both sides of the highway. No accidents or injuries were reported.","MLCAPE of around 1000 J/KG and DCAPE in excess of 1500 J/KG led to the development of strong thunderstorms across portions of south-central Arizona during the afternoon hours. Strong gusty winds resulting in areas of dense blowing dust was the main hazard associated with these storms. No accidents or injuries were reported.",259
1034799,BUCKEYE/AVONDALE (ZONE), ,06/29/2022,1456,Dust Storm, , ,0,0,0,0,AZ,MST-7, ,170597,Z,540,PSR,0,0,Trained Spotter, , , , , , , , ,06/29/2022,1506, , , , ,"Visibility of 1/4 mile in blowing dust from thunderstorm outflow near the intersection of I-10 and Loop 303. No accidents or injuries were reported.","MLCAPE of around 1000 J/KG and DCAPE in excess of 1500 J/KG led to the development of strong thunderstorms across portions of south-central Arizona during the afternoon hours. Strong gusty winds resulting in areas of dense blowing dust was the main hazard associated with these storms. No accidents or injuries were reported.",260
1034801,SOUTHEAST VALLEY/QUEEN CREEK (ZONE), ,06/29/2022,1503,Dust Storm, , ,0,0,0,0,AZ,MST-7, ,170597,Z,551,PSR,0,0,Trained Spotter, , , , , , , , ,06/29/2022,1513, , , , ,"Visibility less than 1/4 mile in blowing dust from thunderstorm outflow along I-10 and Riggs Road. No accidents or injuries were reported.","MLCAPE of around 1000 J/KG and DCAPE in excess of 1500 J/KG led to the development of strong thunderstorms across portions of south-central Arizona during the afternoon hours. Strong gusty winds resulting in areas of dense blowing dust was the main hazard associated with these storms. No accidents or injuries were reported.",261
1034802,EAST VALLEY (ZONE), ,06/29/2022,1512,Dust Storm, , ,0,0,0,0,AZ,MST-7, ,170597,Z,548,PSR,0,0,NWS Employee, , , , , , , , ,06/29/2022,1522, , , , ,"Visibility of 1/4 mile in blowing dust from thunderstorm outflow in the intersection of Loop 202/Loop 101 at Fashion Mall in Chandler. No accidents or injuries were reported.","MLCAPE of around 1000 J/KG and DCAPE in excess of 1500 J/KG led to the development of strong thunderstorms across portions of south-central Arizona during the afternoon hours. Strong gusty winds resulting in areas of dense blowing dust was the main hazard associated with these storms. No accidents or injuries were reported.",262
1144294,BUCKEYE/AVONDALE (ZONE), ,06/29/2022,1700,Heat, , ,0,0,0,0,AZ,MST-7, ,186474,Z,540,PSR,0,1,County Official, , , , , , , , ,06/29/2022,1700, , , , ,"One indirect fatality was reported by the Maricopa County Department of Public Health, with their details, such as age, gender, circumstances, and exact location unavailable.","For the end of June, a strong ridge of high pressure set up across the western United States, becoming centered over the Great Basin. This led to temperatures climbing slightly above normal across the Phoenix area, with the afternoon high temperature at Phoenix Sky Harbor peaking at 109 degrees on the 29th. According to the Maricopa County Department of Public Health, 10 heat-associated fatalities occurred during this time.",263
1144293,CENTRAL PHOENIX (ZONE), ,06/29/2022,1700,Heat, , ,3,0,0,0,AZ,MST-7, ,186474,Z,543,PSR,0,1,County Official, , , , , , , , ,06/29/2022,1700, , , , ,"Four heat-associated fatalities were reported by the Maricopa County Department of Public Health, with their details, such as age, gender, circumstances, and exact location unavailable.","For the end of June, a strong ridge of high pressure set up across the western United States, becoming centered over the Great Basin. This led to temperatures climbing slightly above normal across the Phoenix area, with the afternoon high temperature at Phoenix Sky Harbor peaking at 109 degrees on the 29th. According to the Maricopa County Department of Public Health, 10 heat-associated fatalities occurred during this time.",264
1040697,YAVAPAI CO.,CLARKDALE,06/29/2022,1700,Flash Flood, , ,0,0,0,0,AZ,MST-7, ,171426,C,25,FGZ,0,0,Law Enforcement,Heavy Rain, , ,1,W,1,SW,CLARKDALE,06/29/2022,1900,34.7715,-112.0865,34.757,-112.0876,"Two inches of rain (radar estimate) from a thunderstorm caused flash flooding in Clarkdale. Water flowed over sections of Wildhorse Lane and Old Jerome Highway. Police reported mud and rocks on the roadways with both streets barricaded.","A thunderstorm produced heavy rain and flash flooding in and around Clarkdale.",265
1034803,GILA RIVER VALLEY (ZONE), ,06/29/2022,1758,Dust Storm, , ,0,0,0,0,AZ,MST-7, ,170597,Z,536,PSR,0,0,Trained Spotter, , , , , , , , ,06/29/2022,1808, , , , ,"Visibility less than 1/4 mile in blowing dust from thunderstorm outflow near Tacna. No accidents or injuries were reported.","MLCAPE of around 1000 J/KG and DCAPE in excess of 1500 J/KG led to the development of strong thunderstorms across portions of south-central Arizona during the afternoon hours. Strong gusty winds resulting in areas of dense blowing dust was the main hazard associated with these storms. No accidents or injuries were reported.",266
1043268,SANTA CRUZ CO.,PATAGONIA,06/30/2022,1500,Thunderstorm Wind,43.00, ,0,0,1000,0,AZ,MST-7,EG,171560,C,23,TWC,0,0,Trained Spotter, , , ,1,N,1,N,PATAGONIA,06/30/2022,1500,31.54,-110.75,31.54,-110.75,"Several tree branches and a power line were downed by thunderstorm winds in Patagonia.","Thunderstorms moved west across southeast Arizona. Thunderstorm winds downed power lines in Patagonia while heavy rain caused flash flooding in the Baboquivari Mountains.",267
1144297,BUCKEYE/AVONDALE (ZONE), ,06/30/2022,1700,Heat, , ,0,0,0,0,AZ,MST-7, ,186474,Z,540,PSR,0,1,County Official, , , , , , , , ,06/30/2022,1700, , , , ,"One indirect fatality was reported by the Maricopa County Department of Public Health, with their details, such as age, gender, circumstances, and exact location unavailable.","For the end of June, a strong ridge of high pressure set up across the western United States, becoming centered over the Great Basin. This led to temperatures climbing slightly above normal across the Phoenix area, with the afternoon high temperature at Phoenix Sky Harbor peaking at 109 degrees on the 29th. According to the Maricopa County Department of Public Health, 10 heat-associated fatalities occurred during this time.",268
1144295,CENTRAL PHOENIX (ZONE), ,06/30/2022,1700,Heat, , ,0,0,0,0,AZ,MST-7, ,186474,Z,543,PSR,0,1,County Official, , , , , , , , ,06/30/2022,1700, , , , ,"One indirect fatality was reported by the Maricopa County Department of Public Health, with their details, such as age, gender, circumstances, and exact location unavailable.","For the end of June, a strong ridge of high pressure set up across the western United States, becoming centered over the Great Basin. This led to temperatures climbing slightly above normal across the Phoenix area, with the afternoon high temperature at Phoenix Sky Harbor peaking at 109 degrees on the 29th. According to the Maricopa County Department of Public Health, 10 heat-associated fatalities occurred during this time.",269
1144296,NORTH PHOENIX/GLENDALE (ZONE), ,06/30/2022,1700,Heat, , ,0,0,0,0,AZ,MST-7, ,186474,Z,544,PSR,0,1,County Official, , , , , , , , ,06/30/2022,1700, , , , ,"One indirect fatality was reported by the Maricopa County Department of Public Health, with their details, such as age, gender, circumstances, and exact location unavailable.","For the end of June, a strong ridge of high pressure set up across the western United States, becoming centered over the Great Basin. This led to temperatures climbing slightly above normal across the Phoenix area, with the afternoon high temperature at Phoenix Sky Harbor peaking at 109 degrees on the 29th. According to the Maricopa County Department of Public Health, 10 heat-associated fatalities occurred during this time.",270
1042341,GILA CO.,GLOBE,06/30/2022,1834,Flash Flood, , ,0,0,0,0,AZ,MST-7, ,171716,C,7,PSR,0,0,Trained Spotter,Heavy Rain, , ,1,SSE,1,SSE,GLOBE,06/30/2022,1934,33.3823,-110.7716,33.3824,-110.7713,"Images showed Beer Tree Crossing barricaded due to Pinal Creek running across the road. Other images also showed Walliman Road was impassable due to flooding across the roadway.","Abundant moisture combined with terrain features allowed for isolated thunderstorms capable of producing locally heavy rainfall to developed across parts of southern Gila County during the late afternoon and early evening hours on the 30th. One of these thunderstorms developed over the Globe area with radar estimates showing rainfall amounts in excess of 1 inch in a short amount of time. As a result, flash flooding occurred in Pinal Creek, making a downstream low water crossing impassable.",271
1043274,PIMA CO.,PAN TAK,06/30/2022,2130,Debris Flow, , ,0,0,10000,0,AZ,MST-7, ,171560,C,19,TWC,0,0,Department of Highways,Heavy Rain / Burn Area, , ,5,SSE,1,W,PAN TAK,06/30/2022,2230,31.957,-111.5487,32.0189,-111.5824,"Thunderstorms produced 1.5 inches of rain in one hour over the Contreras burn scar causing a debris flow over State Route 386 to Kitt Peak.","Thunderstorms moved west across southeast Arizona. Thunderstorm winds downed power lines in Patagonia while heavy rain caused flash flooding in the Baboquivari Mountains.",272
1043272,PIMA CO.,LAS GUIJAS,06/30/2022,2300,Flash Flood, , ,0,0,0,0,AZ,MST-7, ,171560,C,19,TWC,0,0,County Official,Heavy Rain, , ,5,SW,10,NNW,LAS GUIJAS,06/30/2022,2330,31.6211,-111.4479,31.8084,-111.4311,"Heavy rain of 3-4 inches in 2 hours caused flash flooding across State Route 286 and 2-3 inches of rain caused flash flooding and the closure of Sasabe-Arivaca Road at mile post 2.","Thunderstorms moved west across southeast Arizona. Thunderstorm winds downed power lines in Patagonia while heavy rain caused flash flooding in the Baboquivari Mountains.",273
1038951,DRAGOON/MULE/HUACHUCA AND SANTA RITA MOUNTAINS (ZONE), ,07/01/2022,0,Drought, , ,0,0,0,0,AZ,MST-7, ,171140,Z,513,TWC,0,0,Drought Monitor, , , , , , , , ,07/26/2022,500, , , , ,"Extreme drought (D3) category across eastern Santa Cruz and southern Cochise counties including the Huachuca and Mule Mountains was reduced to the severe drought (D2) category toward the end of July. Substantial monsoonal rainfall of 3 to 9 inches was up to 200 percent of normal for the month. Soil moisture readings improved to greater than the 70th percentile.","Extreme drought (D3) category across eastern Santa Cruz and southern Cochise counties including the Huachuca and Mule Mountains was reduced to the severe drought (D2) category toward the end of July. Substantial monsoonal rainfall of 3 to 9 inches was up to 200 percent of normal for the month. Soil moisture readings improved to greater than the 70th percentile.",274
1038948,UPPER SANTA CRUZ RIVER AND ALTAR VALLEYS (ZONE), ,07/01/2022,0,Drought, , ,0,0,0,0,AZ,MST-7, ,171140,Z,503,TWC,0,0,Drought Monitor, , , , , , , , ,07/26/2022,500, , , , ,"Extreme drought (D3) category across eastern Santa Cruz and southern Cochise counties including the Huachuca and Mule Mountains was reduced to the severe drought (D2) category toward the end of July. Substantial monsoonal rainfall of 3 to 9 inches was up to 200 percent of normal for the month. Soil moisture readings improved to greater than the 70th percentile.","Extreme drought (D3) category across eastern Santa Cruz and southern Cochise counties including the Huachuca and Mule Mountains was reduced to the severe drought (D2) category toward the end of July. Substantial monsoonal rainfall of 3 to 9 inches was up to 200 percent of normal for the month. Soil moisture readings improved to greater than the 70th percentile.",275
1038949,UPPER SAN PEDRO RIVER VALLEY (ZONE), ,07/01/2022,0,Drought, , ,0,0,0,0,AZ,MST-7, ,171140,Z,507,TWC,0,0,Drought Monitor, , , , , , , , ,07/26/2022,500, , , , ,"Extreme drought (D3) category across eastern Santa Cruz and southern Cochise counties including the Huachuca and Mule Mountains was reduced to the severe drought (D2) category toward the end of July. Substantial monsoonal rainfall of 3 to 9 inches was up to 200 percent of normal for the month. Soil moisture readings improved to greater than the 70th percentile.","Extreme drought (D3) category across eastern Santa Cruz and southern Cochise counties including the Huachuca and Mule Mountains was reduced to the severe drought (D2) category toward the end of July. Substantial monsoonal rainfall of 3 to 9 inches was up to 200 percent of normal for the month. Soil moisture readings improved to greater than the 70th percentile.",276
1038950,EASTERN COCHISE COUNTY BELOW 5000 FEET (ZONE), ,07/01/2022,0,Drought, , ,0,0,0,0,AZ,MST-7, ,171140,Z,508,TWC,0,0,Drought Monitor, , , , , , , , ,07/26/2022,500, , , , ,"Extreme drought (D3) category across eastern Santa Cruz and southern Cochise counties including the Huachuca and Mule Mountains was reduced to the severe drought (D2) category toward the end of July. Substantial monsoonal rainfall of 3 to 9 inches was up to 200 percent of normal for the month. Soil moisture readings improved to greater than the 70th percentile.","Extreme drought (D3) category across eastern Santa Cruz and southern Cochise counties including the Huachuca and Mule Mountains was reduced to the severe drought (D2) category toward the end of July. Substantial monsoonal rainfall of 3 to 9 inches was up to 200 percent of normal for the month. Soil moisture readings improved to greater than the 70th percentile.",277
1040559,WESTERN MOGOLLON RIM (ZONE), ,07/01/2022,0,Wildfire, , ,0,0,0,0,AZ,MST-7, ,171414,Z,15,FGZ,0,0,Park/Forest Service, , , , , , , , ,07/31/2022,1800, , , , ,"The Pipeline Fire was reported on June 12, 2022 approximately 6 miles north of Flagstaff on the southwest flanks of Fremont Peak. Most of the 26,532 acres burned in June before higher humidity and rain arrived. The burned area lead to many flash flood events once rain started to fall during the yearly summer thunderstorm season (North American Monsoon). The fire suppression costs were at least 11 million dollars. Damage to the forest and watershed was much more than that.","The Pipleline Fire was human caused and detected around 1015 AM on June 12, 2022 about 6 miles north of Flagstaff. It burned through 26,532 acres by the end of July. The location and terrain of the fire set the stage for extensive flash flooding in and around Flagstaff once the rainy season started a few weeks later. The Haywire Fire was detected June 13 at 530 AM 7.5 miles northeast of Doney Park. It burned a total of 5,575 acres.",278
1040560,WESTERN MOGOLLON RIM (ZONE), ,07/01/2022,0,Wildfire, , ,0,0,0,0,AZ,MST-7, ,171414,Z,15,FGZ,0,0,Park/Forest Service, , , , , , , , ,07/31/2022,1800, , , , ,"The Haywire Fire started near Haywire Crater the day after the Pipeline Fire exploded. It burned through pine (ponderosa and pinyon), juniper, grass, and brush. Another fire (Double Fire) started near the Double Crater (two vents) a few days later and merged with the Haywire Fire. The Double Fire was either a spot from the other two fires or lightning caused. Once the two fires merged, 5,575 acres burned. The fire continued to burn through July with little additional spread. The topography and soils (cinders) of the Haywire Fire did not substantially increase the treat of post fire flash flooding.","The Pipleline Fire was human caused and detected around 1015 AM on June 12, 2022 about 6 miles north of Flagstaff. It burned through 26,532 acres by the end of July. The location and terrain of the fire set the stage for extensive flash flooding in and around Flagstaff once the rainy season started a few weeks later. The Haywire Fire was detected June 13 at 530 AM 7.5 miles northeast of Doney Park. It burned a total of 5,575 acres.",279
1050406,EASTERN COCHISE COUNTY BELOW 5000 FEET (ZONE), ,07/01/2022,1000,Heat, , ,1,0,0,0,AZ,MST-7, ,172977,Z,508,TWC,0,0,County Official, , , , , , , , ,07/01/2022,2000, , , , ,"Hot high temperatures around 100 degrees, or 5 degrees above normal, occurred on July 18, causing the Moderate Heat Risk category to be reached. The Pima County Medical Examiner confirmed that heat was the primary cause of death for one individual found in the desert 30 miles northeast of Douglas.","Hot temperatures 5 degrees above normal were experienced across parts of southeast Arizona July 18. The Pima County Medical Examiner confirmed that heat was the primary cause of death for four individuals found in the desert, two on the Tohono O'odham Nation, one in east central Pima County and one in Cochise County.",280
1050404,TOHONO O ODHAM NATION (ZONE), ,07/01/2022,1000,Heat, , ,2,0,0,0,AZ,MST-7, ,172977,Z,502,TWC,0,0,County Official, , , , , , , , ,07/01/2022,2000, , , , ,"Hot high temperatures 100 to 105 degrees, or 5 degrees above normal, occurred on July 18, causing the Moderate Heat Risk category to be reached. The Pima County Medical Examiner confirmed that heat was the primary cause of death for two individuals found in the desert, one near Sells and another near Queen's Well.","Hot temperatures 5 degrees above normal were experienced across parts of southeast Arizona July 18. The Pima County Medical Examiner confirmed that heat was the primary cause of death for four individuals found in the desert, two on the Tohono O'odham Nation, one in east central Pima County and one in Cochise County.",281
1050405,TUCSON METRO AREA (ZONE), ,07/01/2022,1000,Heat, , ,1,0,0,0,AZ,MST-7, ,172977,Z,504,TWC,0,0,County Official, , , , , , , , ,07/01/2022,2000, , , , ,"Hot high temperatures around 105 degrees, or 5 degrees above normal, occurred on July 18, causing the Moderate Heat Risk category to be reached. The Pima County Medical Examiner confirmed that heat was the primary cause of death for one individual found in the desert near Three Points.","Hot temperatures 5 degrees above normal were experienced across parts of southeast Arizona July 18. The Pima County Medical Examiner confirmed that heat was the primary cause of death for four individuals found in the desert, two on the Tohono O'odham Nation, one in east central Pima County and one in Cochise County.",282
1048638,PIMA CO.,CASAS ADOBES,07/01/2022,1530,Thunderstorm Wind,52.00, ,0,0,4000,0,AZ,MST-7,EG,172673,C,19,TWC,0,0,Public, , , ,3,E,3,E,CASAS ADOBES,07/01/2022,1530,32.32,-110.93,32.32,-110.93,"Thunderstorm winds downed several trees near Skyline Dr. and Campbell Rd. in the Catalina Foothills.","Scattered thunderstorms moved west across southeast Arizona from mid morning through early evening. A couple of storms downed trees and produced flash flooding in the Tucson Metro area.",283
1048639,PIMA CO.,SABINO,07/01/2022,1545,Thunderstorm Wind,52.00, ,0,0,1000,0,AZ,MST-7,EG,172673,C,19,TWC,0,0,NWS Employee, , , ,4,W,4,W,SABINO,07/01/2022,1545,32.29,-110.89,32.29,-110.89,"Thunderstorm winds downed a tree near Swan Rd. north of River Rd.","Scattered thunderstorms moved west across southeast Arizona from mid morning through early evening. A couple of storms downed trees and produced flash flooding in the Tucson Metro area.",284
1048640,PIMA CO.,CASAS ADOBES,07/01/2022,1555,Flash Flood, , ,0,0,0,0,AZ,MST-7, ,172673,C,19,TWC,0,0,Law Enforcement,Heavy Rain, , ,2,NNW,2,NNW,CASAS ADOBES,07/01/2022,1730,32.3528,-110.9948,32.3463,-110.9953,"Heavy rain of 1-2' in less than 1 hour caused the flooding of Magee Rd. east of La Canada Dr. at Pegler Wash and the closure of Ina Rd. at Pima Wash east of Oracle Rd.","Scattered thunderstorms moved west across southeast Arizona from mid morning through early evening. A couple of storms downed trees and produced flash flooding in the Tucson Metro area.",285
1048646,PIMA CO.,TUCSON,07/01/2022,1629,Flash Flood, , ,0,0,500,0,AZ,MST-7, ,172673,C,19,TWC,0,0,Broadcast Media,Heavy Rain, , ,3,ENE,3,NE,TUCSON,07/01/2022,1800,32.2487,-110.8849,32.2592,-110.9031,"Heavy rain of 1-2 in less than 1 hour caused urban washes to flow over roadways from midtown to southeast Tucson. One person was washed downstream in the Columbus Wash near Blacklidge Dr. but was able to get themselves to safety. A young woman was rescued from her car which was stuck in Arcadia Wash near Pima and Rosemont. Kolb Rd. was closed between Irvington and Valencia while Irvington Rd. was closed due to flooding at the Atterbury Wash.","Scattered thunderstorms moved west across southeast Arizona from mid morning through early evening. A couple of storms downed trees and produced flash flooding in the Tucson Metro area.",286
1147441,CENTRAL PHOENIX (ZONE), ,07/01/2022,1700,Heat, , ,1,0,0,0,AZ,MST-7, ,186936,Z,543,PSR,0,3,County Official, , , , , , , , ,07/01/2022,1700, , , , ,"Four fatalities (1 direct and 3 indirect) were reported by the Maricopa County Department of Public Health, with their details, such as age, gender, circumstances, and exact location unavailable.","Weak ridging during the start of July led to temperatures climbing slightly above normal. Temperatures at Phoenix Sky Harbor saw readings climb up to 109 degrees on the 3rd. According to the Maricopa County Department of Public Health, 18 heat-associated fatalities occurred during this time.",287
1048653,PIMA CO.,TUSCON RYAN FLD ARPT,07/01/2022,1830,Flash Flood, , ,0,0,0,0,AZ,MST-7, ,172673,C,19,TWC,0,0,Department of Highways,Heavy Rain, , ,3,NW,4,NW,TUSCON RYAN FLD ARPT,07/01/2022,1930,32.1576,-111.2144,32.1639,-111.2155,"Heavy rain of 1.5 in 2-3 hours caused Old Ajo Hwy. and West Snyder Hill Rd. north of Ryan Field to be closed due to flash flooding.","Scattered thunderstorms moved west across southeast Arizona from mid morning through early evening. A couple of storms downed trees and produced flash flooding in the Tucson Metro area.",288
1147442,CENTRAL PHOENIX (ZONE), ,07/02/2022,1700,Heat, , ,0,0,0,0,AZ,MST-7, ,186936,Z,543,PSR,0,1,County Official, , , , , , , , ,07/02/2022,1700, , , , ,"One indirect fatality was reported by the Maricopa County Department of Public Health, with their details, such as age, gender, circumstances, and exact location unavailable.","Weak ridging during the start of July led to temperatures climbing slightly above normal. Temperatures at Phoenix Sky Harbor saw readings climb up to 109 degrees on the 3rd. According to the Maricopa County Department of Public Health, 18 heat-associated fatalities occurred during this time.",289
1147443,CENTRAL PHOENIX (ZONE), ,07/03/2022,1700,Heat, , ,3,0,0,0,AZ,MST-7, ,186936,Z,543,PSR,0,7,County Official, , , , , , , , ,07/03/2022,1700, , , , ,"Ten fatalities (3 direct and 7 indirect) were reported by the Maricopa County Department of Public Health, with their details, such as age, gender, circumstances, and exact location unavailable.","Weak ridging during the start of July led to temperatures climbing slightly above normal. Temperatures at Phoenix Sky Harbor saw readings climb up to 109 degrees on the 3rd. According to the Maricopa County Department of Public Health, 18 heat-associated fatalities occurred during this time.",290
1048659,COCHISE CO.,PARADISE,07/04/2022,1445,Flash Flood, , ,0,0,5000,0,AZ,MST-7, ,172674,C,3,TWC,0,0,County Official,Heavy Rain, , ,11,WSW,17,E,PEARCE,07/04/2022,1715,31.8712,-109.3909,31.9041,-109.5363,"Heavy rain of 3-5 in 2 hours in the Chiricahua Mountains caused high flows on Turkey Creek. Fort Bowie Rd. was washed out well downstream.","Scattered thunderstorms moved north across parts of southeast Arizona, mainly during the afternoon. One storm became severe and uprooted trees in Nogales and another storm produced flash flooding west of the Chiricahua Mountains.",291
1048656,SANTA CRUZ CO.,NOGALES,07/04/2022,1620,Thunderstorm Wind,56.00, ,0,0,2000,0,AZ,MST-7,EG,172674,C,23,TWC,0,0,Broadcast Media, , , ,0,N,0,N,NOGALES,07/04/2022,1620,31.35,-110.93,31.35,-110.93,"Thunderstorm winds uprooted 2 large trees near Nogales City Hall.","Scattered thunderstorms moved north across parts of southeast Arizona, mainly during the afternoon. One storm became severe and uprooted trees in Nogales and another storm produced flash flooding west of the Chiricahua Mountains.",292
1147444,CENTRAL PHOENIX (ZONE), ,07/04/2022,1700,Heat, , ,0,0,0,0,AZ,MST-7, ,186936,Z,543,PSR,0,1,County Official, , , , , , , , ,07/04/2022,1700, , , , ,"One indirect fatality was reported by the Maricopa County Department of Public Health, with their details, such as age, gender, circumstances, and exact location unavailable.","Weak ridging during the start of July led to temperatures climbing slightly above normal. Temperatures at Phoenix Sky Harbor saw readings climb up to 109 degrees on the 3rd. According to the Maricopa County Department of Public Health, 18 heat-associated fatalities occurred during this time.",293
1046410,COCONINO CO.,(PGA)PAGE ARPT,07/05/2022,1605,Flash Flood, , ,0,0,0,0,AZ,MST-7, ,172381,C,5,FGZ,0,0,Park/Forest Service,Heavy Rain, , ,3,SE,2,NNE,(PGA)PAGE ARPT,07/05/2022,1800,36.9,-111.41,36.9534,-111.435,"Flash flooding was reported in X Canyon, Antelope Canyon, and Lower Antelope Canyon (all the same drainage). Standing water remained in Lower Antelope Canyon on July 6.","A weak disturbance moving northward through central Arizona interacted with monsoon moisture already in place to initiate showers and thunderstorms across the area. The timing of peak heating and the arrival of the disturbance created heavy rain in the Page, Arizona area.",294
1048677,PINAL CO.,DUDLEYVILLE,07/05/2022,1615,Thunderstorm Wind,52.00, ,0,0,25000,0,AZ,MST-7,EG,172675,C,21,TWC,0,0,Emergency Manager, , , ,7,SE,7,SE,DUDLEYVILLE,07/05/2022,1615,32.8873,-110.703,32.8873,-110.703,"Thunderstorm winds damaged a large entertainment/dining tent adjacent to a casino.","Isolated thunderstorms moved northeast across Pinal County during the afternoon. One storm damaged the Apache Sky Casino near Dudleyville.",295
1147445,CENTRAL PHOENIX (ZONE), ,07/05/2022,1700,Heat, , ,0,0,0,0,AZ,MST-7, ,186936,Z,543,PSR,0,2,County Official, , , , , , , , ,07/05/2022,1700, , , , ,"Two indirect fatalities were reported by the Maricopa County Department of Public Health, with their details, such as age, gender, circumstances, and exact location unavailable.","Weak ridging during the start of July led to temperatures climbing slightly above normal. Temperatures at Phoenix Sky Harbor saw readings climb up to 109 degrees on the 3rd. According to the Maricopa County Department of Public Health, 18 heat-associated fatalities occurred during this time.",296
1147591,EAST VALLEY (ZONE), ,07/06/2022,1700,Heat, , ,0,0,0,0,AZ,MST-7, ,186957,Z,548,PSR,0,1,County Official, , , , , , , , ,07/06/2022,1700, , , , ,"One indirect fatality was reported by the Maricopa County Department of Public Health, with their details, such as age, gender, circumstances, and exact location unavailable.","High pressure centered over the central CONUS retrograded westward during the 6-7th time frame, leading to temperatures in Phoenix topping out at 107 degrees each day. According to the Maricopa County Department of Public Health, 4 heat-associated fatalities occurred during this time.",297
1147590,CENTRAL PHOENIX (ZONE), ,07/06/2022,1700,Heat, , ,0,0,0,0,AZ,MST-7, ,186957,Z,543,PSR,0,2,County Official, , , , , , , , ,07/06/2022,1700, , , , ,"Two indirect fatalities were reported by the Maricopa County Department of Public Health, with their details, such as age, gender, circumstances, and exact location unavailable.","High pressure centered over the central CONUS retrograded westward during the 6-7th time frame, leading to temperatures in Phoenix topping out at 107 degrees each day. According to the Maricopa County Department of Public Health, 4 heat-associated fatalities occurred during this time.",298
1147592,NORTH PHOENIX/GLENDALE (ZONE), ,07/07/2022,1700,Heat, , ,0,0,0,0,AZ,MST-7, ,186957,Z,544,PSR,0,1,County Official, , , , , , , , ,07/07/2022,1700, , , , ,"One indirect fatality was reported by the Maricopa County Department of Public Health, with their details, such as age, gender, circumstances, and exact location unavailable.","High pressure centered over the central CONUS retrograded westward during the 6-7th time frame, leading to temperatures in Phoenix topping out at 107 degrees each day. According to the Maricopa County Department of Public Health, 4 heat-associated fatalities occurred during this time.",299
1147593,CENTRAL PHOENIX (ZONE), ,07/08/2022,0,Heat, , ,5,0,0,0,AZ,MST-7, ,186958,Z,543,PSR,0,0,County Official, , , , , , , , ,07/08/2022,2359, , , , ,"Five direct fatalities were reported by the Maricopa County Department of Public Health, with their details, such as age, gender, circumstances, and exact location unavailable.","A strong ridge of high pressure became situated over the Four Corners region, leading to dangerous temperatures as well as excessive heat conditions at times across the Phoenix area. Afternoon highs in Phoenix climbed well above normal during this time with temperatures peaking on the 11th at 115 degrees. Overnight temperatures provided little relief from the heat as lows in Phoenix remained in the low 90s for several mornings. According to the Maricopa County Department of Public Health, 55 heat-associated fatalities occurred during this time.",300
1147594,EAST VALLEY (ZONE), ,07/08/2022,0,Heat, , ,2,0,0,0,AZ,MST-7, ,186958,Z,548,PSR,0,0,County Official, , , , , , , , ,07/08/2022,2359, , , , ,"Two direct fatalities were reported by the Maricopa County Department of Public Health, with their details, such as age, gender, circumstances, and exact location unavailable.","A strong ridge of high pressure became situated over the Four Corners region, leading to dangerous temperatures as well as excessive heat conditions at times across the Phoenix area. Afternoon highs in Phoenix climbed well above normal during this time with temperatures peaking on the 11th at 115 degrees. Overnight temperatures provided little relief from the heat as lows in Phoenix remained in the low 90s for several mornings. According to the Maricopa County Department of Public Health, 55 heat-associated fatalities occurred during this time.",301
1141397,TUCSON METRO AREA (ZONE), ,07/08/2022,1000,Heat, , ,1,0,0,0,AZ,MST-7, ,185957,Z,504,TWC,0,1,County Official, , , , , , , , ,07/09/2022,2000, , , , ,"Hot high temperatures between 105 and 107, or 5 to 7 degrees above normal, occurred on July 8 and 9, causing the Moderate Heat Risk category to be reached. The Pima County Medical Examiner confirmed that heat was the primary cause of death for one individual found outdoors in Tucson on the 9th. Heat was found to be a contributing factor for another individual found outdoors in Tucson on the 8th. Epilepsy was a complicating factor in that fatality.","Hot temperatures 5 to 7 degrees above normal were experienced across parts of southeast Arizona July 8 and 9. The Pima County Medical Examiner confirmed that heat was the primary cause of death for one individual found outdoors in Tucson on the 9th and was a contributing factor in the death of another individual found outdoors in Tucson on the 8th.",302
1147596,NORTH PHOENIX/GLENDALE (ZONE), ,07/09/2022,0,Heat, , ,1,0,0,0,AZ,MST-7, ,186958,Z,544,PSR,0,0,County Official, , , , , , , , ,07/09/2022,2359, , , , ,"One direct fatality was reported by the Maricopa County Department of Public Health, with their details, such as age, gender, circumstances, and exact location unavailable.","A strong ridge of high pressure became situated over the Four Corners region, leading to dangerous temperatures as well as excessive heat conditions at times across the Phoenix area. Afternoon highs in Phoenix climbed well above normal during this time with temperatures peaking on the 11th at 115 degrees. Overnight temperatures provided little relief from the heat as lows in Phoenix remained in the low 90s for several mornings. According to the Maricopa County Department of Public Health, 55 heat-associated fatalities occurred during this time.",303
1147595,CENTRAL PHOENIX (ZONE), ,07/09/2022,0,Heat, , ,4,0,0,0,AZ,MST-7, ,186958,Z,543,PSR,0,0,County Official, , , , , , , , ,07/09/2022,2359, , , , ,"Four direct fatalities were reported by the Maricopa County Department of Public Health, with their details, such as age, gender, circumstances, and exact location unavailable.","A strong ridge of high pressure became situated over the Four Corners region, leading to dangerous temperatures as well as excessive heat conditions at times across the Phoenix area. Afternoon highs in Phoenix climbed well above normal during this time with temperatures peaking on the 11th at 115 degrees. Overnight temperatures provided little relief from the heat as lows in Phoenix remained in the low 90s for several mornings. According to the Maricopa County Department of Public Health, 55 heat-associated fatalities occurred during this time.",304
1147684,CENTRAL PHOENIX (ZONE), ,07/10/2022,0,Excessive Heat, , ,6,0,0,0,AZ,MST-7, ,186958,Z,543,PSR,0,3,County Official, , , , , , , , ,07/10/2022,2359, , , , ,"Nine fatalities (6 direct and 3 indirect) were reported by the Maricopa County Department of Public Health, with their details, such as age, gender, circumstances, and exact location unavailable.","A strong ridge of high pressure became situated over the Four Corners region, leading to dangerous temperatures as well as excessive heat conditions at times across the Phoenix area. Afternoon highs in Phoenix climbed well above normal during this time with temperatures peaking on the 11th at 115 degrees. Overnight temperatures provided little relief from the heat as lows in Phoenix remained in the low 90s for several mornings. According to the Maricopa County Department of Public Health, 55 heat-associated fatalities occurred during this time.",305
1147686,EAST VALLEY (ZONE), ,07/10/2022,0,Excessive Heat, , ,1,0,0,0,AZ,MST-7, ,186958,Z,548,PSR,0,0,County Official, , , , , , , , ,07/10/2022,2359, , , , ,"One direct fatality was reported by the Maricopa County Department of Public Health, with their details, such as age, gender, circumstances, and exact location unavailable.","A strong ridge of high pressure became situated over the Four Corners region, leading to dangerous temperatures as well as excessive heat conditions at times across the Phoenix area. Afternoon highs in Phoenix climbed well above normal during this time with temperatures peaking on the 11th at 115 degrees. Overnight temperatures provided little relief from the heat as lows in Phoenix remained in the low 90s for several mornings. According to the Maricopa County Department of Public Health, 55 heat-associated fatalities occurred during this time.",306
1147685,NORTH PHOENIX/GLENDALE (ZONE), ,07/10/2022,0,Excessive Heat, , ,2,0,0,0,AZ,MST-7, ,186958,Z,544,PSR,0,0,County Official, , , , , , , , ,07/10/2022,2359, , , , ,"Two direct fatalities were reported by the Maricopa County Department of Public Health, with their details, such as age, gender, circumstances, and exact location unavailable.","A strong ridge of high pressure became situated over the Four Corners region, leading to dangerous temperatures as well as excessive heat conditions at times across the Phoenix area. Afternoon highs in Phoenix climbed well above normal during this time with temperatures peaking on the 11th at 115 degrees. Overnight temperatures provided little relief from the heat as lows in Phoenix remained in the low 90s for several mornings. According to the Maricopa County Department of Public Health, 55 heat-associated fatalities occurred during this time.",307
1050399,WESTERN PIMA COUNTY (ZONE), ,07/10/2022,1000,Excessive Heat, , ,1,0,0,0,AZ,MST-7, ,172976,Z,501,TWC,0,0,Mesonet, , , , , , , , ,07/11/2022,2000, , , , ,"Very hot high temperatures around 10 degrees above normal occurred on July 10 and 11, causing the High Heat Risk category to be reached. Ajo reached 114 degrees on the 10th and broke a record high on the 11th with 115 degrees while Organ Pipe National Monument reached 109. The Pima County Medical Examiner determined that heat was the primary cause of death for one individual found outdoors in Ajo on the 10th.","Very hot temperatures 5 to 10 degrees above normal were experienced across the western deserts of southeast Arizona on July 10 and 11. The Pima County Medical Examiner confirmed that heat was the primary cause of death for one individual found in outdoors in Ajo on the 10th and for four individuals found the desert on the 11th: two on the Tohono O'odham Nation; one in east central Pima County; and one in Santa Cruz County.",308
1147905,WEST PINAL COUNTY (ZONE), ,07/11/2022,1000,Excessive Heat, , ,0,0,0,0,AZ,MST-7, ,186958,Z,554,PSR,0,0,County Official, , , , , , , , ,07/11/2022,2000, , , , ,"","A strong ridge of high pressure became situated over the Four Corners region, leading to dangerous temperatures as well as excessive heat conditions at times across the Phoenix area. Afternoon highs in Phoenix climbed well above normal during this time with temperatures peaking on the 11th at 115 degrees. Overnight temperatures provided little relief from the heat as lows in Phoenix remained in the low 90s for several mornings. According to the Maricopa County Department of Public Health, 55 heat-associated fatalities occurred during this time.",309
1147906,APACHE JUNCTION/GOLD CANYON (ZONE), ,07/11/2022,1000,Excessive Heat, , ,0,0,0,0,AZ,MST-7, ,186958,Z,555,PSR,0,0,County Official, , , , , , , , ,07/11/2022,2000, , , , ,"","A strong ridge of high pressure became situated over the Four Corners region, leading to dangerous temperatures as well as excessive heat conditions at times across the Phoenix area. Afternoon highs in Phoenix climbed well above normal during this time with temperatures peaking on the 11th at 115 degrees. Overnight temperatures provided little relief from the heat as lows in Phoenix remained in the low 90s for several mornings. According to the Maricopa County Department of Public Health, 55 heat-associated fatalities occurred during this time.",310
1147907,SONORAN DESERT NATL MONUMENT (ZONE), ,07/11/2022,1000,Excessive Heat, , ,0,0,0,0,AZ,MST-7, ,186958,Z,559,PSR,0,0,County Official, , , , , , , , ,07/11/2022,2000, , , , ,"","A strong ridge of high pressure became situated over the Four Corners region, leading to dangerous temperatures as well as excessive heat conditions at times across the Phoenix area. Afternoon highs in Phoenix climbed well above normal during this time with temperatures peaking on the 11th at 115 degrees. Overnight temperatures provided little relief from the heat as lows in Phoenix remained in the low 90s for several mornings. According to the Maricopa County Department of Public Health, 55 heat-associated fatalities occurred during this time.",311
1147908,PARKER VALLEY (ZONE), ,07/11/2022,1000,Excessive Heat, , ,0,0,0,0,AZ,MST-7, ,186958,Z,530,PSR,0,0,County Official, , , , , , , , ,07/11/2022,2000, , , , ,"","A strong ridge of high pressure became situated over the Four Corners region, leading to dangerous temperatures as well as excessive heat conditions at times across the Phoenix area. Afternoon highs in Phoenix climbed well above normal during this time with temperatures peaking on the 11th at 115 degrees. Overnight temperatures provided little relief from the heat as lows in Phoenix remained in the low 90s for several mornings. According to the Maricopa County Department of Public Health, 55 heat-associated fatalities occurred during this time.",312
1147909,KOFA (ZONE), ,07/11/2022,1000,Excessive Heat, , ,0,0,0,0,AZ,MST-7, ,186958,Z,531,PSR,0,0,County Official, , , , , , , , ,07/11/2022,2000, , , , ,"","A strong ridge of high pressure became situated over the Four Corners region, leading to dangerous temperatures as well as excessive heat conditions at times across the Phoenix area. Afternoon highs in Phoenix climbed well above normal during this time with temperatures peaking on the 11th at 115 degrees. Overnight temperatures provided little relief from the heat as lows in Phoenix remained in the low 90s for several mornings. According to the Maricopa County Department of Public Health, 55 heat-associated fatalities occurred during this time.",313
1147913,GILA RIVER VALLEY (ZONE), ,07/11/2022,1000,Excessive Heat, , ,0,0,0,0,AZ,MST-7, ,186958,Z,536,PSR,0,0,County Official, , , , , , , , ,07/11/2022,2000, , , , ,"","A strong ridge of high pressure became situated over the Four Corners region, leading to dangerous temperatures as well as excessive heat conditions at times across the Phoenix area. Afternoon highs in Phoenix climbed well above normal during this time with temperatures peaking on the 11th at 115 degrees. Overnight temperatures provided little relief from the heat as lows in Phoenix remained in the low 90s for several mornings. According to the Maricopa County Department of Public Health, 55 heat-associated fatalities occurred during this time.",314
1147910,YUMA (ZONE), ,07/11/2022,1000,Excessive Heat, , ,0,0,0,0,AZ,MST-7, ,186958,Z,532,PSR,0,0,County Official, , , , , , , , ,07/11/2022,2000, , , , ,"","A strong ridge of high pressure became situated over the Four Corners region, leading to dangerous temperatures as well as excessive heat conditions at times across the Phoenix area. Afternoon highs in Phoenix climbed well above normal during this time with temperatures peaking on the 11th at 115 degrees. Overnight temperatures provided little relief from the heat as lows in Phoenix remained in the low 90s for several mornings. According to the Maricopa County Department of Public Health, 55 heat-associated fatalities occurred during this time.",315
1147911,CENTRAL LA PAZ (ZONE), ,07/11/2022,1000,Excessive Heat, , ,0,0,0,0,AZ,MST-7, ,186958,Z,533,PSR,0,0,County Official, , , , , , , , ,07/11/2022,2000, , , , ,"","A strong ridge of high pressure became situated over the Four Corners region, leading to dangerous temperatures as well as excessive heat conditions at times across the Phoenix area. Afternoon highs in Phoenix climbed well above normal during this time with temperatures peaking on the 11th at 115 degrees. Overnight temperatures provided little relief from the heat as lows in Phoenix remained in the low 90s for several mornings. According to the Maricopa County Department of Public Health, 55 heat-associated fatalities occurred during this time.",316
1147912,SOUTHEAST YUMA COUNTY (ZONE), ,07/11/2022,1000,Excessive Heat, , ,0,0,0,0,AZ,MST-7, ,186958,Z,535,PSR,0,0,County Official, , , , , , , , ,07/11/2022,2000, , , , ,"","A strong ridge of high pressure became situated over the Four Corners region, leading to dangerous temperatures as well as excessive heat conditions at times across the Phoenix area. Afternoon highs in Phoenix climbed well above normal during this time with temperatures peaking on the 11th at 115 degrees. Overnight temperatures provided little relief from the heat as lows in Phoenix remained in the low 90s for several mornings. According to the Maricopa County Department of Public Health, 55 heat-associated fatalities occurred during this time.",317
1147895,TONOPAH DESERT (ZONE), ,07/11/2022,1000,Excessive Heat, , ,0,0,0,0,AZ,MST-7, ,186958,Z,538,PSR,0,0,County Official, , , , , , , , ,07/11/2022,2000, , , , ,"","A strong ridge of high pressure became situated over the Four Corners region, leading to dangerous temperatures as well as excessive heat conditions at times across the Phoenix area. Afternoon highs in Phoenix climbed well above normal during this time with temperatures peaking on the 11th at 115 degrees. Overnight temperatures provided little relief from the heat as lows in Phoenix remained in the low 90s for several mornings. According to the Maricopa County Department of Public Health, 55 heat-associated fatalities occurred during this time.",318
1147894,NORTHWEST VALLEY (ZONE), ,07/11/2022,1000,Excessive Heat, , ,0,0,0,0,AZ,MST-7, ,186958,Z,537,PSR,0,0,County Official, , , , , , , , ,07/11/2022,2000, , , , ,"","A strong ridge of high pressure became situated over the Four Corners region, leading to dangerous temperatures as well as excessive heat conditions at times across the Phoenix area. Afternoon highs in Phoenix climbed well above normal during this time with temperatures peaking on the 11th at 115 degrees. Overnight temperatures provided little relief from the heat as lows in Phoenix remained in the low 90s for several mornings. According to the Maricopa County Department of Public Health, 55 heat-associated fatalities occurred during this time.",319
1147601,SCOTTSDALE/PARADISE VALLEY (ZONE), ,07/11/2022,1000,Excessive Heat, , ,2,0,0,0,AZ,MST-7, ,186958,Z,546,PSR,0,0,County Official, , , , , , , , ,07/11/2022,2000, , , , ,"Two direct fatalities were reported by the Maricopa County Department of Public Health, with their details, such as age, gender, circumstances, and exact location unavailable.","A strong ridge of high pressure became situated over the Four Corners region, leading to dangerous temperatures as well as excessive heat conditions at times across the Phoenix area. Afternoon highs in Phoenix climbed well above normal during this time with temperatures peaking on the 11th at 115 degrees. Overnight temperatures provided little relief from the heat as lows in Phoenix remained in the low 90s for several mornings. According to the Maricopa County Department of Public Health, 55 heat-associated fatalities occurred during this time.",320
1147602,NORTH PHOENIX/GLENDALE (ZONE), ,07/11/2022,1000,Excessive Heat, , ,2,0,0,0,AZ,MST-7, ,186958,Z,544,PSR,0,0,County Official, , , , , , , , ,07/11/2022,2000, , , , ,"Two direct fatalities were reported by the Maricopa County Department of Public Health, with their details, such as age, gender, circumstances, and exact location unavailable.","A strong ridge of high pressure became situated over the Four Corners region, leading to dangerous temperatures as well as excessive heat conditions at times across the Phoenix area. Afternoon highs in Phoenix climbed well above normal during this time with temperatures peaking on the 11th at 115 degrees. Overnight temperatures provided little relief from the heat as lows in Phoenix remained in the low 90s for several mornings. According to the Maricopa County Department of Public Health, 55 heat-associated fatalities occurred during this time.",321
1147896,GILA BEND (ZONE), ,07/11/2022,1000,Excessive Heat, , ,0,0,0,0,AZ,MST-7, ,186958,Z,539,PSR,0,0,County Official, , , , , , , , ,07/11/2022,2000, , , , ,"","A strong ridge of high pressure became situated over the Four Corners region, leading to dangerous temperatures as well as excessive heat conditions at times across the Phoenix area. Afternoon highs in Phoenix climbed well above normal during this time with temperatures peaking on the 11th at 115 degrees. Overnight temperatures provided little relief from the heat as lows in Phoenix remained in the low 90s for several mornings. According to the Maricopa County Department of Public Health, 55 heat-associated fatalities occurred during this time.",322
1147897,BUCKEYE/AVONDALE (ZONE), ,07/11/2022,1000,Excessive Heat, , ,0,0,0,0,AZ,MST-7, ,186958,Z,540,PSR,0,0,County Official, , , , , , , , ,07/11/2022,2000, , , , ,"","A strong ridge of high pressure became situated over the Four Corners region, leading to dangerous temperatures as well as excessive heat conditions at times across the Phoenix area. Afternoon highs in Phoenix climbed well above normal during this time with temperatures peaking on the 11th at 115 degrees. Overnight temperatures provided little relief from the heat as lows in Phoenix remained in the low 90s for several mornings. According to the Maricopa County Department of Public Health, 55 heat-associated fatalities occurred during this time.",323
1147898,CAVE CREEK/NEW RIVER (ZONE), ,07/11/2022,1000,Excessive Heat, , ,0,0,0,0,AZ,MST-7, ,186958,Z,541,PSR,0,0,County Official, , , , , , , , ,07/11/2022,2000, , , , ,"","A strong ridge of high pressure became situated over the Four Corners region, leading to dangerous temperatures as well as excessive heat conditions at times across the Phoenix area. Afternoon highs in Phoenix climbed well above normal during this time with temperatures peaking on the 11th at 115 degrees. Overnight temperatures provided little relief from the heat as lows in Phoenix remained in the low 90s for several mornings. According to the Maricopa County Department of Public Health, 55 heat-associated fatalities occurred during this time.",324
1147900,EAST VALLEY (ZONE), ,07/11/2022,1000,Excessive Heat, , ,0,0,0,0,AZ,MST-7, ,186958,Z,548,PSR,0,0,County Official, , , , , , , , ,07/11/2022,2000, , , , ,"","A strong ridge of high pressure became situated over the Four Corners region, leading to dangerous temperatures as well as excessive heat conditions at times across the Phoenix area. Afternoon highs in Phoenix climbed well above normal during this time with temperatures peaking on the 11th at 115 degrees. Overnight temperatures provided little relief from the heat as lows in Phoenix remained in the low 90s for several mornings. According to the Maricopa County Department of Public Health, 55 heat-associated fatalities occurred during this time.",325
1147600,CENTRAL PHOENIX (ZONE), ,07/11/2022,1000,Excessive Heat, , ,6,0,0,0,AZ,MST-7, ,186958,Z,543,PSR,0,0,County Official, , , , , , , , ,07/11/2022,2000, , , , ,"Six direct fatalities were reported by the Maricopa County Department of Public Health, with their details, such as age, gender, circumstances, and exact location unavailable.","A strong ridge of high pressure became situated over the Four Corners region, leading to dangerous temperatures as well as excessive heat conditions at times across the Phoenix area. Afternoon highs in Phoenix climbed well above normal during this time with temperatures peaking on the 11th at 115 degrees. Overnight temperatures provided little relief from the heat as lows in Phoenix remained in the low 90s for several mornings. According to the Maricopa County Department of Public Health, 55 heat-associated fatalities occurred during this time.",326
1147893,AGUILA VALLEY (ZONE), ,07/11/2022,1000,Excessive Heat, , ,0,0,0,0,AZ,MST-7, ,186958,Z,534,PSR,0,0,County Official, , , , , , , , ,07/11/2022,2000, , , , ,"","A strong ridge of high pressure became situated over the Four Corners region, leading to dangerous temperatures as well as excessive heat conditions at times across the Phoenix area. Afternoon highs in Phoenix climbed well above normal during this time with temperatures peaking on the 11th at 115 degrees. Overnight temperatures provided little relief from the heat as lows in Phoenix remained in the low 90s for several mornings. According to the Maricopa County Department of Public Health, 55 heat-associated fatalities occurred during this time.",327
1147903,SOUTHEAST VALLEY/QUEEN CREEK (ZONE), ,07/11/2022,1000,Excessive Heat, , ,0,0,0,0,AZ,MST-7, ,186958,Z,551,PSR,0,0,County Official, , , , , , , , ,07/11/2022,2000, , , , ,"","A strong ridge of high pressure became situated over the Four Corners region, leading to dangerous temperatures as well as excessive heat conditions at times across the Phoenix area. Afternoon highs in Phoenix climbed well above normal during this time with temperatures peaking on the 11th at 115 degrees. Overnight temperatures provided little relief from the heat as lows in Phoenix remained in the low 90s for several mornings. According to the Maricopa County Department of Public Health, 55 heat-associated fatalities occurred during this time.",328
1147904,NORTHWEST PINAL COUNTY (ZONE), ,07/11/2022,1000,Excessive Heat, , ,0,0,0,0,AZ,MST-7, ,186958,Z,553,PSR,0,0,County Official, , , , , , , , ,07/11/2022,2000, , , , ,"","A strong ridge of high pressure became situated over the Four Corners region, leading to dangerous temperatures as well as excessive heat conditions at times across the Phoenix area. Afternoon highs in Phoenix climbed well above normal during this time with temperatures peaking on the 11th at 115 degrees. Overnight temperatures provided little relief from the heat as lows in Phoenix remained in the low 90s for several mornings. According to the Maricopa County Department of Public Health, 55 heat-associated fatalities occurred during this time.",329
1147899,DEER VALLEY (ZONE), ,07/11/2022,1000,Excessive Heat, , ,0,0,0,0,AZ,MST-7, ,186958,Z,542,PSR,0,0,County Official, , , , , , , , ,07/11/2022,2000, , , , ,"","A strong ridge of high pressure became situated over the Four Corners region, leading to dangerous temperatures as well as excessive heat conditions at times across the Phoenix area. Afternoon highs in Phoenix climbed well above normal during this time with temperatures peaking on the 11th at 115 degrees. Overnight temperatures provided little relief from the heat as lows in Phoenix remained in the low 90s for several mornings. According to the Maricopa County Department of Public Health, 55 heat-associated fatalities occurred during this time.",330
1147901,FOUNTAIN HILLS/EAST MESA (ZONE), ,07/11/2022,1000,Excessive Heat, , ,0,0,0,0,AZ,MST-7, ,186958,Z,549,PSR,0,0,County Official, , , , , , , , ,07/11/2022,2000, , , , ,"","A strong ridge of high pressure became situated over the Four Corners region, leading to dangerous temperatures as well as excessive heat conditions at times across the Phoenix area. Afternoon highs in Phoenix climbed well above normal during this time with temperatures peaking on the 11th at 115 degrees. Overnight temperatures provided little relief from the heat as lows in Phoenix remained in the low 90s for several mornings. According to the Maricopa County Department of Public Health, 55 heat-associated fatalities occurred during this time.",331
1147902,SOUTH MOUNTAIN/AHWATUKEE (ZONE), ,07/11/2022,1000,Excessive Heat, , ,0,0,0,0,AZ,MST-7, ,186958,Z,550,PSR,0,0,County Official, , , , , , , , ,07/11/2022,2000, , , , ,"","A strong ridge of high pressure became situated over the Four Corners region, leading to dangerous temperatures as well as excessive heat conditions at times across the Phoenix area. Afternoon highs in Phoenix climbed well above normal during this time with temperatures peaking on the 11th at 115 degrees. Overnight temperatures provided little relief from the heat as lows in Phoenix remained in the low 90s for several mornings. According to the Maricopa County Department of Public Health, 55 heat-associated fatalities occurred during this time.",332
1050402,SOUTH CENTRAL PINAL COUNTY (ZONE), ,07/11/2022,1000,Excessive Heat, , ,0,0,0,0,AZ,MST-7, ,172976,Z,505,TWC,0,0,Mesonet, , , , , , , , ,07/11/2022,2000, , , , ,"Very hot high temperatures around 10 degrees above normal occurred on July 11, causing the High Heat Risk category to be reached. Picacho topped out at 110 degrees.","Very hot temperatures 5 to 10 degrees above normal were experienced across the western deserts of southeast Arizona on July 10 and 11. The Pima County Medical Examiner confirmed that heat was the primary cause of death for one individual found in outdoors in Ajo on the 10th and for four individuals found the desert on the 11th: two on the Tohono O'odham Nation; one in east central Pima County; and one in Santa Cruz County.",333
1050400,TOHONO O ODHAM NATION (ZONE), ,07/11/2022,1000,Excessive Heat, , ,2,0,0,0,AZ,MST-7, ,172976,Z,502,TWC,0,0,County Official, , , , , , , , ,07/11/2022,2000, , , , ,"Very hot high temperatures around 10 degrees above normal occurred on July 11, causing the High Heat Risk category to be reached. Sells topped out at 109 degrees. The Pima County Medical Examiner confirmed that heat was the primary cause of death for two individuals found in the desert near Sells.","Very hot temperatures 5 to 10 degrees above normal were experienced across the western deserts of southeast Arizona on July 10 and 11. The Pima County Medical Examiner confirmed that heat was the primary cause of death for one individual found in outdoors in Ajo on the 10th and for four individuals found the desert on the 11th: two on the Tohono O'odham Nation; one in east central Pima County; and one in Santa Cruz County.",334
1050401,TUCSON METRO AREA (ZONE), ,07/11/2022,1000,Excessive Heat, , ,1,0,0,0,AZ,MST-7, ,172976,Z,504,TWC,0,0,County Official, , , , , , , , ,07/11/2022,2000, , , , ,"Very hot high temperatures around 10 degrees above normal occurred on July 11, causing the High Heat Risk category to be reached. The Tucson International Airport topped out at 110 degrees. The Pima County Medical Examiner confirmed that heat was the primary cause of death for one individual found in the desert south of Three Points.","Very hot temperatures 5 to 10 degrees above normal were experienced across the western deserts of southeast Arizona on July 10 and 11. The Pima County Medical Examiner confirmed that heat was the primary cause of death for one individual found in outdoors in Ajo on the 10th and for four individuals found the desert on the 11th: two on the Tohono O'odham Nation; one in east central Pima County; and one in Santa Cruz County.",335
1050403,UPPER SANTA CRUZ RIVER AND ALTAR VALLEYS (ZONE), ,07/11/2022,1000,Heat, , ,1,0,0,0,AZ,MST-7, ,172976,Z,503,TWC,0,0,County Official, , , , , , , , ,07/11/2022,2000, , , , ,"Hot high temperatures around 100 degrees, or 5 degrees above normal, occurred on July 11, causing the Moderate Heat Risk category to be reached. The Pima County Medical Examiner confirmed that heat was the primary cause of death for one individual found in the desert north of Nogales.","Very hot temperatures 5 to 10 degrees above normal were experienced across the western deserts of southeast Arizona on July 10 and 11. The Pima County Medical Examiner confirmed that heat was the primary cause of death for one individual found in outdoors in Ajo on the 10th and for four individuals found the desert on the 11th: two on the Tohono O'odham Nation; one in east central Pima County; and one in Santa Cruz County.",336
1147690,EAST VALLEY (ZONE), ,07/12/2022,0,Heat, , ,3,0,0,0,AZ,MST-7, ,186958,Z,548,PSR,0,0,County Official, , , , , , , , ,07/12/2022,2359, , , , ,"Three direct fatalities were reported by the Maricopa County Department of Public Health, with their details, such as age, gender, circumstances, and exact location unavailable.","A strong ridge of high pressure became situated over the Four Corners region, leading to dangerous temperatures as well as excessive heat conditions at times across the Phoenix area. Afternoon highs in Phoenix climbed well above normal during this time with temperatures peaking on the 11th at 115 degrees. Overnight temperatures provided little relief from the heat as lows in Phoenix remained in the low 90s for several mornings. According to the Maricopa County Department of Public Health, 55 heat-associated fatalities occurred during this time.",337
1147687,CENTRAL PHOENIX (ZONE), ,07/12/2022,0,Heat, , ,4,0,0,0,AZ,MST-7, ,186958,Z,543,PSR,0,2,County Official, , , , , , , , ,07/12/2022,2359, , , , ,"Six fatalities (4 direct and 2 indirect) were reported by the Maricopa County Department of Public Health, with their details, such as age, gender, circumstances, and exact location unavailable.","A strong ridge of high pressure became situated over the Four Corners region, leading to dangerous temperatures as well as excessive heat conditions at times across the Phoenix area. Afternoon highs in Phoenix climbed well above normal during this time with temperatures peaking on the 11th at 115 degrees. Overnight temperatures provided little relief from the heat as lows in Phoenix remained in the low 90s for several mornings. According to the Maricopa County Department of Public Health, 55 heat-associated fatalities occurred during this time.",338
1147688,SCOTTSDALE/PARADISE VALLEY (ZONE), ,07/12/2022,0,Heat, , ,1,0,0,0,AZ,MST-7, ,186958,Z,546,PSR,0,0,County Official, , , , , , , , ,07/12/2022,2359, , , , ,"One direct fatality was reported by the Maricopa County Department of Public Health, with their details, such as age, gender, circumstances, and exact location unavailable.","A strong ridge of high pressure became situated over the Four Corners region, leading to dangerous temperatures as well as excessive heat conditions at times across the Phoenix area. Afternoon highs in Phoenix climbed well above normal during this time with temperatures peaking on the 11th at 115 degrees. Overnight temperatures provided little relief from the heat as lows in Phoenix remained in the low 90s for several mornings. According to the Maricopa County Department of Public Health, 55 heat-associated fatalities occurred during this time.",339
1048681,COCHISE CO.,SIERRA VISTA,07/12/2022,1543,Thunderstorm Wind,50.00, ,0,0,0,0,AZ,MST-7,MG,172676,C,3,TWC,0,0,ASOS, , , ,4,N,4,N,SIERRA VISTA,07/12/2022,1543,31.6,-110.29,31.6,-110.29,"KFHU Libby Airfield ASOS measured a peak gust to 58 mph.","Scattered thunderstorms moved west across southeast Arizona during the afternoon and evening. One storm produced a severe wind gust in Sierra Vista.",340
1147691,CENTRAL PHOENIX (ZONE), ,07/13/2022,0,Heat, , ,5,0,0,0,AZ,MST-7, ,186958,Z,543,PSR,0,1,County Official, , , , , , , , ,07/13/2022,2359, , , , ,"Six fatalities (5 direct and 1 indirect) were reported by the Maricopa County Department of Public Health, with their details, such as age, gender, circumstances, and exact location unavailable.","A strong ridge of high pressure became situated over the Four Corners region, leading to dangerous temperatures as well as excessive heat conditions at times across the Phoenix area. Afternoon highs in Phoenix climbed well above normal during this time with temperatures peaking on the 11th at 115 degrees. Overnight temperatures provided little relief from the heat as lows in Phoenix remained in the low 90s for several mornings. According to the Maricopa County Department of Public Health, 55 heat-associated fatalities occurred during this time.",341
1147692,NORTH PHOENIX/GLENDALE (ZONE), ,07/13/2022,0,Heat, , ,4,0,0,0,AZ,MST-7, ,186958,Z,544,PSR,0,0,County Official, , , , , , , , ,07/13/2022,2359, , , , ,"Four direct fatalities were reported by the Maricopa County Department of Public Health, with their details, such as age, gender, circumstances, and exact location unavailable.","A strong ridge of high pressure became situated over the Four Corners region, leading to dangerous temperatures as well as excessive heat conditions at times across the Phoenix area. Afternoon highs in Phoenix climbed well above normal during this time with temperatures peaking on the 11th at 115 degrees. Overnight temperatures provided little relief from the heat as lows in Phoenix remained in the low 90s for several mornings. According to the Maricopa County Department of Public Health, 55 heat-associated fatalities occurred during this time.",342
1147693,EAST VALLEY (ZONE), ,07/13/2022,0,Heat, , ,1,0,0,0,AZ,MST-7, ,186958,Z,548,PSR,0,0,County Official, , , , , , , , ,07/13/2022,2359, , , , ,"One direct fatality was reported by the Maricopa County Department of Public Health, with their details, such as age, gender, circumstances, and exact location unavailable.","A strong ridge of high pressure became situated over the Four Corners region, leading to dangerous temperatures as well as excessive heat conditions at times across the Phoenix area. Afternoon highs in Phoenix climbed well above normal during this time with temperatures peaking on the 11th at 115 degrees. Overnight temperatures provided little relief from the heat as lows in Phoenix remained in the low 90s for several mornings. According to the Maricopa County Department of Public Health, 55 heat-associated fatalities occurred during this time.",343
1048682,PIMA CO.,SAHUARITA,07/13/2022,1455,Lightning, , ,0,0,75000,0,AZ,MST-7, ,172677,C,19,TWC,1,0,Fire Department/Rescue, , , ,3,NNW,3,NNW,SAHUARITA,07/13/2022,1455,31.9927,-110.976,31.9927,-110.976,"Lightning struck at house on Calle del Escribo in Sahuarita causing extensive damage.  The owner of the house was treated for 2nd degree burns, which resulted from the fire.","Scattered thunderstorms moved west across southeast Arizona during the afternoon and evening. One storm produced a lightning strike that caused a house fire in Sahuarita. Isolated wind damage occurred on the Tohono O'odham Nation and flash flooding occurred over the Contreras Fire burn scar.",344
1048683,PIMA CO.,NAWT VAYA,07/13/2022,1555,Thunderstorm Wind,56.00, ,0,0,2000,0,AZ,MST-7,EG,172677,C,19,TWC,0,0,Utility Company, , , ,1,NE,1,NE,NAWT VAYA,07/13/2022,1555,32.0404,-111.4837,32.0404,-111.4837,"Thunderstorm winds downed a power pole near Highway 86 and San Pedro Rd.","Scattered thunderstorms moved west across southeast Arizona during the afternoon and evening. One storm produced a lightning strike that caused a house fire in Sahuarita. Isolated wind damage occurred on the Tohono O'odham Nation and flash flooding occurred over the Contreras Fire burn scar.",345
1050035,PIMA CO.,HAIVANA NAKYA,07/13/2022,1600,Debris Flow, , ,0,0,5000,0,AZ,MST-7, ,172677,C,19,TWC,0,0,Department of Highways,Heavy Rain / Burn Area, , ,2,SE,4,E,GU CHUAPO,07/13/2022,1700,31.9806,-111.6944,31.9106,-111.607,"Heavy rain of 1-2 in less than 2 hours over the Contreras Fire burn scar caused a 1-2 ft debris flow across State Highway 386 to Kitt Peak.","Scattered thunderstorms moved west across southeast Arizona during the afternoon and evening. One storm produced a lightning strike that caused a house fire in Sahuarita. Isolated wind damage occurred on the Tohono O'odham Nation and flash flooding occurred over the Contreras Fire burn scar.",346
1046555,PINAL CO.,STANFIELD,07/13/2022,1740,Thunderstorm Wind,52.00, ,0,0,12000,0,AZ,MST-7,EG,171575,C,21,PSR,0,0,Social Media, , , ,5,WSW,5,WSW,STANFIELD,07/13/2022,1740,32.8308,-112.045,32.8308,-112.045,"Semi-truck flipped over due to strong winds on I-8 eastbound near MP 157. Winds were estimated at around 60 mph. Timing estimated from radar. No injuries were reported.","The synoptic pattern was characterized by an area of high pressure centered across the four corners region with a southeasterly steering flow encompassing all of Arizona. MLCAPE between 500-1000 J/KG and DCAPE in excess of 1500 J/KG were more than sufficient to lead to the development of thunderstorm activity, first developing across southeast Arizona and then being steered by the southeasterly flow into south-central Arizona. Portions of the East Valley got particularly hit hard between Gilbert and Mesa, where there were several reports of wind damage. No injuries were reported.",347
1045211,NORTHWEST PINAL COUNTY (ZONE), ,07/13/2022,1806,Dust Storm, , ,0,0,0,0,AZ,MST-7, ,171575,Z,553,PSR,0,0,Trained Spotter, , , , , , , , ,07/13/2022,1816, , , , ,"Visibility of 1/8 mile reported from trained spotter residing on 35881 West Catlin Street in Maricopa in blowing dust from thunderstorm outflow. No accidents or injuries were reported.","The synoptic pattern was characterized by an area of high pressure centered across the four corners region with a southeasterly steering flow encompassing all of Arizona. MLCAPE between 500-1000 J/KG and DCAPE in excess of 1500 J/KG were more than sufficient to lead to the development of thunderstorm activity, first developing across southeast Arizona and then being steered by the southeasterly flow into south-central Arizona. Portions of the East Valley got particularly hit hard between Gilbert and Mesa, where there were several reports of wind damage. No injuries were reported.",348
1046413,NORTHWEST PINAL COUNTY (ZONE), ,07/13/2022,1815,Dust Storm, , ,0,0,0,0,AZ,MST-7, ,171575,Z,553,PSR,0,0,Social Media, , , , , , , , ,07/13/2022,1825, , , , ,"Visibility of less than 1/4 of a mile reported in SR-347 near Maricopa in blowing dust from thunderstorm outflow. No accidents or injuries were reported.","The synoptic pattern was characterized by an area of high pressure centered across the four corners region with a southeasterly steering flow encompassing all of Arizona. MLCAPE between 500-1000 J/KG and DCAPE in excess of 1500 J/KG were more than sufficient to lead to the development of thunderstorm activity, first developing across southeast Arizona and then being steered by the southeasterly flow into south-central Arizona. Portions of the East Valley got particularly hit hard between Gilbert and Mesa, where there were several reports of wind damage. No injuries were reported.",349
1046192,NORTHWEST PINAL COUNTY (ZONE), ,07/13/2022,1832,Dust Storm, , ,0,0,0,0,AZ,MST-7, ,171575,Z,553,PSR,0,0,Trained Spotter, , , , , , , , ,07/13/2022,1842, , , , ,"Visibility of 1/4 mile reported in the intersection of W Bowlin and N Porter Roads in blowing dust from thunderstorm outflow. No injuries or accidents were reported.","The synoptic pattern was characterized by an area of high pressure centered across the four corners region with a southeasterly steering flow encompassing all of Arizona. MLCAPE between 500-1000 J/KG and DCAPE in excess of 1500 J/KG were more than sufficient to lead to the development of thunderstorm activity, first developing across southeast Arizona and then being steered by the southeasterly flow into south-central Arizona. Portions of the East Valley got particularly hit hard between Gilbert and Mesa, where there were several reports of wind damage. No injuries were reported.",350
1042690,SOUTH MOUNTAIN/AHWATUKEE (ZONE), ,07/13/2022,1930,Dust Storm, , ,0,0,0,0,AZ,MST-7, ,171575,Z,550,PSR,0,0,Department of Highways, , , , , , , , ,07/13/2022,1940, , , , ,"Webcam showed visibility estimated to be about 1/8 mile along the intersection of SR-347 and Riggs Road in blowing dust from thunderstorm outflow. No accidents or injuries were reported.","The synoptic pattern was characterized by an area of high pressure centered across the four corners region with a southeasterly steering flow encompassing all of Arizona. MLCAPE between 500-1000 J/KG and DCAPE in excess of 1500 J/KG were more than sufficient to lead to the development of thunderstorm activity, first developing across southeast Arizona and then being steered by the southeasterly flow into south-central Arizona. Portions of the East Valley got particularly hit hard between Gilbert and Mesa, where there were several reports of wind damage. No injuries were reported.",351
1046412,MARICOPA CO.,GILBERT,07/13/2022,2020,Thunderstorm Wind,52.00, ,0,0,10000,0,AZ,MST-7,EG,171575,C,13,PSR,0,0,Law Enforcement, , , ,1,NNW,1,NNW,GILBERT,07/13/2022,2020,33.3586,-111.7867,33.3586,-111.7867,"Report from Gilbert Police of numerous downed trees and debris on roads. Winds were estimated at 60 mph. Timing estimated from radar. No injuries were reported.","The synoptic pattern was characterized by an area of high pressure centered across the four corners region with a southeasterly steering flow encompassing all of Arizona. MLCAPE between 500-1000 J/KG and DCAPE in excess of 1500 J/KG were more than sufficient to lead to the development of thunderstorm activity, first developing across southeast Arizona and then being steered by the southeasterly flow into south-central Arizona. Portions of the East Valley got particularly hit hard between Gilbert and Mesa, where there were several reports of wind damage. No injuries were reported.",352
1046536,MARICOPA CO.,GILBERT,07/13/2022,2030,Thunderstorm Wind,52.00, ,0,0,1200,0,AZ,MST-7,EG,171575,C,13,PSR,0,0,Utility Company, , , ,1,NNE,1,NNE,GILBERT,07/13/2022,2030,33.3653,-111.7707,33.3653,-111.7707,"Image taken by the Salt River Project Utility Company showed a snapped power pole along the northeast corner of N Lindsay and E Guadalupe Rd. Winds were estimated at 60 mph. Timing estimated from radar. No injuries were reported.","The synoptic pattern was characterized by an area of high pressure centered across the four corners region with a southeasterly steering flow encompassing all of Arizona. MLCAPE between 500-1000 J/KG and DCAPE in excess of 1500 J/KG were more than sufficient to lead to the development of thunderstorm activity, first developing across southeast Arizona and then being steered by the southeasterly flow into south-central Arizona. Portions of the East Valley got particularly hit hard between Gilbert and Mesa, where there were several reports of wind damage. No injuries were reported.",353
1046224,MARICOPA CO.,GILBERT,07/13/2022,2035,Thunderstorm Wind,52.00, ,0,0,3000,0,AZ,MST-7,EG,171575,C,13,PSR,0,0,Social Media, , , ,2,NNE,2,NNE,GILBERT,07/13/2022,2035,33.3804,-111.7727,33.3804,-111.7727,"Image from social media showed the automatic doorframe to a Walmart, located in the intersection of Lindsay and Baseline Roads, pushed in. Winds were estimated between 55-60 mph. Timing estimated from radar. No injuries were reported.","The synoptic pattern was characterized by an area of high pressure centered across the four corners region with a southeasterly steering flow encompassing all of Arizona. MLCAPE between 500-1000 J/KG and DCAPE in excess of 1500 J/KG were more than sufficient to lead to the development of thunderstorm activity, first developing across southeast Arizona and then being steered by the southeasterly flow into south-central Arizona. Portions of the East Valley got particularly hit hard between Gilbert and Mesa, where there were several reports of wind damage. No injuries were reported.",354
1046209,MARICOPA CO.,GILBERT,07/13/2022,2035,Thunderstorm Wind,52.00, ,0,0,40000,0,AZ,MST-7,EG,171575,C,13,PSR,0,0,Broadcast Media, , , ,2,NNE,2,NNE,GILBERT,07/13/2022,2035,33.3791,-111.7712,33.3791,-111.7712,"Social media images showed large trees down in the intersection of Lindsay with Baseline Roads. One of the trees fell onto and destroyed a car. There was also an image that showed a street sign toppled in the intersection of Lindsay with Melody Drive. Winds were estimated between 55-60 mph. Timing estimated from radar. No injuries were reported.","The synoptic pattern was characterized by an area of high pressure centered across the four corners region with a southeasterly steering flow encompassing all of Arizona. MLCAPE between 500-1000 J/KG and DCAPE in excess of 1500 J/KG were more than sufficient to lead to the development of thunderstorm activity, first developing across southeast Arizona and then being steered by the southeasterly flow into south-central Arizona. Portions of the East Valley got particularly hit hard between Gilbert and Mesa, where there were several reports of wind damage. No injuries were reported.",355
1046223,MARICOPA CO.,GILBERT,07/13/2022,2035,Thunderstorm Wind,52.00, ,0,0,5000,0,AZ,MST-7,EG,171575,C,13,PSR,0,0,Utility Company, , , ,1,ESE,1,ESE,GILBERT,07/13/2022,2035,33.3466,-111.763,33.3466,-111.763,"Photos from an employee of the Salt River Project Utility Company showed several large trees down as well as a street sign and a light post toppled. Winds were estimated between 55-60 mph. Timing estimated from radar. No injuries were reported.","The synoptic pattern was characterized by an area of high pressure centered across the four corners region with a southeasterly steering flow encompassing all of Arizona. MLCAPE between 500-1000 J/KG and DCAPE in excess of 1500 J/KG were more than sufficient to lead to the development of thunderstorm activity, first developing across southeast Arizona and then being steered by the southeasterly flow into south-central Arizona. Portions of the East Valley got particularly hit hard between Gilbert and Mesa, where there were several reports of wind damage. No injuries were reported.",356
1046556,MARICOPA CO.,MC QUEEN,07/13/2022,2040,Thunderstorm Wind,52.00, ,0,0,35000,0,AZ,MST-7,EG,171575,C,13,PSR,0,0,Social Media, , , ,3,ESE,3,ESE,MC QUEEN,07/13/2022,2040,33.3888,-111.7865,33.3888,-111.7865,"Large tree fell onto and totaled a parked SUV at The Hamptons Apartments. Winds were estimated at around 60 mph. Timing estimated from radar. No injuries were reported.","The synoptic pattern was characterized by an area of high pressure centered across the four corners region with a southeasterly steering flow encompassing all of Arizona. MLCAPE between 500-1000 J/KG and DCAPE in excess of 1500 J/KG were more than sufficient to lead to the development of thunderstorm activity, first developing across southeast Arizona and then being steered by the southeasterly flow into south-central Arizona. Portions of the East Valley got particularly hit hard between Gilbert and Mesa, where there were several reports of wind damage. No injuries were reported.",357
1046547,MARICOPA CO.,MC QUEEN,07/13/2022,2040,Thunderstorm Wind,52.00, ,0,0,5000,0,AZ,MST-7,EG,171575,C,13,PSR,0,0,Broadcast Media, , , ,3,ESE,3,ESE,MC QUEEN,07/13/2022,2040,33.3879,-111.7889,33.3879,-111.7889,"Large metal truss canopy blown off supporting pillars at the American Speed Car Wash located along South Gilbert Rd. near US 60. Winds were estimated around 60 mph. Timing estimated from radar. No injuries were reported.","The synoptic pattern was characterized by an area of high pressure centered across the four corners region with a southeasterly steering flow encompassing all of Arizona. MLCAPE between 500-1000 J/KG and DCAPE in excess of 1500 J/KG were more than sufficient to lead to the development of thunderstorm activity, first developing across southeast Arizona and then being steered by the southeasterly flow into south-central Arizona. Portions of the East Valley got particularly hit hard between Gilbert and Mesa, where there were several reports of wind damage. No injuries were reported.",358
1046411,MARICOPA CO.,MC QUEEN,07/13/2022,2100,Thunderstorm Wind,43.00, ,0,0,2000,0,AZ,MST-7,EG,171575,C,13,PSR,0,0,Social Media, , , ,2,ESE,2,ESE,MC QUEEN,07/13/2022,2100,33.3935,-111.8008,33.3935,-111.8008,"Shed destroyed and blown near intersection with Southern and Spur. Shed only went across the street. Winds were estimated at around 50 mph. Timing estimated from radar. No injuries were reported.","The synoptic pattern was characterized by an area of high pressure centered across the four corners region with a southeasterly steering flow encompassing all of Arizona. MLCAPE between 500-1000 J/KG and DCAPE in excess of 1500 J/KG were more than sufficient to lead to the development of thunderstorm activity, first developing across southeast Arizona and then being steered by the southeasterly flow into south-central Arizona. Portions of the East Valley got particularly hit hard between Gilbert and Mesa, where there were several reports of wind damage. No injuries were reported.",359
1046202,MARICOPA CO.,GILBERT,07/13/2022,2119,Flash Flood, , ,0,0,0,0,AZ,MST-7, ,171575,C,13,PSR,0,0,Broadcast Media,Heavy Rain, , ,3,NNE,3,NNE,GILBERT,07/13/2022,2319,33.3853,-111.7552,33.3878,-111.7552,"US-60 at Val Vista was closed due to standing water on the highway. One car stalled in the standing water. No injuries were reported.","The synoptic pattern was characterized by an area of high pressure centered across the four corners region with a southeasterly steering flow encompassing all of Arizona. MLCAPE between 500-1000 J/KG and DCAPE in excess of 1500 J/KG were more than sufficient to lead to the development of thunderstorm activity, first developing across southeast Arizona and then being steered by the southeasterly flow into south-central Arizona. Portions of the East Valley got particularly hit hard between Gilbert and Mesa, where there were several reports of wind damage. No injuries were reported.",360
1147694,CENTRAL PHOENIX (ZONE), ,07/14/2022,0,Heat, , ,8,0,0,0,AZ,MST-7, ,186983,Z,543,PSR,0,3,County Official, , , , , , , , ,07/14/2022,2359, , , , ,"Eleven fatalities (8 direct and 3 indirect) were reported by the Maricopa County Department of Public Health, with their details, such as age, gender, circumstances, and exact location unavailable.","A strong upper level ridge situated over the Desert Southwest led to well above normal temperatures along with excessive heat conditions at times. Temperatures during this time at Phoenix Sky Harbor peaked on the 16th at 114 degrees. According to the Maricopa County Department of Public Health, 64 heat-associated fatalities occurred during this time.",361
1147695,EAST VALLEY (ZONE), ,07/14/2022,0,Heat, , ,4,0,0,0,AZ,MST-7, ,186983,Z,548,PSR,0,0,County Official, , , , , , , , ,07/14/2022,2359, , , , ,"Four direct fatalities were reported by the Maricopa County Department of Public Health, with their details, such as age, gender, circumstances, and exact location unavailable.","A strong upper level ridge situated over the Desert Southwest led to well above normal temperatures along with excessive heat conditions at times. Temperatures during this time at Phoenix Sky Harbor peaked on the 16th at 114 degrees. According to the Maricopa County Department of Public Health, 64 heat-associated fatalities occurred during this time.",362
1141398,TUCSON METRO AREA (ZONE), ,07/14/2022,1000,Heat, , ,2,0,0,0,AZ,MST-7, ,185958,Z,504,TWC,0,0,County Official, , , , , , , , ,07/14/2022,2000, , , , ,"Hot high temperatures between 105 and 107, or 5 to 7 degrees above normal, occurred on July 14, causing the Moderate Heat Risk category to be reached. The Pima County Medical Examiner confirmed that heat was the primary cause of death for two individuals found outdoors in Tucson.","Hot temperatures 5 to 7 degrees above normal were experienced across parts of southeast Arizona July 14. The Pima County Medical Examiner confirmed that heat was the primary cause of death for two individual found outdoors in Tucson.",363
1046417,COCONINO CO.,SUNSET CRATER,07/14/2022,1120,Flash Flood, , ,0,0,50000,0,AZ,MST-7, ,172383,C,5,FGZ,0,0,County Official,Heavy Rain / Burn Area, , ,5,SSW,5,S,SUNSET CRATER,07/14/2022,1320,35.29,-111.54,35.2768,-111.515,"Heavy rain over the Pipeline Fire scar (June 2022) caused flash flooding in Government Wash with 8 inches of water, mud, and debris flowing over Highway 89 once the culvert was overwhelmed.  Four garages on Heritage Drive and Pioneer Valley Road were flooded.","A strong high pressure system centered near the Four Corners and a decaying  thunderstorm complex over northwest Mexico brought additional moisture across western Arizona.  This brought strong thunderstorm activity will be along and southwest of|a line from extending from the Grand Canyon southeastward through Flagstaff and Happy Jack.",364
1046418,YAVAPAI CO.,GOODWIN,07/14/2022,1220,Flash Flood, , ,0,0,0,0,AZ,MST-7, ,172383,C,25,FGZ,0,0,Public,Heavy Rain, , ,3,NW,2,SE,WHIPPLE,07/14/2022,1320,34.55,-112.4,34.5321,-112.4226,"A public report of significant ponding of water and water over roads and curbs.","A strong high pressure system centered near the Four Corners and a decaying  thunderstorm complex over northwest Mexico brought additional moisture across western Arizona.  This brought strong thunderstorm activity will be along and southwest of|a line from extending from the Grand Canyon southeastward through Flagstaff and Happy Jack.",365
1046419,YAVAPAI CO.,SMELTER CITY,07/14/2022,1425,Flash Flood, , ,0,0,0,0,AZ,MST-7, ,172383,C,25,FGZ,0,0,Public,Heavy Rain, , ,3,S,3,SW,CORNVILLE,07/14/2022,1525,34.68,-112,34.6901,-111.9659,"The first wash on Old Highway 279/Camino Real flooded in Cottonwood.","A strong high pressure system centered near the Four Corners and a decaying  thunderstorm complex over northwest Mexico brought additional moisture across western Arizona.  This brought strong thunderstorm activity will be along and southwest of|a line from extending from the Grand Canyon southeastward through Flagstaff and Happy Jack.",366
1049804,MOHAVE CO.,KINGMAN ARPT,07/14/2022,1500,Flash Flood, , ,0,0,1000,0,AZ,MST-7, ,172886,C,15,VEF,0,0,County Official,Heavy Rain, , ,3,SSE,3,SSE,KINGMAN ARPT,07/14/2022,1700,35.21,-113.63,35.2134,-113.6322,"Hackberry Rd was closed from Hwy 93 to I-40.","A push of monsoon moisture fueled an outbreak of thunderstorms across the Mojave Desert. Some storms produced severe weather and flash flooding.",367
1049805,MOHAVE CO.,DOLAN SPGS,07/14/2022,1536,Flash Flood, , ,0,0,1000,0,AZ,MST-7, ,172886,C,15,VEF,0,0,County Official,Heavy Rain, , ,6,NNE,6,NNE,DOLAN SPGS,07/14/2022,1730,35.6996,-114.173,35.7004,-114.1708,"The Archibald Wash flooded Pierce Ferry Rd.","A push of monsoon moisture fueled an outbreak of thunderstorms across the Mojave Desert. Some storms produced severe weather and flash flooding.",368
1049806,MOHAVE CO.,DOLAN SPGS,07/14/2022,1645,Flash Flood, , ,0,0,1000,0,AZ,MST-7, ,172886,C,15,VEF,0,0,County Official,Heavy Rain, , ,9,NNE,9,NNE,DOLAN SPGS,07/14/2022,1830,35.7315,-114.1245,35.7324,-114.122,"Stockton Hill Road was closed from mile marker 36 to Pierce Ferry Road.","A push of monsoon moisture fueled an outbreak of thunderstorms across the Mojave Desert. Some storms produced severe weather and flash flooding.",369
1049808,MOHAVE CO.,CONE SPGS,07/14/2022,1825,Flash Flood, , ,0,0,1000,0,AZ,MST-7, ,172886,C,15,VEF,0,0,County Official,Heavy Rain, , ,2,SSE,3,SSE,CONE SPGS,07/14/2022,2030,34.8489,-113.6348,34.8463,-113.634,"Huffriter Crossing was closed from Hwy 93 to Back Rd.","A push of monsoon moisture fueled an outbreak of thunderstorms across the Mojave Desert. Some storms produced severe weather and flash flooding.",370
1049807,MOHAVE CO.,CONE SPGS,07/14/2022,1825,Flash Flood, , ,0,0,1000,0,AZ,MST-7, ,172886,C,15,VEF,0,0,County Official,Heavy Rain, , ,6,ENE,6,ENE,CONE SPGS,07/14/2022,2030,34.9072,-113.5515,34.9069,-113.5511,"Bogels Ranch Rd was closed from Upper Trout Creek to Back Rd.","A push of monsoon moisture fueled an outbreak of thunderstorms across the Mojave Desert. Some storms produced severe weather and flash flooding.",371
1049811,MOHAVE CO.,BULLHEAD CITY,07/14/2022,1844,Thunderstorm Wind,50.00, ,0,0,0,0,AZ,MST-7,MG,172886,C,15,VEF,0,0,Trained Spotter, , , ,2,SE,2,SE,BULLHEAD CITY,07/14/2022,1844,35.1321,-114.5451,35.1321,-114.5451,"","A push of monsoon moisture fueled an outbreak of thunderstorms across the Mojave Desert. Some storms produced severe weather and flash flooding.",372
1046600,MARICOPA CO.,CHANDLER HGTS,07/14/2022,2009,Thunderstorm Wind,48.00, ,0,0,5000,0,AZ,MST-7,EG,172416,C,13,PSR,0,0,Law Enforcement, , , ,2,NNE,2,NNE,CHANDLER HGTS,07/14/2022,2009,33.2487,-111.6694,33.2487,-111.6694,"Strong winds associated with a thunderstorm downburst resulted in downed trees and power lines with pictures showing several power poles blown over along Ocotillo Road near Sossaman Road in Queen Creek. A person traveling along Ocotillo Road at the time became trapped after power lines fell onto their car. The individual escaped the incident without any injury. Ocotillo Road between Sossaman Road and Power Road was closed as crews worked to repair power poles and power lines. Winds in the area are believed to have climbed upwards of 55 mph. Nearby, Phoenix-Mesa Gateway Airport recorded a 52 mph gust.","Adequate moisture and instability in place across south-central Arizona on the 14th allowed for thunderstorm development to occur across the high terrain areas of Arizona during the afternoon. Going through the evening hours, multiple outflow boundaries descended into the Valley triggering additional thunderstorm development in the lower deserts. Some of these thunderstorm became strong, including one thunderstorm that developed over the Queen Creek area, producing strong winds. As a result of the strong winds, multiple trees and power poles were knocked down in Queen Creek. No injuries were reported.",373
1049809,MOHAVE CO.,WIKIEUP,07/14/2022,2020,Flash Flood, , ,0,0,1000,0,AZ,MST-7, ,172886,C,15,VEF,0,0,County Official,Heavy Rain, , ,3,N,3,NNE,WIKIEUP,07/14/2022,2230,34.7433,-113.6105,34.7395,-113.6104,"Pump Station Rd was closed from Hwy 93 to Back Rd.","A push of monsoon moisture fueled an outbreak of thunderstorms across the Mojave Desert. Some storms produced severe weather and flash flooding.",374
1147696,CENTRAL PHOENIX (ZONE), ,07/15/2022,0,Heat, , ,5,0,0,0,AZ,MST-7, ,186983,Z,543,PSR,0,2,County Official, , , , , , , , ,07/15/2022,2359, , , , ,"Seven fatalities (5 direct and 2 indirect) were reported by the Maricopa County Department of Public Health, with their details, such as age, gender, circumstances, and exact location unavailable.","A strong upper level ridge situated over the Desert Southwest led to well above normal temperatures along with excessive heat conditions at times. Temperatures during this time at Phoenix Sky Harbor peaked on the 16th at 114 degrees. According to the Maricopa County Department of Public Health, 64 heat-associated fatalities occurred during this time.",375
1147697,NORTH PHOENIX/GLENDALE (ZONE), ,07/15/2022,0,Heat, , ,3,0,0,0,AZ,MST-7, ,186983,Z,544,PSR,0,0,County Official, , , , , , , , ,07/15/2022,2359, , , , ,"Three direct fatalities were reported by the Maricopa County Department of Public Health, with their details, such as age, gender, circumstances, and exact location unavailable.","A strong upper level ridge situated over the Desert Southwest led to well above normal temperatures along with excessive heat conditions at times. Temperatures during this time at Phoenix Sky Harbor peaked on the 16th at 114 degrees. According to the Maricopa County Department of Public Health, 64 heat-associated fatalities occurred during this time.",376
1046792,COCONINO CO.,SUNSET CRATER,07/15/2022,1800,Flash Flood, , ,0,0,0,0,AZ,MST-7, ,172458,C,5,FGZ,0,0,County Official,Heavy Rain / Burn Area, , ,5,W,5,SW,SUNSET CRATER,07/15/2022,2000,35.3545,-111.5812,35.3094,-111.5682,"Flooding was reported along North Copeland Lane and nearby homes. Large rocks and debris covered the road and residential yards. Flash flooding was also reported in the Wupatki Trails neighborhood. The flooding was at least 100 feet wide with 2-3 foot debris in the flow.","Deep monsoon moisture and light steering winds brought heavy rain and flash flooding to a few locations across northern Arizona.",377
1147924,CAVE CREEK/NEW RIVER (ZONE), ,07/16/2022,1000,Excessive Heat, , ,0,0,0,0,AZ,MST-7, ,186983,Z,541,PSR,0,0,County Official, , , , , , , , ,07/16/2022,2000, , , , ,"","A strong upper level ridge situated over the Desert Southwest led to well above normal temperatures along with excessive heat conditions at times. Temperatures during this time at Phoenix Sky Harbor peaked on the 16th at 114 degrees. According to the Maricopa County Department of Public Health, 64 heat-associated fatalities occurred during this time.",378
1147699,EAST VALLEY (ZONE), ,07/16/2022,1000,Excessive Heat, , ,2,0,0,0,AZ,MST-7, ,186983,Z,548,PSR,0,0,County Official, , , , , , , , ,07/16/2022,2000, , , , ,"Two direct fatalities were reported by the Maricopa County Department of Public Health, with their details, such as age, gender, circumstances, and exact location unavailable.","A strong upper level ridge situated over the Desert Southwest led to well above normal temperatures along with excessive heat conditions at times. Temperatures during this time at Phoenix Sky Harbor peaked on the 16th at 114 degrees. According to the Maricopa County Department of Public Health, 64 heat-associated fatalities occurred during this time.",379
1147923,NORTHWEST VALLEY (ZONE), ,07/16/2022,1000,Excessive Heat, , ,0,0,0,0,AZ,MST-7, ,186983,Z,537,PSR,0,0,County Official, , , , , , , , ,07/16/2022,2000, , , , ,"","A strong upper level ridge situated over the Desert Southwest led to well above normal temperatures along with excessive heat conditions at times. Temperatures during this time at Phoenix Sky Harbor peaked on the 16th at 114 degrees. According to the Maricopa County Department of Public Health, 64 heat-associated fatalities occurred during this time.",380
1147926,DEER VALLEY (ZONE), ,07/16/2022,1000,Excessive Heat, , ,0,0,0,0,AZ,MST-7, ,186983,Z,542,PSR,0,0,County Official, , , , , , , , ,07/16/2022,2000, , , , ,"","A strong upper level ridge situated over the Desert Southwest led to well above normal temperatures along with excessive heat conditions at times. Temperatures during this time at Phoenix Sky Harbor peaked on the 16th at 114 degrees. According to the Maricopa County Department of Public Health, 64 heat-associated fatalities occurred during this time.",381
1147928,NORTH PHOENIX/GLENDALE (ZONE), ,07/16/2022,1000,Excessive Heat, , ,0,0,0,0,AZ,MST-7, ,186983,Z,544,PSR,0,0,County Official, , , , , , , , ,07/16/2022,2000, , , , ,"","A strong upper level ridge situated over the Desert Southwest led to well above normal temperatures along with excessive heat conditions at times. Temperatures during this time at Phoenix Sky Harbor peaked on the 16th at 114 degrees. According to the Maricopa County Department of Public Health, 64 heat-associated fatalities occurred during this time.",382
1147929,SCOTTSDALE/PARADISE VALLEY (ZONE), ,07/16/2022,1000,Excessive Heat, , ,0,0,0,0,AZ,MST-7, ,186983,Z,546,PSR,0,0,County Official, , , , , , , , ,07/16/2022,2000, , , , ,"","A strong upper level ridge situated over the Desert Southwest led to well above normal temperatures along with excessive heat conditions at times. Temperatures during this time at Phoenix Sky Harbor peaked on the 16th at 114 degrees. According to the Maricopa County Department of Public Health, 64 heat-associated fatalities occurred during this time.",383
1147933,SOUTHEAST VALLEY/QUEEN CREEK (ZONE), ,07/16/2022,1000,Excessive Heat, , ,0,0,0,0,AZ,MST-7, ,186983,Z,551,PSR,0,0,County Official, , , , , , , , ,07/16/2022,2000, , , , ,"","A strong upper level ridge situated over the Desert Southwest led to well above normal temperatures along with excessive heat conditions at times. Temperatures during this time at Phoenix Sky Harbor peaked on the 16th at 114 degrees. According to the Maricopa County Department of Public Health, 64 heat-associated fatalities occurred during this time.",384
1147698,CENTRAL PHOENIX (ZONE), ,07/16/2022,1000,Excessive Heat, , ,8,0,0,0,AZ,MST-7, ,186983,Z,543,PSR,0,0,County Official, , , , , , , , ,07/16/2022,2000, , , , ,"Eight direct fatalities were reported by the Maricopa County Department of Public Health, with their details, such as age, gender, circumstances, and exact location unavailable.","A strong upper level ridge situated over the Desert Southwest led to well above normal temperatures along with excessive heat conditions at times. Temperatures during this time at Phoenix Sky Harbor peaked on the 16th at 114 degrees. According to the Maricopa County Department of Public Health, 64 heat-associated fatalities occurred during this time.",385
1147700,BUCKEYE/AVONDALE (ZONE), ,07/16/2022,1000,Excessive Heat, , ,3,0,0,0,AZ,MST-7, ,186983,Z,540,PSR,0,0,County Official, , , , , , , , ,07/16/2022,2000, , , , ,"Three direct fatalities were reported by the Maricopa County Department of Public Health, with their details, such as age, gender, circumstances, and exact location unavailable.","A strong upper level ridge situated over the Desert Southwest led to well above normal temperatures along with excessive heat conditions at times. Temperatures during this time at Phoenix Sky Harbor peaked on the 16th at 114 degrees. According to the Maricopa County Department of Public Health, 64 heat-associated fatalities occurred during this time.",386
1147931,FOUNTAIN HILLS/EAST MESA (ZONE), ,07/16/2022,1000,Excessive Heat, , ,0,0,0,0,AZ,MST-7, ,186983,Z,549,PSR,0,0,County Official, , , , , , , , ,07/16/2022,2000, , , , ,"","A strong upper level ridge situated over the Desert Southwest led to well above normal temperatures along with excessive heat conditions at times. Temperatures during this time at Phoenix Sky Harbor peaked on the 16th at 114 degrees. According to the Maricopa County Department of Public Health, 64 heat-associated fatalities occurred during this time.",387
1147932,SOUTH MOUNTAIN/AHWATUKEE (ZONE), ,07/16/2022,1000,Excessive Heat, , ,0,0,0,0,AZ,MST-7, ,186983,Z,550,PSR,0,0,County Official, , , , , , , , ,07/16/2022,2000, , , , ,"","A strong upper level ridge situated over the Desert Southwest led to well above normal temperatures along with excessive heat conditions at times. Temperatures during this time at Phoenix Sky Harbor peaked on the 16th at 114 degrees. According to the Maricopa County Department of Public Health, 64 heat-associated fatalities occurred during this time.",388
1048718,SANTA CRUZ CO.,CALABASAS,07/16/2022,1420,Hail,1.50, ,0,0,0,0,AZ,MST-7, ,172679,C,23,TWC,0,0,Trained Spotter, , , ,4,SSW,5,SW,CALABASAS,07/16/2022,1444,31.43,-111,31.4351,-111.0405,"Quarter to ping pong ball size hail fell in Rio Rico Southwest for several minutes.","Scattered thunderstorms moved west across Pinal, Pima and Santa Cruz counties during the afternoon and evening. Storms produced large hail in Tucson, Three Points and Rio Rico. Hail damage was most extensive in Green Valley, and was accompanied by wind damage. On the Tohono O'odham Nation, isolated wind damage occurred along with a dust storm that stopped traffic on Highway 86.",389
1048719,SANTA CRUZ CO.,NOGALES,07/16/2022,1500,Thunderstorm Wind,52.00, ,0,0,5000,0,AZ,MST-7,EG,172679,C,23,TWC,0,0,Public, , , ,1,WNW,1,WNW,NOGALES,07/16/2022,1500,31.3601,-110.9517,31.3601,-110.9517,"Thunderstorm winds downed a tree and blew part of the roof off a mobile home on W. Manor Dr. in Nogales.","Scattered thunderstorms moved west across Pinal, Pima and Santa Cruz counties during the afternoon and evening. Storms produced large hail in Tucson, Three Points and Rio Rico. Hail damage was most extensive in Green Valley, and was accompanied by wind damage. On the Tohono O'odham Nation, isolated wind damage occurred along with a dust storm that stopped traffic on Highway 86.",390
1048720,PIMA CO.,VAIL,07/16/2022,1610,Hail,1.00, ,0,0,0,0,AZ,MST-7, ,172679,C,19,TWC,0,0,Public, , , ,4,NE,4,NE,VAIL,07/16/2022,1610,32.08,-110.67,32.08,-110.67,"","Scattered thunderstorms moved west across Pinal, Pima and Santa Cruz counties during the afternoon and evening. Storms produced large hail in Tucson, Three Points and Rio Rico. Hail damage was most extensive in Green Valley, and was accompanied by wind damage. On the Tohono O'odham Nation, isolated wind damage occurred along with a dust storm that stopped traffic on Highway 86.",391
1048722,PIMA CO.,LITTLETOWN,07/16/2022,1631,Hail,1.50, ,0,0,0,0,AZ,MST-7, ,172679,C,19,TWC,0,0,Trained Spotter, , , ,6,E,1,NE,(DMA)DAVIS MONTHAN A,07/16/2022,1652,32.14,-110.77,32.18,-110.8701,"Quarter to ping pong size hail fell across Tucson from Bilby and Houghton to Davis-Monthan AFB.","Scattered thunderstorms moved west across Pinal, Pima and Santa Cruz counties during the afternoon and evening. Storms produced large hail in Tucson, Three Points and Rio Rico. Hail damage was most extensive in Green Valley, and was accompanied by wind damage. On the Tohono O'odham Nation, isolated wind damage occurred along with a dust storm that stopped traffic on Highway 86.",392
1048724,PIMA CO.,CONTINENTAL,07/16/2022,1720,Hail,1.50, ,0,0,50000,0,AZ,MST-7, ,172679,C,19,TWC,0,0,Trained Spotter, , , ,1,S,5,SW,CONTINENTAL,07/16/2022,1730,31.8412,-110.9794,31.8037,-111.0352,"Ping pong size hail buffeted Green Valley for several minutes. Numerous sky lights were damaged and several houses suffered broken windows.","Scattered thunderstorms moved west across Pinal, Pima and Santa Cruz counties during the afternoon and evening. Storms produced large hail in Tucson, Three Points and Rio Rico. Hail damage was most extensive in Green Valley, and was accompanied by wind damage. On the Tohono O'odham Nation, isolated wind damage occurred along with a dust storm that stopped traffic on Highway 86.",393
1048725,PIMA CO.,CONTINENTAL,07/16/2022,1725,Thunderstorm Wind,61.00, ,0,0,50000,0,AZ,MST-7,EG,172679,C,19,TWC,0,0,Fire Department/Rescue, , , ,1,W,2,WNW,CONTINENTAL,07/16/2022,1727,31.85,-110.99,31.8575,-111.0134,"Thunderstorm winds blew down a road sign near the Continental exit of Interstate 19 and 100 trees were downed in Green Valley.","Scattered thunderstorms moved west across Pinal, Pima and Santa Cruz counties during the afternoon and evening. Storms produced large hail in Tucson, Three Points and Rio Rico. Hail damage was most extensive in Green Valley, and was accompanied by wind damage. On the Tohono O'odham Nation, isolated wind damage occurred along with a dust storm that stopped traffic on Highway 86.",394
1049001,PIMA CO.,THREE PTS,07/16/2022,1815,Hail,1.00, ,0,0,0,0,AZ,MST-7, ,172679,C,19,TWC,0,0,Social Media, , , ,0,N,0,N,THREE PTS,07/16/2022,1815,32.08,-111.32,32.08,-111.32,"","Scattered thunderstorms moved west across Pinal, Pima and Santa Cruz counties during the afternoon and evening. Storms produced large hail in Tucson, Three Points and Rio Rico. Hail damage was most extensive in Green Valley, and was accompanied by wind damage. On the Tohono O'odham Nation, isolated wind damage occurred along with a dust storm that stopped traffic on Highway 86.",395
1046688,MARICOPA CO.,TWIN KNOLLS,07/16/2022,1822,Thunderstorm Wind,56.00, ,0,0,8000,0,AZ,MST-7,MG,172437,C,13,PSR,0,0,Public, , , ,2,NNW,2,NNW,TWIN KNOLLS,07/16/2022,1822,33.4513,-111.6351,33.4513,-111.6351,"A home weather station measured 65 mph with tiles blown off from the roof of the house. The location of the home was near the intersection of McKellips and Ellsworth Roads. No injuries were reported.","An upper-level disturbance tracking through the southern half of Arizona along with moderate instability with MUCAPE values greater than 1000 J/kg and 20-30 kts of deep layer shear resulted in a favorable environment for the development of strong to severe thunderstorms. Thunderstorms first began to develop during the late afternoon hours across the higher terrain, in southern Gila County, and then descended towards the lower elevations, affecting the Phoenix metro, during the evening hours.",396
1049035,TOHONO O ODHAM NATION (ZONE), ,07/16/2022,1910,Dust Storm, , ,0,0,0,0,AZ,MST-7, ,172679,Z,502,TWC,0,0,Public, , , , , , , , ,07/16/2022,2000, , , , ,"Thunderstorm winds generated a wall of dust that progressed west across western portions of the Tohono O'odham Nation.  Visibility was reduced to less than a quarter mile along Highway 86.","Scattered thunderstorms moved west across Pinal, Pima and Santa Cruz counties during the afternoon and evening. Storms produced large hail in Tucson, Three Points and Rio Rico. Hail damage was most extensive in Green Valley, and was accompanied by wind damage. On the Tohono O'odham Nation, isolated wind damage occurred along with a dust storm that stopped traffic on Highway 86.",397
1049024,PIMA CO.,KOM VO,07/16/2022,1910,Thunderstorm Wind,56.00, ,0,0,2000,0,AZ,MST-7,EG,172679,C,19,TWC,0,0,Utility Company, , , ,0,ENE,0,ENE,KOM VO,07/16/2022,1910,31.9511,-112.3453,31.9511,-112.3453,"Thunderstorm winds downed a power pole south of Pisinemo near the junction of Routes 21 and 24.","Scattered thunderstorms moved west across Pinal, Pima and Santa Cruz counties during the afternoon and evening. Storms produced large hail in Tucson, Three Points and Rio Rico. Hail damage was most extensive in Green Valley, and was accompanied by wind damage. On the Tohono O'odham Nation, isolated wind damage occurred along with a dust storm that stopped traffic on Highway 86.",398
1046691,MARICOPA CO.,(PHX)SKY HARBOR ARPT,07/16/2022,1942,Thunderstorm Wind,53.00, ,0,0,0,0,AZ,MST-7,MG,172437,C,13,PSR,0,0,ASOS, , , ,1,E,1,E,(PHX)SKY HARBOR ARPT,07/16/2022,1942,33.4298,-111.9983,33.4298,-111.9983,"A 61 mph wind gust was measured at Phoenix Sky Harbor Airport.","An upper-level disturbance tracking through the southern half of Arizona along with moderate instability with MUCAPE values greater than 1000 J/kg and 20-30 kts of deep layer shear resulted in a favorable environment for the development of strong to severe thunderstorms. Thunderstorms first began to develop during the late afternoon hours across the higher terrain, in southern Gila County, and then descended towards the lower elevations, affecting the Phoenix metro, during the evening hours.",399
1046781,MARICOPA CO.,NORTON,07/16/2022,2030,Thunderstorm Wind,52.00, ,0,0,5000,0,AZ,MST-7,EG,172437,C,13,PSR,0,0,Social Media, , , ,2,N,2,N,NORTON,07/16/2022,2030,33.4356,-112.4271,33.4356,-112.4271,"Social media images showed a large uprooted tree caused damage to a sidewalk. Winds were estimated at 60 mph. Timing estimated from radar. No injuries were reported.","An upper-level disturbance tracking through the southern half of Arizona along with moderate instability with MUCAPE values greater than 1000 J/kg and 20-30 kts of deep layer shear resulted in a favorable environment for the development of strong to severe thunderstorms. Thunderstorms first began to develop during the late afternoon hours across the higher terrain, in southern Gila County, and then descended towards the lower elevations, affecting the Phoenix metro, during the evening hours.",400
1046780,MARICOPA CO.,LIBERTY,07/16/2022,2043,Thunderstorm Wind,52.00, ,0,0,20000,0,AZ,MST-7,EG,172437,C,13,PSR,0,0,Broadcast Media, , , ,2,SW,2,SW,LIBERTY,07/16/2022,2043,33.3648,-112.4998,33.3648,-112.4998,"Video showed roof torn off of the Bales Hay Farm and Ranch Feed Store located on West Beloat Road in Buckeye. Winds were estimated at 60 mph. Timing estimated from radar. No injuries were reported.","An upper-level disturbance tracking through the southern half of Arizona along with moderate instability with MUCAPE values greater than 1000 J/kg and 20-30 kts of deep layer shear resulted in a favorable environment for the development of strong to severe thunderstorms. Thunderstorms first began to develop during the late afternoon hours across the higher terrain, in southern Gila County, and then descended towards the lower elevations, affecting the Phoenix metro, during the evening hours.",401
1046777,TONOPAH DESERT (ZONE), ,07/16/2022,2045,Dust Storm, , ,0,0,0,0,AZ,MST-7, ,172437,Z,538,PSR,0,0,Social Media, , , , , , , , ,07/16/2022,2055, , , , ,"Video and report showed visibility down to a few feet. No accidents or injuries were reported.","An upper-level disturbance tracking through the southern half of Arizona along with moderate instability with MUCAPE values greater than 1000 J/kg and 20-30 kts of deep layer shear resulted in a favorable environment for the development of strong to severe thunderstorms. Thunderstorms first began to develop during the late afternoon hours across the higher terrain, in southern Gila County, and then descended towards the lower elevations, affecting the Phoenix metro, during the evening hours.",402
1046778,MARICOPA CO.,VALENCIA,07/16/2022,2050,Thunderstorm Wind,52.00, ,0,0,10000,0,AZ,MST-7,EG,172437,C,13,PSR,0,0,Trained Spotter, , , ,1,NW,1,NW,VALENCIA,07/16/2022,2050,33.392,-112.5909,33.392,-112.5909,"Report from spotter of solar panels peeled off roofs and large trees 1-2 feet downed near the intersection of West Southern Avenue and South Miller Road in Buckeye. Winds were estimated at 60 mph. Timing estimated from radar. No injuries were reported.","An upper-level disturbance tracking through the southern half of Arizona along with moderate instability with MUCAPE values greater than 1000 J/kg and 20-30 kts of deep layer shear resulted in a favorable environment for the development of strong to severe thunderstorms. Thunderstorms first began to develop during the late afternoon hours across the higher terrain, in southern Gila County, and then descended towards the lower elevations, affecting the Phoenix metro, during the evening hours.",403
1046779,MARICOPA CO.,BUCKEYE,07/16/2022,2050,Thunderstorm Wind,52.00, ,0,0,5000,0,AZ,MST-7,EG,172437,C,13,PSR,0,0,Law Enforcement, , , ,0,WNW,0,WNW,BUCKEYE,07/16/2022,2050,33.3708,-112.5841,33.3708,-112.5841,"Images from the Buckeye Police Department showed downed trees and power lines in Downtown Buckeye. Winds were estimated at 60 mph. Timing estimated from radar.  No injuries were reported.","An upper-level disturbance tracking through the southern half of Arizona along with moderate instability with MUCAPE values greater than 1000 J/kg and 20-30 kts of deep layer shear resulted in a favorable environment for the development of strong to severe thunderstorms. Thunderstorms first began to develop during the late afternoon hours across the higher terrain, in southern Gila County, and then descended towards the lower elevations, affecting the Phoenix metro, during the evening hours.",404
1046776,MARICOPA CO.,TONOPAH,07/16/2022,2110,Thunderstorm Wind,52.00, ,0,0,5000,0,AZ,MST-7,EG,172437,C,13,PSR,0,0,Social Media, , , ,3,ENE,3,ENE,TONOPAH,07/16/2022,2110,33.5078,-112.885,33.5078,-112.885,"Images from social media showed a house with a damaged garage door and fence at 387th Avenue near Cameback Road in Tonopah. Winds were estimated near 60 mph. Timing estimated from radar. No injuries were reported.","An upper-level disturbance tracking through the southern half of Arizona along with moderate instability with MUCAPE values greater than 1000 J/kg and 20-30 kts of deep layer shear resulted in a favorable environment for the development of strong to severe thunderstorms. Thunderstorms first began to develop during the late afternoon hours across the higher terrain, in southern Gila County, and then descended towards the lower elevations, affecting the Phoenix metro, during the evening hours.",405
1046775,MARICOPA CO.,TONOPAH,07/16/2022,2120,Thunderstorm Wind,52.00, ,0,0,5000,0,AZ,MST-7,EG,172437,C,13,PSR,0,0,Storm Chaser, , , ,13,W,13,W,TONOPAH,07/16/2022,2120,33.523,-113.1619,33.523,-113.1619,"Images taken from storm chaser passing through the area showed power lines down as well as a destroyed metal shed on Harquahala Valley Road just north of West Bethany Home Road west of Tonopah. Winds were estimated at 60 mph. Timing was estimated from radar. No injuries were reported.","An upper-level disturbance tracking through the southern half of Arizona along with moderate instability with MUCAPE values greater than 1000 J/kg and 20-30 kts of deep layer shear resulted in a favorable environment for the development of strong to severe thunderstorms. Thunderstorms first began to develop during the late afternoon hours across the higher terrain, in southern Gila County, and then descended towards the lower elevations, affecting the Phoenix metro, during the evening hours.",406
1046689,MARICOPA CO.,SUNFLOWER,07/16/2022,2230,Thunderstorm Wind,52.00, ,0,0,0,0,AZ,MST-7,MG,172437,C,13,PSR,0,0,Mesonet, , , ,10,WSW,10,WSW,SUNFLOWER,07/16/2022,2230,33.8121,-111.632,33.8121,-111.632,"A mesonet station at Bartlett Lake measured a 60 mph wind gust.","An upper-level disturbance tracking through the southern half of Arizona along with moderate instability with MUCAPE values greater than 1000 J/kg and 20-30 kts of deep layer shear resulted in a favorable environment for the development of strong to severe thunderstorms. Thunderstorms first began to develop during the late afternoon hours across the higher terrain, in southern Gila County, and then descended towards the lower elevations, affecting the Phoenix metro, during the evening hours.",407
1046690,MARICOPA CO.,CAREFREE,07/16/2022,2240,Thunderstorm Wind,50.00, ,0,0,0,0,AZ,MST-7,MG,172437,C,13,PSR,0,0,Mesonet, , , ,14,ENE,14,ENE,CAREFREE,07/16/2022,2240,33.9835,-111.7079,33.9835,-111.7079,"A mesonet station at Horseshoe Dam measured a wind gust of 58 mph.","An upper-level disturbance tracking through the southern half of Arizona along with moderate instability with MUCAPE values greater than 1000 J/kg and 20-30 kts of deep layer shear resulted in a favorable environment for the development of strong to severe thunderstorms. Thunderstorms first began to develop during the late afternoon hours across the higher terrain, in southern Gila County, and then descended towards the lower elevations, affecting the Phoenix metro, during the evening hours.",408
1147703,BUCKEYE/AVONDALE (ZONE), ,07/17/2022,0,Heat, , ,1,0,0,0,AZ,MST-7, ,186983,Z,540,PSR,0,0,County Official, , , , , , , , ,07/17/2022,2359, , , , ,"One direct fatality was reported by the Maricopa County Department of Public Health, with their details, such as age, gender, circumstances, and exact location unavailable.","A strong upper level ridge situated over the Desert Southwest led to well above normal temperatures along with excessive heat conditions at times. Temperatures during this time at Phoenix Sky Harbor peaked on the 16th at 114 degrees. According to the Maricopa County Department of Public Health, 64 heat-associated fatalities occurred during this time.",409
1147701,CENTRAL PHOENIX (ZONE), ,07/17/2022,0,Heat, , ,5,0,0,0,AZ,MST-7, ,186983,Z,543,PSR,0,4,County Official, , , , , , , , ,07/17/2022,2359, , , , ,"Nine fatalities (5 direct and 4 indirect) were reported by the Maricopa County Department of Public Health, with their details, such as age, gender, circumstances, and exact location unavailable.","A strong upper level ridge situated over the Desert Southwest led to well above normal temperatures along with excessive heat conditions at times. Temperatures during this time at Phoenix Sky Harbor peaked on the 16th at 114 degrees. According to the Maricopa County Department of Public Health, 64 heat-associated fatalities occurred during this time.",410
1147702,NORTH PHOENIX/GLENDALE (ZONE), ,07/17/2022,0,Heat, , ,2,0,0,0,AZ,MST-7, ,186983,Z,544,PSR,0,2,County Official, , , , , , , , ,07/17/2022,2359, , , , ,"Four fatalities (2 direct and 2 indirect) were reported by the Maricopa County Department of Public Health, with their details, such as age, gender, circumstances, and exact location unavailable.","A strong upper level ridge situated over the Desert Southwest led to well above normal temperatures along with excessive heat conditions at times. Temperatures during this time at Phoenix Sky Harbor peaked on the 16th at 114 degrees. According to the Maricopa County Department of Public Health, 64 heat-associated fatalities occurred during this time.",411
1141388,TUCSON METRO AREA (ZONE), ,07/17/2022,1000,Heat, , ,2,0,0,0,AZ,MST-7, ,185953,Z,504,TWC,0,0,County Official, , , , , , , , ,07/18/2022,2000, , , , ,"Hot high temperatures around 105 degrees, or 5 degrees above normal, occurred on July 17 and 18, causing the Moderate Heat Risk category to be reached. The Pima County Medical Examiner confirmed that heat was the primary cause of death for one individual found outdoors in Tucson on the 17th and another found in the desert near Three Points on the 18th.","Hot temperatures 5 to 7 degrees above normal were experienced across parts of southeast Arizona July 17 and 18. The Pima County Medical Examiner confirmed that heat was the primary cause of death for one individual found outdoors in Tucson on the 17th and for an additional five individuals on the 18th. Of those, four were found in the desert: two on the Tohono O'odham Nation; one in east central Pima County; and one in Cochise County. A fifth individual died in the hospital shortly after being found in their Safford residence.",412
1050184,NAVAJO CO.,LAKESIDE,07/17/2022,1255,Hail,1.00, ,0,0,0,0,AZ,MST-7, ,172459,C,17,FGZ,0,0,Public, , , ,3,NNW,3,SE,LINDEN,07/17/2022,1300,34.19,-110,34.2498,-110.1154,"A mix of dime to quarter sized hail was reported northwest of Pinetop-Lakeside.","Deep moisture, light winds, and clear conditions in the morning allowed thunderstorms to produce heavy rain, flash flooding, and severe hail.",413
1046795,YAVAPAI CO.,MONTEZUMA CASTLE,07/17/2022,1600,Thunderstorm Wind,50.00, ,0,0,5000,0,AZ,MST-7,EG,172459,C,25,FGZ,0,0,Law Enforcement, , , ,1,WSW,3,N,MIDDLE VERDE,07/17/2022,1605,34.61,-111.85,34.6565,-111.8823,"Strong winds from thunderstorms broke tree limbs.","Deep moisture, light winds, and clear conditions in the morning allowed thunderstorms to produce heavy rain, flash flooding, and severe hail.",414
1046794,YAVAPAI CO.,CAMP VERDE ARPT,07/17/2022,1632,Heavy Rain, , ,0,0,0,0,AZ,MST-7, ,172459,C,25,FGZ,0,0,Trained Spotter, , , ,1,NW,6,E,CAMP VERDE ARPT,07/17/2022,1830,34.54,-111.84,34.5204,-111.7309,"A trained spotter reported 2.20 inches of rain south-southeast of Camp Verde.","Deep moisture, light winds, and clear conditions in the morning allowed thunderstorms to produce heavy rain, flash flooding, and severe hail.",415
1046793,YAVAPAI CO.,CAMP VERDE ARPT,07/17/2022,1753,Flash Flood, , ,0,0,0,0,AZ,MST-7, ,172459,C,25,FGZ,0,0,Law Enforcement,Heavy Rain, , ,2,E,2,S,CAMP VERDE ARPT,07/17/2022,1930,34.5292,-111.8022,34.5052,-111.8329,"Heavy rain produced flash flooding and road closures in Verde Lakes.","Deep moisture, light winds, and clear conditions in the morning allowed thunderstorms to produce heavy rain, flash flooding, and severe hail.",416
1049047,PINAL CO.,AVRA,07/17/2022,1850,Thunderstorm Wind,61.00, ,0,0,150000,0,AZ,MST-7,EG,172680,C,21,TWC,0,0,Broadcast Media, , , ,6,NE,3,SSE,WYMOLA,07/17/2022,1905,32.6232,-111.2093,32.6357,-111.3794,"Thunderstorm winds downed numerous poles down northeast of Red Rock along Park Link Rd between Cattle Tank Rd and Interstate 10. At a nearby tourist attraction, Rooster Cogburn Ostrich Ranch, winds downed additional poles; blew the roof off a residence and a large tent-like animal shelter; and flattened fences.","Scattered thunderstorms moved northwest across Pinal and Pima counties during the afternoon and evening. Storms became severe across southeast Pinal County where numerous power poles were downed that resulted a days long power outage. A dust storm caused a traffic accident on Interstate 10.",417
1049109,SOUTH CENTRAL PINAL COUNTY (ZONE), ,07/17/2022,1856,Dust Storm, , ,0,0,25000,0,AZ,MST-7, ,172680,Z,505,TWC,0,0,Department of Highways, , , , , , , , ,07/17/2022,1930, , , , ,"Thunderstorm winds produced a wall of dust that advanced westward across Pinal County. Visibility was reduced to near zero along Interstate 10 from Red Rock to  Picacho Peak to Eloy.  An accident occurred near mile post 15 that involved a semi-tractor trailer which rolled onto its side. No injuries were reported.","Scattered thunderstorms moved northwest across Pinal and Pima counties during the afternoon and evening. Storms became severe across southeast Pinal County where numerous power poles were downed that resulted a days long power outage. A dust storm caused a traffic accident on Interstate 10.",418
1049042,PIMA CO.,REDINGTON,07/17/2022,1858,Hail,1.00, ,0,0,0,0,AZ,MST-7, ,172680,C,19,TWC,0,0,Public, , , ,7,NW,7,NW,REDINGTON,07/17/2022,1858,32.51,-110.57,32.51,-110.57,"","Scattered thunderstorms moved northwest across Pinal and Pima counties during the afternoon and evening. Storms became severe across southeast Pinal County where numerous power poles were downed that resulted a days long power outage. A dust storm caused a traffic accident on Interstate 10.",419
1048726,NORTHWEST PINAL COUNTY (ZONE), ,07/17/2022,1920,Dust Storm, , ,0,0,0,0,AZ,MST-7, ,172456,Z,553,PSR,0,0,Social Media, , , , , , , , ,07/17/2022,1930, , , , ,"Video from a residence in Arizona City shows visibility down to a couple hundred feet in dense dust. No damages reported.","Mid-level flow of 25-30 kts and divergence aloft combined with sufficient MLCAPE of  greater than 1000 J/kg to result in an environment favorable for the development of organized severe thunderstorms. A cluster of thunderstorms developed across southeast Pinal County during the late afternoon hours and moved northwestward through the Phoenix Metro after dark while becoming severe in the process. One of the more significant damage areas was along SR-87 in Salt River Reservation Community, where a mobile home and trailer park were destroyed and large transmission lines were downed. Power was knocked out for some for more than 2 days. A large dust storm also impacted parts of Pinal County.",420
1048114,NORTHWEST PINAL COUNTY (ZONE), ,07/17/2022,1927,Dust Storm, , ,0,0,0,0,AZ,MST-7, ,172456,Z,553,PSR,0,0,Trained Spotter, , , , , , , , ,07/17/2022,1937, , , , ,"Visibility of 1/4 mile reported in blowing dust from thunderstorm outflow. No accidents or injuries were reported.","Mid-level flow of 25-30 kts and divergence aloft combined with sufficient MLCAPE of  greater than 1000 J/kg to result in an environment favorable for the development of organized severe thunderstorms. A cluster of thunderstorms developed across southeast Pinal County during the late afternoon hours and moved northwestward through the Phoenix Metro after dark while becoming severe in the process. One of the more significant damage areas was along SR-87 in Salt River Reservation Community, where a mobile home and trailer park were destroyed and large transmission lines were downed. Power was knocked out for some for more than 2 days. A large dust storm also impacted parts of Pinal County.",421
1049054,PINAL CO.,SILVER BELL,07/17/2022,1930,Thunderstorm Wind,52.00, ,0,0,0,0,AZ,MST-7,EG,172680,C,21,TWC,0,0,CoCoRaHS, , , ,26,NNW,26,NNW,SILVER BELL,07/17/2022,1940,32.7195,-111.6725,32.7195,-111.6725,"Thunderstorm wind gusts were estimated at 60 mph south of Arizona City.","Scattered thunderstorms moved northwest across Pinal and Pima counties during the afternoon and evening. Storms became severe across southeast Pinal County where numerous power poles were downed that resulted a days long power outage. A dust storm caused a traffic accident on Interstate 10.",422
1049810,MOHAVE CO.,COLORADO CITY ARPT,07/17/2022,1935,Thunderstorm Wind,50.00, ,0,0,0,0,AZ,MST-7,MG,172886,C,15,VEF,0,0,AWOS, , , ,1,NE,1,NE,COLORADO CITY ARPT,07/17/2022,1935,36.9598,-113.0113,36.9598,-113.0113,"This gust occurred at the Colorado City Airport.","A push of monsoon moisture fueled an outbreak of thunderstorms across the Mojave Desert. Some storms produced severe weather and flash flooding.",423
1048119,PINAL CO.,TOLTEC,07/17/2022,1952,Thunderstorm Wind,50.00, ,0,0,20000,0,AZ,MST-7,EG,172456,C,21,PSR,0,0,Trained Spotter, , , ,3,WSW,3,WSW,TOLTEC,07/17/2022,1952,32.763,-111.6611,32.763,-111.6611,"Report from trained spotter as well as videos from the broadcast media showed about a one-mile stretch of power poles blown over West Battaglia Drive between Sunland Gin and Overfield Roads. Thousands of people were left without power. Timing estimated from radar. No injuries were reported.","Mid-level flow of 25-30 kts and divergence aloft combined with sufficient MLCAPE of  greater than 1000 J/kg to result in an environment favorable for the development of organized severe thunderstorms. A cluster of thunderstorms developed across southeast Pinal County during the late afternoon hours and moved northwestward through the Phoenix Metro after dark while becoming severe in the process. One of the more significant damage areas was along SR-87 in Salt River Reservation Community, where a mobile home and trailer park were destroyed and large transmission lines were downed. Power was knocked out for some for more than 2 days. A large dust storm also impacted parts of Pinal County.",424
1048124,MARICOPA CO.,VELDA ROSE ESTATES,07/17/2022,2012,Thunderstorm Wind,56.00, ,0,0,0,0,AZ,MST-7,MG,172456,C,13,PSR,0,0,AWOS, , , ,0,N,0,N,VELDA ROSE ESTATES,07/17/2022,2012,33.4563,-111.7313,33.4563,-111.7313,"The Mesa Falcon Field Airport AWOS Station measured a 64 mph wind gust.","Mid-level flow of 25-30 kts and divergence aloft combined with sufficient MLCAPE of  greater than 1000 J/kg to result in an environment favorable for the development of organized severe thunderstorms. A cluster of thunderstorms developed across southeast Pinal County during the late afternoon hours and moved northwestward through the Phoenix Metro after dark while becoming severe in the process. One of the more significant damage areas was along SR-87 in Salt River Reservation Community, where a mobile home and trailer park were destroyed and large transmission lines were downed. Power was knocked out for some for more than 2 days. A large dust storm also impacted parts of Pinal County.",425
1049044,PINAL CO.,CHUI CHUISCHU,07/17/2022,2015,Thunderstorm Wind,61.00, ,0,0,12000,0,AZ,MST-7,EG,172680,C,21,TWC,0,0,Utility Company, , , ,1,SE,1,SE,CHUI CHUISCHU,07/17/2022,2015,32.74,-111.79,32.74,-111.79,"Thunderstorms winds downed 5 power poles near Chuichu.","Scattered thunderstorms moved northwest across Pinal and Pima counties during the afternoon and evening. Storms became severe across southeast Pinal County where numerous power poles were downed that resulted a days long power outage. A dust storm caused a traffic accident on Interstate 10.",426
1048126,MARICOPA CO.,BUCKHORN,07/17/2022,2015,Thunderstorm Wind,50.00, ,0,0,30000,0,AZ,MST-7,EG,172456,C,13,PSR,0,0,Social Media, , , ,1,SSE,1,SSE,BUCKHORN,07/17/2022,2015,33.401,-111.7098,33.401,-111.7098,"Social media images showed blown out billboards, roof damage, heads of palm trees blown off, powerline damage, and tiling damage on 56th street in East Mesa. Timing estimated from radar. No injuries were reported.","Mid-level flow of 25-30 kts and divergence aloft combined with sufficient MLCAPE of  greater than 1000 J/kg to result in an environment favorable for the development of organized severe thunderstorms. A cluster of thunderstorms developed across southeast Pinal County during the late afternoon hours and moved northwestward through the Phoenix Metro after dark while becoming severe in the process. One of the more significant damage areas was along SR-87 in Salt River Reservation Community, where a mobile home and trailer park were destroyed and large transmission lines were downed. Power was knocked out for some for more than 2 days. A large dust storm also impacted parts of Pinal County.",427
1048127,MARICOPA CO.,BUCKHORN,07/17/2022,2015,Thunderstorm Wind,50.00, ,0,0,3000,0,AZ,MST-7,EG,172456,C,13,PSR,0,0,Social Media, , , ,0,NNE,0,NNE,BUCKHORN,07/17/2022,2015,33.4225,-111.7191,33.4225,-111.7191,"Social media images showed the backyard of a home with a demolished shedding with scattered large debris and a downed tree. The home is located near the intersection of Higley Road and University Drive. Timing estimated from radar. No injuries were reported.","Mid-level flow of 25-30 kts and divergence aloft combined with sufficient MLCAPE of  greater than 1000 J/kg to result in an environment favorable for the development of organized severe thunderstorms. A cluster of thunderstorms developed across southeast Pinal County during the late afternoon hours and moved northwestward through the Phoenix Metro after dark while becoming severe in the process. One of the more significant damage areas was along SR-87 in Salt River Reservation Community, where a mobile home and trailer park were destroyed and large transmission lines were downed. Power was knocked out for some for more than 2 days. A large dust storm also impacted parts of Pinal County.",428
1048151,MARICOPA CO.,TREMAINE,07/17/2022,2015,Thunderstorm Wind,50.00, ,0,0,0,0,AZ,MST-7,EG,172456,C,13,PSR,0,0,Public, , , ,1,W,1,W,TREMAINE,07/17/2022,2015,33.3696,-111.8398,33.3696,-111.8398,"A social media video showed a large uprooted tree in the Sahara Palms Apartments complex in Gilbert. No injuries were reported.","Mid-level flow of 25-30 kts and divergence aloft combined with sufficient MLCAPE of  greater than 1000 J/kg to result in an environment favorable for the development of organized severe thunderstorms. A cluster of thunderstorms developed across southeast Pinal County during the late afternoon hours and moved northwestward through the Phoenix Metro after dark while becoming severe in the process. One of the more significant damage areas was along SR-87 in Salt River Reservation Community, where a mobile home and trailer park were destroyed and large transmission lines were downed. Power was knocked out for some for more than 2 days. A large dust storm also impacted parts of Pinal County.",429
1048152,MARICOPA CO.,BUCKHORN,07/17/2022,2015,Thunderstorm Wind,50.00, ,0,0,2000,0,AZ,MST-7,EG,172456,C,13,PSR,0,0,Broadcast Media, , , ,1,WSW,1,WSW,BUCKHORN,07/17/2022,2015,33.4158,-111.7321,33.4158,-111.7321,"Image of siding damaged from Castle Floors Flooring Store located along E Main Street in Mesa . Timing estimated from radar. No injuries were reported.","Mid-level flow of 25-30 kts and divergence aloft combined with sufficient MLCAPE of  greater than 1000 J/kg to result in an environment favorable for the development of organized severe thunderstorms. A cluster of thunderstorms developed across southeast Pinal County during the late afternoon hours and moved northwestward through the Phoenix Metro after dark while becoming severe in the process. One of the more significant damage areas was along SR-87 in Salt River Reservation Community, where a mobile home and trailer park were destroyed and large transmission lines were downed. Power was knocked out for some for more than 2 days. A large dust storm also impacted parts of Pinal County.",430
1048247,MARICOPA CO.,BUCKHORN,07/17/2022,2015,Thunderstorm Wind,50.00, ,0,0,10000,0,AZ,MST-7,EG,172456,C,13,PSR,0,0,Broadcast Media, , , ,0,SE,0,SE,BUCKHORN,07/17/2022,2015,33.4161,-111.7133,33.4161,-111.7133,"A large Mcdonald's billboard sign fell on two cars parked at the Colonade Motel located on East Main Street between North 54th and North 56th Street in Mesa. Timing estimated from radar. No injuries were reported.","Mid-level flow of 25-30 kts and divergence aloft combined with sufficient MLCAPE of  greater than 1000 J/kg to result in an environment favorable for the development of organized severe thunderstorms. A cluster of thunderstorms developed across southeast Pinal County during the late afternoon hours and moved northwestward through the Phoenix Metro after dark while becoming severe in the process. One of the more significant damage areas was along SR-87 in Salt River Reservation Community, where a mobile home and trailer park were destroyed and large transmission lines were downed. Power was knocked out for some for more than 2 days. A large dust storm also impacted parts of Pinal County.",431
1048253,MARICOPA CO.,TREMAINE,07/17/2022,2015,Thunderstorm Wind,50.00, ,0,0,3000,0,AZ,MST-7,EG,172456,C,13,PSR,0,0,Social Media, , , ,1,ESE,1,ESE,TREMAINE,07/17/2022,2015,33.3643,-111.8074,33.3643,-111.8074,"Social media images showed a large tree uprooted at the driveway of a house, located near the intersection of West Guadalupe and North Cooper Roads. The tree landed on top of a car parked on the driveway. Timing estimated from radar. No injuries were reported.","Mid-level flow of 25-30 kts and divergence aloft combined with sufficient MLCAPE of  greater than 1000 J/kg to result in an environment favorable for the development of organized severe thunderstorms. A cluster of thunderstorms developed across southeast Pinal County during the late afternoon hours and moved northwestward through the Phoenix Metro after dark while becoming severe in the process. One of the more significant damage areas was along SR-87 in Salt River Reservation Community, where a mobile home and trailer park were destroyed and large transmission lines were downed. Power was knocked out for some for more than 2 days. A large dust storm also impacted parts of Pinal County.",432
1048738,MARICOPA CO.,BUCKHORN,07/17/2022,2015,Thunderstorm Wind,50.00, ,0,0,1000,0,AZ,MST-7,EG,172456,C,13,PSR,0,0,Social Media, , , ,1,WSW,1,WSW,BUCKHORN,07/17/2022,2015,33.4117,-111.7361,33.4117,-111.7361,"Photo of a sheet metal shed crushed and destroyed by a large portion of a tree in the Hacienda de Valencia community. The extent of damage to property in the shed is unknown. Timing estimated from radar. No injuries reported.","Mid-level flow of 25-30 kts and divergence aloft combined with sufficient MLCAPE of  greater than 1000 J/kg to result in an environment favorable for the development of organized severe thunderstorms. A cluster of thunderstorms developed across southeast Pinal County during the late afternoon hours and moved northwestward through the Phoenix Metro after dark while becoming severe in the process. One of the more significant damage areas was along SR-87 in Salt River Reservation Community, where a mobile home and trailer park were destroyed and large transmission lines were downed. Power was knocked out for some for more than 2 days. A large dust storm also impacted parts of Pinal County.",433
1048122,NORTHWEST PINAL COUNTY (ZONE), ,07/17/2022,2016,Dust Storm, , ,0,0,0,0,AZ,MST-7, ,172456,Z,553,PSR,0,0,Trained Spotter, , , , , , , , ,07/17/2022,2026, , , , ,"Visibility down to about 200 feet was reported along I-10 near the Sacaton Rest Stop in blowing dust from thunderstorm outflow. No accidents or injuries were reported.","Mid-level flow of 25-30 kts and divergence aloft combined with sufficient MLCAPE of  greater than 1000 J/kg to result in an environment favorable for the development of organized severe thunderstorms. A cluster of thunderstorms developed across southeast Pinal County during the late afternoon hours and moved northwestward through the Phoenix Metro after dark while becoming severe in the process. One of the more significant damage areas was along SR-87 in Salt River Reservation Community, where a mobile home and trailer park were destroyed and large transmission lines were downed. Power was knocked out for some for more than 2 days. A large dust storm also impacted parts of Pinal County.",434
1048132,MARICOPA CO.,MC QUEEN,07/17/2022,2023,Thunderstorm Wind,50.00, ,0,0,21000,0,AZ,MST-7,EG,172456,C,13,PSR,0,0,Social Media, , , ,2,ESE,2,ESE,MC QUEEN,07/17/2022,2023,33.39,-111.8056,33.39,-111.8056,"Social media images showed roof ripped off portion of house as well as doors blown off of plastic shed. Location was South Stapley Drive just north of US-60. Timing estimated from radar. No injuries were reported.","Mid-level flow of 25-30 kts and divergence aloft combined with sufficient MLCAPE of  greater than 1000 J/kg to result in an environment favorable for the development of organized severe thunderstorms. A cluster of thunderstorms developed across southeast Pinal County during the late afternoon hours and moved northwestward through the Phoenix Metro after dark while becoming severe in the process. One of the more significant damage areas was along SR-87 in Salt River Reservation Community, where a mobile home and trailer park were destroyed and large transmission lines were downed. Power was knocked out for some for more than 2 days. A large dust storm also impacted parts of Pinal County.",435
1048130,MARICOPA CO.,DREAMLAND VILLA,07/17/2022,2026,Thunderstorm Wind,87.00, ,0,1,5000000,0,AZ,MST-7,EG,172456,C,13,PSR,0,0,Emergency Manager, , , ,5,WNW,5,WNW,DREAMLAND VILLA,07/17/2022,2026,33.4997,-111.8009,33.4997,-111.8009,"SR-87 was closed between Loop-202 and Shea Blvd due to widespread wind damage. One mobile home and one modular home were destroyed resulting in one injury, requiring the person to be transported to the hospital and be placed in the Intensive Care Unit. Numerous power poles were blown down as well as several transmission towers that had collapsed. The transmission towers were in an area west of Gilbert Rd and along Highway 87. Salt River Project (SRP) utilities confirmed a total of 16 power poles were either blown over or snapped. They also confirmed another 5 (230 volt) transmission towers had collapsed. Other less severe damage was widespread across the region that included shingles blown off numerous homes, tree damage and damage to road signs. 20 other homes were listed as inhabitable. Initial wind estimates from NWS Phoenix were 80-100 mph. SRP rated their transmission towers for 90-95 mph. So, speeds may have actually been 100+ mph.","Mid-level flow of 25-30 kts and divergence aloft combined with sufficient MLCAPE of  greater than 1000 J/kg to result in an environment favorable for the development of organized severe thunderstorms. A cluster of thunderstorms developed across southeast Pinal County during the late afternoon hours and moved northwestward through the Phoenix Metro after dark while becoming severe in the process. One of the more significant damage areas was along SR-87 in Salt River Reservation Community, where a mobile home and trailer park were destroyed and large transmission lines were downed. Power was knocked out for some for more than 2 days. A large dust storm also impacted parts of Pinal County.",436
1048133,MARICOPA CO.,DREAMLAND VILLA,07/17/2022,2026,Thunderstorm Wind,70.00, ,0,0,10000,0,AZ,MST-7,EG,172456,C,13,PSR,0,0,Social Media, , , ,5,WNW,5,WNW,DREAMLAND VILLA,07/17/2022,2026,33.5042,-111.7877,33.5042,-111.7877,"Snapmap video showed an Amazon Semi-truck blown over its side along SR-87 and Gilbert Road. Winds were estimated at 70 kts from radar. Timing also estimated from radar. No injuries were reported.","Mid-level flow of 25-30 kts and divergence aloft combined with sufficient MLCAPE of  greater than 1000 J/kg to result in an environment favorable for the development of organized severe thunderstorms. A cluster of thunderstorms developed across southeast Pinal County during the late afternoon hours and moved northwestward through the Phoenix Metro after dark while becoming severe in the process. One of the more significant damage areas was along SR-87 in Salt River Reservation Community, where a mobile home and trailer park were destroyed and large transmission lines were downed. Power was knocked out for some for more than 2 days. A large dust storm also impacted parts of Pinal County.",437
1048728,MARICOPA CO.,MESA,07/17/2022,2027,Thunderstorm Wind,61.00, ,0,0,25000,0,AZ,MST-7,EG,172456,C,13,PSR,0,0,Broadcast Media, , , ,2,N,2,N,MESA,07/17/2022,2027,33.4515,-111.8137,33.4515,-111.8137,"Video and report of at least a dozen chimneys toppled or completely blown off roofs in a neighborhood near McKellips Road and Horne. No injuries reported. Timing based on radar and wind speed estimated based on damage.","Mid-level flow of 25-30 kts and divergence aloft combined with sufficient MLCAPE of  greater than 1000 J/kg to result in an environment favorable for the development of organized severe thunderstorms. A cluster of thunderstorms developed across southeast Pinal County during the late afternoon hours and moved northwestward through the Phoenix Metro after dark while becoming severe in the process. One of the more significant damage areas was along SR-87 in Salt River Reservation Community, where a mobile home and trailer park were destroyed and large transmission lines were downed. Power was knocked out for some for more than 2 days. A large dust storm also impacted parts of Pinal County.",438
1048255,MARICOPA CO.,MESA,07/17/2022,2030,Thunderstorm Wind,50.00, ,0,0,25000,0,AZ,MST-7,EG,172456,C,13,PSR,0,0,Social Media, , , ,2,N,2,N,MESA,07/17/2022,2030,33.4514,-111.8226,33.4514,-111.8226,"Social media images as well as video showed a couple of very large trees uprooted, causing damage to a carport as well as the roof of an apartment complex. This was near the intersection of North Mesa Drive and East McKellips Road in Mesa. Timing estimated from radar. No injuries were reported.","Mid-level flow of 25-30 kts and divergence aloft combined with sufficient MLCAPE of  greater than 1000 J/kg to result in an environment favorable for the development of organized severe thunderstorms. A cluster of thunderstorms developed across southeast Pinal County during the late afternoon hours and moved northwestward through the Phoenix Metro after dark while becoming severe in the process. One of the more significant damage areas was along SR-87 in Salt River Reservation Community, where a mobile home and trailer park were destroyed and large transmission lines were downed. Power was knocked out for some for more than 2 days. A large dust storm also impacted parts of Pinal County.",439
1048144,MARICOPA CO.,HELENA,07/17/2022,2040,Thunderstorm Wind,54.00, ,0,0,0,0,AZ,MST-7,MG,172456,C,13,PSR,0,0,Trained Spotter, , , ,1,N,1,N,HELENA,07/17/2022,2040,33.3782,-111.9286,33.3782,-111.9286,"Spotter measured a 62 mph wind gust with handheld anemometer from his home located near the intersection of Baseline and Rural Roads.","Mid-level flow of 25-30 kts and divergence aloft combined with sufficient MLCAPE of  greater than 1000 J/kg to result in an environment favorable for the development of organized severe thunderstorms. A cluster of thunderstorms developed across southeast Pinal County during the late afternoon hours and moved northwestward through the Phoenix Metro after dark while becoming severe in the process. One of the more significant damage areas was along SR-87 in Salt River Reservation Community, where a mobile home and trailer park were destroyed and large transmission lines were downed. Power was knocked out for some for more than 2 days. A large dust storm also impacted parts of Pinal County.",440
1048254,MARICOPA CO.,TEMPE,07/17/2022,2040,Thunderstorm Wind,50.00, ,0,0,5000,0,AZ,MST-7,EG,172456,C,13,PSR,0,0,Social Media, , , ,2,ESE,2,ESE,TEMPE,07/17/2022,2040,33.3929,-111.8917,33.3929,-111.8917,"Social media image showed a brick fence blown over near the intersection of East Southern Avenue and Loop 101 in Tempe. No injuries were reported.","Mid-level flow of 25-30 kts and divergence aloft combined with sufficient MLCAPE of  greater than 1000 J/kg to result in an environment favorable for the development of organized severe thunderstorms. A cluster of thunderstorms developed across southeast Pinal County during the late afternoon hours and moved northwestward through the Phoenix Metro after dark while becoming severe in the process. One of the more significant damage areas was along SR-87 in Salt River Reservation Community, where a mobile home and trailer park were destroyed and large transmission lines were downed. Power was knocked out for some for more than 2 days. A large dust storm also impacted parts of Pinal County.",441
1048145,MARICOPA CO.,SCOTTSDALE,07/17/2022,2041,Thunderstorm Wind,50.00, ,0,0,1000,0,AZ,MST-7,EG,172456,C,13,PSR,0,0,Public, , , ,0,SE,0,SE,SCOTTSDALE,07/17/2022,2041,33.476,-111.8939,33.476,-111.8939,"Large tree uprooted near the intersection of 87th street and Wilshire Drive. No injuries were reported.","Mid-level flow of 25-30 kts and divergence aloft combined with sufficient MLCAPE of  greater than 1000 J/kg to result in an environment favorable for the development of organized severe thunderstorms. A cluster of thunderstorms developed across southeast Pinal County during the late afternoon hours and moved northwestward through the Phoenix Metro after dark while becoming severe in the process. One of the more significant damage areas was along SR-87 in Salt River Reservation Community, where a mobile home and trailer park were destroyed and large transmission lines were downed. Power was knocked out for some for more than 2 days. A large dust storm also impacted parts of Pinal County.",442
1048123,PINAL CO.,STANFIELD,07/17/2022,2047,Thunderstorm Wind,50.00, ,0,0,20000,0,AZ,MST-7,EG,172456,C,21,PSR,0,0,County Official, , , ,9,WNW,9,WNW,STANFIELD,07/17/2022,2047,32.9275,-112.1046,32.9275,-112.1046,"Barnes Rd was closed from Amarillo Valley Rd to Warren Rd due to downed power lines. Timing estimated from radar. No injuries were reported.","Mid-level flow of 25-30 kts and divergence aloft combined with sufficient MLCAPE of  greater than 1000 J/kg to result in an environment favorable for the development of organized severe thunderstorms. A cluster of thunderstorms developed across southeast Pinal County during the late afternoon hours and moved northwestward through the Phoenix Metro after dark while becoming severe in the process. One of the more significant damage areas was along SR-87 in Salt River Reservation Community, where a mobile home and trailer park were destroyed and large transmission lines were downed. Power was knocked out for some for more than 2 days. A large dust storm also impacted parts of Pinal County.",443
1048146,MARICOPA CO.,(PHX)SKY HARBOR ARPT,07/17/2022,2057,Thunderstorm Wind,53.00, ,0,0,0,0,AZ,MST-7,MG,172456,C,13,PSR,0,0,ASOS, , , ,2,E,2,E,(PHX)SKY HARBOR ARPT,07/17/2022,2057,33.431,-111.9938,33.431,-111.9938,"A 61 mph wind gust was measured at Phoenix Sky Harbor International Airport.","Mid-level flow of 25-30 kts and divergence aloft combined with sufficient MLCAPE of  greater than 1000 J/kg to result in an environment favorable for the development of organized severe thunderstorms. A cluster of thunderstorms developed across southeast Pinal County during the late afternoon hours and moved northwestward through the Phoenix Metro after dark while becoming severe in the process. One of the more significant damage areas was along SR-87 in Salt River Reservation Community, where a mobile home and trailer park were destroyed and large transmission lines were downed. Power was knocked out for some for more than 2 days. A large dust storm also impacted parts of Pinal County.",444
1048147,MARICOPA CO.,(LUF)LUKE AFB,07/17/2022,2147,Thunderstorm Wind,55.00, ,0,0,0,0,AZ,MST-7,MG,172456,C,13,PSR,0,0,AWOS, , , ,1,WSW,1,WSW,(LUF)LUKE AFB,07/17/2022,2147,33.5279,-112.3908,33.5279,-112.3908,"A 63 mph wind gust was measured at Luke Air Force Base.","Mid-level flow of 25-30 kts and divergence aloft combined with sufficient MLCAPE of  greater than 1000 J/kg to result in an environment favorable for the development of organized severe thunderstorms. A cluster of thunderstorms developed across southeast Pinal County during the late afternoon hours and moved northwestward through the Phoenix Metro after dark while becoming severe in the process. One of the more significant damage areas was along SR-87 in Salt River Reservation Community, where a mobile home and trailer park were destroyed and large transmission lines were downed. Power was knocked out for some for more than 2 days. A large dust storm also impacted parts of Pinal County.",445
1048148,MARICOPA CO.,BEARDSLEY,07/17/2022,2148,Thunderstorm Wind,50.00, ,0,0,5000,0,AZ,MST-7,EG,172456,C,13,PSR,0,0,Trained Spotter, , , ,6,ENE,6,ENE,BEARDSLEY,07/17/2022,2148,33.7121,-112.2856,33.7121,-112.2856,"Multiple 12 diameter tree trunks snapped along 107th Ave just south of Happy Valley Road in Surprise. No injuries were reported.","Mid-level flow of 25-30 kts and divergence aloft combined with sufficient MLCAPE of  greater than 1000 J/kg to result in an environment favorable for the development of organized severe thunderstorms. A cluster of thunderstorms developed across southeast Pinal County during the late afternoon hours and moved northwestward through the Phoenix Metro after dark while becoming severe in the process. One of the more significant damage areas was along SR-87 in Salt River Reservation Community, where a mobile home and trailer park were destroyed and large transmission lines were downed. Power was knocked out for some for more than 2 days. A large dust storm also impacted parts of Pinal County.",446
1048249,MARICOPA CO.,BEARDSLEY,07/17/2022,2148,Thunderstorm Wind,50.00, ,0,0,5000,0,AZ,MST-7,EG,172456,C,13,PSR,0,0,Trained Spotter, , , ,4,ENE,4,ENE,BEARDSLEY,07/17/2022,2148,33.7002,-112.3124,33.7002,-112.3124,"Trained spotter reported many uprooted trees with block walls knocked down near the intersection of North 117th Avenue and Avenida Del Sol. Timing estimated from radar. No injuries were reported.","Mid-level flow of 25-30 kts and divergence aloft combined with sufficient MLCAPE of  greater than 1000 J/kg to result in an environment favorable for the development of organized severe thunderstorms. A cluster of thunderstorms developed across southeast Pinal County during the late afternoon hours and moved northwestward through the Phoenix Metro after dark while becoming severe in the process. One of the more significant damage areas was along SR-87 in Salt River Reservation Community, where a mobile home and trailer park were destroyed and large transmission lines were downed. Power was knocked out for some for more than 2 days. A large dust storm also impacted parts of Pinal County.",447
1048150,MARICOPA CO.,BEARDSLEY,07/17/2022,2200,Thunderstorm Wind,56.00, ,0,0,0,0,AZ,MST-7,MG,172456,C,13,PSR,0,0,Mesonet, , , ,5,NE,5,NE,BEARDSLEY,07/17/2022,2200,33.7124,-112.3186,33.7124,-112.3186,"A Salt River Project Utility Company Mesonet station measured a 64 mph wind gust located south of Happy Valley Road west of Loop 303.","Mid-level flow of 25-30 kts and divergence aloft combined with sufficient MLCAPE of  greater than 1000 J/kg to result in an environment favorable for the development of organized severe thunderstorms. A cluster of thunderstorms developed across southeast Pinal County during the late afternoon hours and moved northwestward through the Phoenix Metro after dark while becoming severe in the process. One of the more significant damage areas was along SR-87 in Salt River Reservation Community, where a mobile home and trailer park were destroyed and large transmission lines were downed. Power was knocked out for some for more than 2 days. A large dust storm also impacted parts of Pinal County.",448
1048248,MARICOPA CO.,PERRYVILLE,07/17/2022,2200,Thunderstorm Wind,50.00, ,0,0,5000,0,AZ,MST-7,EG,172456,C,13,PSR,0,0,Social Media, , , ,4,NNW,4,NNW,PERRYVILLE,07/17/2022,2200,33.4826,-112.5017,33.4826,-112.5017,"Social media images showed several large uprooted trees in the Verrado area of Buckeye. Timing estimated from radar. No injuries were reported.","Mid-level flow of 25-30 kts and divergence aloft combined with sufficient MLCAPE of  greater than 1000 J/kg to result in an environment favorable for the development of organized severe thunderstorms. A cluster of thunderstorms developed across southeast Pinal County during the late afternoon hours and moved northwestward through the Phoenix Metro after dark while becoming severe in the process. One of the more significant damage areas was along SR-87 in Salt River Reservation Community, where a mobile home and trailer park were destroyed and large transmission lines were downed. Power was knocked out for some for more than 2 days. A large dust storm also impacted parts of Pinal County.",449
1048149,MARICOPA CO.,PERRYVILLE,07/17/2022,2200,Thunderstorm Wind,50.00, ,0,0,10000,0,AZ,MST-7,EG,172456,C,13,PSR,0,0,Social Media, , , ,4,WNW,4,WNW,PERRYVILLE,07/17/2022,2200,33.4512,-112.5362,33.4512,-112.5362,"Exit signs damaged and construction trailers flipped over on I-10 eastbound between Watson Road and S Verrado Way. No injuries were reported.","Mid-level flow of 25-30 kts and divergence aloft combined with sufficient MLCAPE of  greater than 1000 J/kg to result in an environment favorable for the development of organized severe thunderstorms. A cluster of thunderstorms developed across southeast Pinal County during the late afternoon hours and moved northwestward through the Phoenix Metro after dark while becoming severe in the process. One of the more significant damage areas was along SR-87 in Salt River Reservation Community, where a mobile home and trailer park were destroyed and large transmission lines were downed. Power was knocked out for some for more than 2 days. A large dust storm also impacted parts of Pinal County.",450
1147705,EAST VALLEY (ZONE), ,07/18/2022,0,Heat, , ,2,0,0,0,AZ,MST-7, ,186983,Z,548,PSR,0,3,County Official, , , , , , , , ,07/18/2022,2359, , , , ,"Five fatalities (2 direct and 3 indirect) were reported by the Maricopa County Department of Public Health, with their details, such as age, gender, circumstances, and exact location unavailable.","A strong upper level ridge situated over the Desert Southwest led to well above normal temperatures along with excessive heat conditions at times. Temperatures during this time at Phoenix Sky Harbor peaked on the 16th at 114 degrees. According to the Maricopa County Department of Public Health, 64 heat-associated fatalities occurred during this time.",451
1147704,CENTRAL PHOENIX (ZONE), ,07/18/2022,0,Heat, , ,2,0,0,0,AZ,MST-7, ,186983,Z,543,PSR,0,5,County Official, , , , , , , , ,07/18/2022,2359, , , , ,"Seven fatalities (2 direct and 5 indirect) were reported by the Maricopa County Department of Public Health, with their details, such as age, gender, circumstances, and exact location unavailable.","A strong upper level ridge situated over the Desert Southwest led to well above normal temperatures along with excessive heat conditions at times. Temperatures during this time at Phoenix Sky Harbor peaked on the 16th at 114 degrees. According to the Maricopa County Department of Public Health, 64 heat-associated fatalities occurred during this time.",452
1141389,EASTERN COCHISE COUNTY BELOW 5000 FEET (ZONE), ,07/18/2022,1000,Heat, , ,1,0,0,0,AZ,MST-7, ,185953,Z,508,TWC,0,0,County Official, , , , , , , , ,07/18/2022,2000, , , , ,"Hot high temperatures around 100 degrees, or 5 degrees above normal, occurred on July 18, causing the Moderate Heat Risk category to be reached. The Pima County Medical Examiner confirmed that heat was the primary cause of death for one individual found in the desert 30 miles northeast of Douglas.","Hot temperatures 5 to 7 degrees above normal were experienced across parts of southeast Arizona July 17 and 18. The Pima County Medical Examiner confirmed that heat was the primary cause of death for one individual found outdoors in Tucson on the 17th and for an additional five individuals on the 18th. Of those, four were found in the desert: two on the Tohono O'odham Nation; one in east central Pima County; and one in Cochise County. A fifth individual died in the hospital shortly after being found in their Safford residence.",453
1141390,UPPER GILA RIVER AND ARAVAIPA VALLEYS (ZONE), ,07/18/2022,1000,Heat, , ,1,0,0,0,AZ,MST-7, ,185953,Z,509,TWC,0,0,County Official, , , , , , , , ,07/18/2022,2000, , , , ,"Hot high temperatures around 105 degrees, or 5 to 7 degrees above normal, occurred on July 18, causing the Moderate Heat Risk category to be reached. The Pima County Medical Examiner confirmed that heat was the primary cause of death for one individual who dies in the hospital shortly after being found in their Safford home.","Hot temperatures 5 to 7 degrees above normal were experienced across parts of southeast Arizona July 17 and 18. The Pima County Medical Examiner confirmed that heat was the primary cause of death for one individual found outdoors in Tucson on the 17th and for an additional five individuals on the 18th. Of those, four were found in the desert: two on the Tohono O'odham Nation; one in east central Pima County; and one in Cochise County. A fifth individual died in the hospital shortly after being found in their Safford residence.",454
1141384,TOHONO O ODHAM NATION (ZONE), ,07/18/2022,1000,Heat, , ,2,0,0,0,AZ,MST-7, ,185953,Z,502,TWC,0,0,County Official, , , , , , , , ,07/18/2022,2000, , , , ,"Hot high temperatures 100 to 105 degrees, or 5 degrees above normal, occurred on July 18, causing the Moderate Heat Risk category to be reached. The Pima County Medical Examiner confirmed that heat was the primary cause of death for two individuals found in the desert, one near Sells and another near Queen's Well.","Hot temperatures 5 to 7 degrees above normal were experienced across parts of southeast Arizona July 17 and 18. The Pima County Medical Examiner confirmed that heat was the primary cause of death for one individual found outdoors in Tucson on the 17th and for an additional five individuals on the 18th. Of those, four were found in the desert: two on the Tohono O'odham Nation; one in east central Pima County; and one in Cochise County. A fifth individual died in the hospital shortly after being found in their Safford residence.",455
1147708,BUCKEYE/AVONDALE (ZONE), ,07/19/2022,0,Heat, , ,1,0,0,0,AZ,MST-7, ,186984,Z,540,PSR,0,0,County Official, , , , , , , , ,07/19/2022,2359, , , , ,"One direct fatality was reported by the Maricopa County Department of Public Health, with their details, such as age, gender, circumstances, and exact location unavailable.","An anomalously strong ridge of high pressure over the Desert Southwest persisted into the latter part of July, leading to temperatures in excess of 110 degrees in Phoenix most days during this time. Temperatures during this time period peaked on the 22nd with Phoenix Sky Harbor recording a high of 114 degrees. Overnight temperatures provided little relief from the heat as morning lows remained in the 90s for several days. On the 22nd, the morning low temperature only cooled down to 95 degrees in Phoenix. According to the Maricopa County Department of Public Health, 81 heat-associated fatalities occurred during this time.",456
1147706,CENTRAL PHOENIX (ZONE), ,07/19/2022,0,Heat, , ,2,0,0,0,AZ,MST-7, ,186984,Z,543,PSR,0,5,County Official, , , , , , , , ,07/19/2022,2359, , , , ,"Seven fatalities (2 direct and 5 indirect) were reported by the Maricopa County Department of Public Health, with their details, such as age, gender, circumstances, and exact location unavailable.","An anomalously strong ridge of high pressure over the Desert Southwest persisted into the latter part of July, leading to temperatures in excess of 110 degrees in Phoenix most days during this time. Temperatures during this time period peaked on the 22nd with Phoenix Sky Harbor recording a high of 114 degrees. Overnight temperatures provided little relief from the heat as morning lows remained in the 90s for several days. On the 22nd, the morning low temperature only cooled down to 95 degrees in Phoenix. According to the Maricopa County Department of Public Health, 81 heat-associated fatalities occurred during this time.",457
1147707,NORTH PHOENIX/GLENDALE (ZONE), ,07/19/2022,0,Heat, , ,0,0,0,0,AZ,MST-7, ,186984,Z,544,PSR,0,3,County Official, , , , , , , , ,07/19/2022,2359, , , , ,"Three indirect fatalities were reported by the Maricopa County Department of Public Health, with their details, such as age, gender, circumstances, and exact location unavailable.","An anomalously strong ridge of high pressure over the Desert Southwest persisted into the latter part of July, leading to temperatures in excess of 110 degrees in Phoenix most days during this time. Temperatures during this time period peaked on the 22nd with Phoenix Sky Harbor recording a high of 114 degrees. Overnight temperatures provided little relief from the heat as morning lows remained in the 90s for several days. On the 22nd, the morning low temperature only cooled down to 95 degrees in Phoenix. According to the Maricopa County Department of Public Health, 81 heat-associated fatalities occurred during this time.",458
1046796,GILA CO.,FULTON,07/19/2022,1700,Flash Flood, , ,0,0,0,0,AZ,MST-7, ,172460,C,7,FGZ,0,0,Fire Department/Rescue,Heavy Rain, , ,15,N,15,N,FULTON,07/19/2022,1900,34.32,-111.01,34.3064,-111.0168,"Christopher Creek Rose at least a foot. Local roads were flooded and closed.","Enough moisture lingered for thunderstorms to produce flash flooding just south of the Mogollon Rim in Gila County.",459
1049120,COCHISE CO.,DOUGLAS ARPT,07/19/2022,1840,Thunderstorm Wind,70.00, ,0,0,500000,0,AZ,MST-7,EG,172681,C,3,TWC,0,0,Emergency Manager, , , ,6,N,4,SSE,(DUG)BISBEE DOUGLAS,07/19/2022,1845,31.443,-109.4861,31.4196,-109.5665,"Thunderstorm winds downed 42 power poles north of Douglas. The downed poles caused the closure of Highway 191 for 24 hours. More than 40 residences sustained at least minor roof or cosmetic damage. This included 5 mobile homes that either sustained major damage or were completely destroyed and 3 other residences that had substantial damage. Most of these were east of Leslie Canyon Dr. near Madrone Dr. where a microburst occurred. There were no injuries.","Scattered thunderstorms moved southwest off the Mogollon Rim then turned west and became severe across Cochise and Santa Cruz counties during the late afternoon and evening. A microburst caused extensive damage to homes north of Douglas and severe wind gusts occurred farther west from Sierra Vista to Nogales.",460
1046797,GILA CO.,(0E4)PAYSON ARPT,07/19/2022,1940,Flash Flood, , ,0,0,0,0,AZ,MST-7, ,172460,C,7,FGZ,0,0,Fire Department/Rescue,Heavy Rain / Burn Area, , ,3,WNW,4,WNW,(0E4)PAYSON ARPT,07/19/2022,2100,34.2704,-111.3903,34.2818,-111.4079,"A flash flood wave on Ellison Creek near the cascades was 2 feet deep and 10-15 feet wider than normal flow was reported at 730 PM. The flood wave (2-3 feet deep) reached the confluence with the East Verde River by 740 PM.","Enough moisture lingered for thunderstorms to produce flash flooding just south of the Mogollon Rim in Gila County.",461
1049122,COCHISE CO.,(FHU)FT HUACHUCA AFB,07/19/2022,2013,Thunderstorm Wind,59.00, ,0,0,0,0,AZ,MST-7,MG,172681,C,3,TWC,0,0,ASOS, , , ,0,N,6,WNW,(FHU)FT HUACHUCA AFB,07/19/2022,2016,31.58,-110.35,31.6034,-110.4398,"A peak gust of 59 mph was measured at KFHU Libby Field at 2013MST with 66 mph measured at KALK Pioneer Field at 2016MST.","Scattered thunderstorms moved southwest off the Mogollon Rim then turned west and became severe across Cochise and Santa Cruz counties during the late afternoon and evening. A microburst caused extensive damage to homes north of Douglas and severe wind gusts occurred farther west from Sierra Vista to Nogales.",462
1049128,SANTA CRUZ CO.,CANELO,07/19/2022,2030,Thunderstorm Wind,67.00, ,0,0,0,0,AZ,MST-7,MG,172681,C,23,TWC,0,0,Mesonet, , , ,0,N,0,N,(OLS) NOGALES INTL ARPT,07/19/2022,2045,31.55,-110.52,31.42,-110.85,"Thunderstorm outflows from severe storms in Cochise County produced a peak wind gust of 77 mph at Canelo RAWS at 2030MST, 60 MPH at a CWOP station near Patagonia and 59 mph at KOLS Nogales Airport at 2044MST.","Scattered thunderstorms moved southwest off the Mogollon Rim then turned west and became severe across Cochise and Santa Cruz counties during the late afternoon and evening. A microburst caused extensive damage to homes north of Douglas and severe wind gusts occurred farther west from Sierra Vista to Nogales.",463
1147709,CENTRAL PHOENIX (ZONE), ,07/20/2022,0,Heat, , ,2,0,0,0,AZ,MST-7, ,186984,Z,543,PSR,0,7,County Official, , , , , , , , ,07/20/2022,2359, , , , ,"Nine fatalities (2 direct and 7 indirect) were reported by the Maricopa County Department of Public Health, with their details, such as age, gender, circumstances, and exact location unavailable.","An anomalously strong ridge of high pressure over the Desert Southwest persisted into the latter part of July, leading to temperatures in excess of 110 degrees in Phoenix most days during this time. Temperatures during this time period peaked on the 22nd with Phoenix Sky Harbor recording a high of 114 degrees. Overnight temperatures provided little relief from the heat as morning lows remained in the 90s for several days. On the 22nd, the morning low temperature only cooled down to 95 degrees in Phoenix. According to the Maricopa County Department of Public Health, 81 heat-associated fatalities occurred during this time.",464
1147710,EAST VALLEY (ZONE), ,07/20/2022,0,Heat, , ,0,0,0,0,AZ,MST-7, ,186984,Z,548,PSR,0,2,County Official, , , , , , , , ,07/20/2022,2359, , , , ,"Two indirect fatalities were reported by the Maricopa County Department of Public Health, with their details, such as age, gender, circumstances, and exact location unavailable.","An anomalously strong ridge of high pressure over the Desert Southwest persisted into the latter part of July, leading to temperatures in excess of 110 degrees in Phoenix most days during this time. Temperatures during this time period peaked on the 22nd with Phoenix Sky Harbor recording a high of 114 degrees. Overnight temperatures provided little relief from the heat as morning lows remained in the 90s for several days. On the 22nd, the morning low temperature only cooled down to 95 degrees in Phoenix. According to the Maricopa County Department of Public Health, 81 heat-associated fatalities occurred during this time.",465
1147711,BUCKEYE/AVONDALE (ZONE), ,07/20/2022,0,Heat, , ,1,0,0,0,AZ,MST-7, ,186984,Z,540,PSR,0,3,County Official, , , , , , , , ,07/20/2022,2359, , , , ,"Four fatalities (1 direct and 3 indirect) were reported by the Maricopa County Department of Public Health, with their details, such as age, gender, circumstances, and exact location unavailable.","An anomalously strong ridge of high pressure over the Desert Southwest persisted into the latter part of July, leading to temperatures in excess of 110 degrees in Phoenix most days during this time. Temperatures during this time period peaked on the 22nd with Phoenix Sky Harbor recording a high of 114 degrees. Overnight temperatures provided little relief from the heat as morning lows remained in the 90s for several days. On the 22nd, the morning low temperature only cooled down to 95 degrees in Phoenix. According to the Maricopa County Department of Public Health, 81 heat-associated fatalities occurred during this time.",466
1047723,YAVAPAI CO.,CORDES,07/20/2022,1615,Thunderstorm Wind,50.00, ,0,0,0,0,AZ,MST-7,EG,172503,C,25,FGZ,0,0,Public, , , ,3,NNE,1,NNE,CORDES,07/20/2022,1615,34.34,-112.16,34.317,-112.1655,"A wind gust of 58 MPH was reported in Spring Valley at 415 PM. There was damage to a shed roof and lawn structure as well as a tree was blown down.","Monsoon moisture surged back across northern Arizona which allowed strong to severe thunderstorms to form.",467
1046998,YAVAPAI CO.,AGUA FRIA,07/20/2022,1730,Flash Flood, , ,0,0,0,0,AZ,MST-7, ,172503,C,25,FGZ,0,0,Law Enforcement,Heavy Rain, , ,7,NW,5,ENE,ENTRO,07/20/2022,1930,34.6235,-112.2772,34.6264,-112.314,"Prescott Valley Police reported hazardous flooding at the intersection of East Lakeshore Drive and East Towago Drive and the intersection of Navajo Drive and Florentine Road.       Rain Gauges in the area recorded  from 1.50 and 1.86 inches of rain.","Monsoon moisture surged back across northern Arizona which allowed strong to severe thunderstorms to form.",468
1049136,COCHISE CO.,PEARCE,07/20/2022,1815,Hail,1.00, ,0,0,0,0,AZ,MST-7, ,172682,C,3,TWC,0,0,Public, , , ,4,NNE,4,NNE,PEARCE,07/20/2022,1815,31.9489,-109.8038,31.9489,-109.8038,"One inch diameter hail combined with wind gusts to 50 mph damaged sunflower crops north of Pearce.","During the afternoon and evening, scattered thunderstorms moved southwest off the Mogollon Rim into Cochise County where one storm produced hail that damaged drops near Pearce.",469
1050003,NORTHWEST PLATEAU (ZONE), ,07/21/2022,1000,Excessive Heat, , ,0,0,0,0,AZ,MST-7, ,172901,Z,1,VEF,0,0,Official NWS Observations, , , , , , , , ,07/22/2022,2000, , , , ,"Excessive Heat Warning criteria were reached two days in a row.","Strong high pressure building overhead brought record hot temperatures to portions of the Mojave Desert.",470
1050004,LAKE HAVASU AND FORT MOHAVE (ZONE), ,07/21/2022,1000,Excessive Heat, , ,0,0,0,0,AZ,MST-7, ,172901,Z,2,VEF,0,0,Official NWS Observations, , , , , , , , ,07/22/2022,2000, , , , ,"Excessive Heat Warning criteria were reached two days in a row.","Strong high pressure building overhead brought record hot temperatures to portions of the Mojave Desert.",471
1050005,NORTHWEST DESERTS (ZONE), ,07/21/2022,1000,Excessive Heat, , ,0,0,0,0,AZ,MST-7, ,172901,Z,3,VEF,0,0,Official NWS Observations, , , , , , , , ,07/22/2022,2000, , , , ,"Excessive Heat Warning criteria were reached two days in a row.","Strong high pressure building overhead brought record hot temperatures to portions of the Mojave Desert.",472
1050006,LAKE MEAD NATIONAL RECREATION AREA (ZONE), ,07/21/2022,1000,Excessive Heat, , ,0,0,0,0,AZ,MST-7, ,172901,Z,36,VEF,0,0,Official NWS Observations, , , , , , , , ,07/22/2022,2000, , , , ,"Excessive Heat Warning criteria were reached two days in a row.","Strong high pressure building overhead brought record hot temperatures to portions of the Mojave Desert.",473
1147956,NORTHWEST PINAL COUNTY (ZONE), ,07/21/2022,1000,Excessive Heat, , ,0,0,0,0,AZ,MST-7, ,186984,Z,553,PSR,0,0,County Official, , , , , , , , ,07/22/2022,2000, , , , ,"","An anomalously strong ridge of high pressure over the Desert Southwest persisted into the latter part of July, leading to temperatures in excess of 110 degrees in Phoenix most days during this time. Temperatures during this time period peaked on the 22nd with Phoenix Sky Harbor recording a high of 114 degrees. Overnight temperatures provided little relief from the heat as morning lows remained in the 90s for several days. On the 22nd, the morning low temperature only cooled down to 95 degrees in Phoenix. According to the Maricopa County Department of Public Health, 81 heat-associated fatalities occurred during this time.",474
1147887,BUCKEYE/AVONDALE (ZONE), ,07/21/2022,1000,Excessive Heat, , ,2,0,0,0,AZ,MST-7, ,186984,Z,540,PSR,0,0,County Official, , , , , , , , ,07/22/2022,2000, , , , ,"Two direct fatalities were reported by the Maricopa County Department of Public Health, with their details, such as age, gender, circumstances, and exact location unavailable.","An anomalously strong ridge of high pressure over the Desert Southwest persisted into the latter part of July, leading to temperatures in excess of 110 degrees in Phoenix most days during this time. Temperatures during this time period peaked on the 22nd with Phoenix Sky Harbor recording a high of 114 degrees. Overnight temperatures provided little relief from the heat as morning lows remained in the 90s for several days. On the 22nd, the morning low temperature only cooled down to 95 degrees in Phoenix. According to the Maricopa County Department of Public Health, 81 heat-associated fatalities occurred during this time.",475
1147886,EAST VALLEY (ZONE), ,07/21/2022,1000,Excessive Heat, , ,1,0,0,0,AZ,MST-7, ,186984,Z,548,PSR,0,6,County Official, , , , , , , , ,07/22/2022,2000, , , , ,"Seven fatalities (1 direct and 6 indirect) were reported by the Maricopa County Department of Public Health, with their details, such as age, gender, circumstances, and exact location unavailable.","An anomalously strong ridge of high pressure over the Desert Southwest persisted into the latter part of July, leading to temperatures in excess of 110 degrees in Phoenix most days during this time. Temperatures during this time period peaked on the 22nd with Phoenix Sky Harbor recording a high of 114 degrees. Overnight temperatures provided little relief from the heat as morning lows remained in the 90s for several days. On the 22nd, the morning low temperature only cooled down to 95 degrees in Phoenix. According to the Maricopa County Department of Public Health, 81 heat-associated fatalities occurred during this time.",476
1147885,NORTH PHOENIX/GLENDALE (ZONE), ,07/21/2022,1000,Excessive Heat, , ,0,0,0,0,AZ,MST-7, ,186984,Z,544,PSR,0,2,County Official, , , , , , , , ,07/22/2022,2000, , , , ,"Two indirect fatalities were reported by the Maricopa County Department of Public Health, with their details, such as age, gender, circumstances, and exact location unavailable.","An anomalously strong ridge of high pressure over the Desert Southwest persisted into the latter part of July, leading to temperatures in excess of 110 degrees in Phoenix most days during this time. Temperatures during this time period peaked on the 22nd with Phoenix Sky Harbor recording a high of 114 degrees. Overnight temperatures provided little relief from the heat as morning lows remained in the 90s for several days. On the 22nd, the morning low temperature only cooled down to 95 degrees in Phoenix. According to the Maricopa County Department of Public Health, 81 heat-associated fatalities occurred during this time.",477
1147884,CENTRAL PHOENIX (ZONE), ,07/21/2022,1000,Excessive Heat, , ,10,0,0,0,AZ,MST-7, ,186984,Z,543,PSR,0,11,County Official, , , , , , , , ,07/22/2022,2000, , , , ,"Twenty-one fatalities (10 direct and 11 indirect) were reported by the Maricopa County Department of Public Health, with their details, such as age, gender, circumstances, and exact location unavailable.","An anomalously strong ridge of high pressure over the Desert Southwest persisted into the latter part of July, leading to temperatures in excess of 110 degrees in Phoenix most days during this time. Temperatures during this time period peaked on the 22nd with Phoenix Sky Harbor recording a high of 114 degrees. Overnight temperatures provided little relief from the heat as morning lows remained in the 90s for several days. On the 22nd, the morning low temperature only cooled down to 95 degrees in Phoenix. According to the Maricopa County Department of Public Health, 81 heat-associated fatalities occurred during this time.",478
1147945,TONOPAH DESERT (ZONE), ,07/21/2022,1000,Excessive Heat, , ,0,0,0,0,AZ,MST-7, ,186984,Z,538,PSR,0,0,County Official, , , , , , , , ,07/22/2022,2000, , , , ,"","An anomalously strong ridge of high pressure over the Desert Southwest persisted into the latter part of July, leading to temperatures in excess of 110 degrees in Phoenix most days during this time. Temperatures during this time period peaked on the 22nd with Phoenix Sky Harbor recording a high of 114 degrees. Overnight temperatures provided little relief from the heat as morning lows remained in the 90s for several days. On the 22nd, the morning low temperature only cooled down to 95 degrees in Phoenix. According to the Maricopa County Department of Public Health, 81 heat-associated fatalities occurred during this time.",479
1147946,GILA BEND (ZONE), ,07/21/2022,1000,Excessive Heat, , ,0,0,0,0,AZ,MST-7, ,186984,Z,539,PSR,0,0,County Official, , , , , , , , ,07/22/2022,2000, , , , ,"","An anomalously strong ridge of high pressure over the Desert Southwest persisted into the latter part of July, leading to temperatures in excess of 110 degrees in Phoenix most days during this time. Temperatures during this time period peaked on the 22nd with Phoenix Sky Harbor recording a high of 114 degrees. Overnight temperatures provided little relief from the heat as morning lows remained in the 90s for several days. On the 22nd, the morning low temperature only cooled down to 95 degrees in Phoenix. According to the Maricopa County Department of Public Health, 81 heat-associated fatalities occurred during this time.",480
1147944,GILA RIVER VALLEY (ZONE), ,07/21/2022,1000,Excessive Heat, , ,0,0,0,0,AZ,MST-7, ,186984,Z,536,PSR,0,0,County Official, , , , , , , , ,07/22/2022,2000, , , , ,"","An anomalously strong ridge of high pressure over the Desert Southwest persisted into the latter part of July, leading to temperatures in excess of 110 degrees in Phoenix most days during this time. Temperatures during this time period peaked on the 22nd with Phoenix Sky Harbor recording a high of 114 degrees. Overnight temperatures provided little relief from the heat as morning lows remained in the 90s for several days. On the 22nd, the morning low temperature only cooled down to 95 degrees in Phoenix. According to the Maricopa County Department of Public Health, 81 heat-associated fatalities occurred during this time.",481
1147947,SONORAN DESERT NATL MONUMENT (ZONE), ,07/21/2022,1000,Excessive Heat, , ,0,0,0,0,AZ,MST-7, ,186984,Z,559,PSR,0,0,County Official, , , , , , , , ,07/22/2022,2000, , , , ,"","An anomalously strong ridge of high pressure over the Desert Southwest persisted into the latter part of July, leading to temperatures in excess of 110 degrees in Phoenix most days during this time. Temperatures during this time period peaked on the 22nd with Phoenix Sky Harbor recording a high of 114 degrees. Overnight temperatures provided little relief from the heat as morning lows remained in the 90s for several days. On the 22nd, the morning low temperature only cooled down to 95 degrees in Phoenix. According to the Maricopa County Department of Public Health, 81 heat-associated fatalities occurred during this time.",482
1147950,CAVE CREEK/NEW RIVER (ZONE), ,07/21/2022,1000,Excessive Heat, , ,0,0,0,0,AZ,MST-7, ,186984,Z,541,PSR,0,0,County Official, , , , , , , , ,07/22/2022,2000, , , , ,"","An anomalously strong ridge of high pressure over the Desert Southwest persisted into the latter part of July, leading to temperatures in excess of 110 degrees in Phoenix most days during this time. Temperatures during this time period peaked on the 22nd with Phoenix Sky Harbor recording a high of 114 degrees. Overnight temperatures provided little relief from the heat as morning lows remained in the 90s for several days. On the 22nd, the morning low temperature only cooled down to 95 degrees in Phoenix. According to the Maricopa County Department of Public Health, 81 heat-associated fatalities occurred during this time.",483
1147951,DEER VALLEY (ZONE), ,07/21/2022,1000,Excessive Heat, , ,0,0,0,0,AZ,MST-7, ,186984,Z,542,PSR,0,0,County Official, , , , , , , , ,07/22/2022,2000, , , , ,"","An anomalously strong ridge of high pressure over the Desert Southwest persisted into the latter part of July, leading to temperatures in excess of 110 degrees in Phoenix most days during this time. Temperatures during this time period peaked on the 22nd with Phoenix Sky Harbor recording a high of 114 degrees. Overnight temperatures provided little relief from the heat as morning lows remained in the 90s for several days. On the 22nd, the morning low temperature only cooled down to 95 degrees in Phoenix. According to the Maricopa County Department of Public Health, 81 heat-associated fatalities occurred during this time.",484
1147940,KOFA (ZONE), ,07/21/2022,1000,Excessive Heat, , ,0,0,0,0,AZ,MST-7, ,186984,Z,531,PSR,0,0,County Official, , , , , , , , ,07/22/2022,2000, , , , ,"","An anomalously strong ridge of high pressure over the Desert Southwest persisted into the latter part of July, leading to temperatures in excess of 110 degrees in Phoenix most days during this time. Temperatures during this time period peaked on the 22nd with Phoenix Sky Harbor recording a high of 114 degrees. Overnight temperatures provided little relief from the heat as morning lows remained in the 90s for several days. On the 22nd, the morning low temperature only cooled down to 95 degrees in Phoenix. According to the Maricopa County Department of Public Health, 81 heat-associated fatalities occurred during this time.",485
1147939,YUMA (ZONE), ,07/21/2022,1000,Excessive Heat, , ,0,0,0,0,AZ,MST-7, ,186984,Z,532,PSR,0,0,County Official, , , , , , , , ,07/22/2022,2000, , , , ,"","An anomalously strong ridge of high pressure over the Desert Southwest persisted into the latter part of July, leading to temperatures in excess of 110 degrees in Phoenix most days during this time. Temperatures during this time period peaked on the 22nd with Phoenix Sky Harbor recording a high of 114 degrees. Overnight temperatures provided little relief from the heat as morning lows remained in the 90s for several days. On the 22nd, the morning low temperature only cooled down to 95 degrees in Phoenix. According to the Maricopa County Department of Public Health, 81 heat-associated fatalities occurred during this time.",486
1147941,CENTRAL LA PAZ (ZONE), ,07/21/2022,1000,Excessive Heat, , ,0,0,0,0,AZ,MST-7, ,186984,Z,533,PSR,0,0,County Official, , , , , , , , ,07/22/2022,2000, , , , ,"","An anomalously strong ridge of high pressure over the Desert Southwest persisted into the latter part of July, leading to temperatures in excess of 110 degrees in Phoenix most days during this time. Temperatures during this time period peaked on the 22nd with Phoenix Sky Harbor recording a high of 114 degrees. Overnight temperatures provided little relief from the heat as morning lows remained in the 90s for several days. On the 22nd, the morning low temperature only cooled down to 95 degrees in Phoenix. According to the Maricopa County Department of Public Health, 81 heat-associated fatalities occurred during this time.",487
1147948,NORTHWEST VALLEY (ZONE), ,07/21/2022,1000,Excessive Heat, , ,0,0,0,0,AZ,MST-7, ,186984,Z,537,PSR,0,0,County Official, , , , , , , , ,07/22/2022,2000, , , , ,"","An anomalously strong ridge of high pressure over the Desert Southwest persisted into the latter part of July, leading to temperatures in excess of 110 degrees in Phoenix most days during this time. Temperatures during this time period peaked on the 22nd with Phoenix Sky Harbor recording a high of 114 degrees. Overnight temperatures provided little relief from the heat as morning lows remained in the 90s for several days. On the 22nd, the morning low temperature only cooled down to 95 degrees in Phoenix. According to the Maricopa County Department of Public Health, 81 heat-associated fatalities occurred during this time.",488
1147942,AGUILA VALLEY (ZONE), ,07/21/2022,1000,Excessive Heat, , ,0,0,0,0,AZ,MST-7, ,186984,Z,534,PSR,0,0,County Official, , , , , , , , ,07/22/2022,2000, , , , ,"","An anomalously strong ridge of high pressure over the Desert Southwest persisted into the latter part of July, leading to temperatures in excess of 110 degrees in Phoenix most days during this time. Temperatures during this time period peaked on the 22nd with Phoenix Sky Harbor recording a high of 114 degrees. Overnight temperatures provided little relief from the heat as morning lows remained in the 90s for several days. On the 22nd, the morning low temperature only cooled down to 95 degrees in Phoenix. According to the Maricopa County Department of Public Health, 81 heat-associated fatalities occurred during this time.",489
1147943,SOUTHEAST YUMA COUNTY (ZONE), ,07/21/2022,1000,Excessive Heat, , ,0,0,0,0,AZ,MST-7, ,186984,Z,535,PSR,0,0,County Official, , , , , , , , ,07/22/2022,2000, , , , ,"","An anomalously strong ridge of high pressure over the Desert Southwest persisted into the latter part of July, leading to temperatures in excess of 110 degrees in Phoenix most days during this time. Temperatures during this time period peaked on the 22nd with Phoenix Sky Harbor recording a high of 114 degrees. Overnight temperatures provided little relief from the heat as morning lows remained in the 90s for several days. On the 22nd, the morning low temperature only cooled down to 95 degrees in Phoenix. According to the Maricopa County Department of Public Health, 81 heat-associated fatalities occurred during this time.",490
1147957,WEST PINAL COUNTY (ZONE), ,07/21/2022,1000,Excessive Heat, , ,0,0,0,0,AZ,MST-7, ,186984,Z,554,PSR,0,0,County Official, , , , , , , , ,07/22/2022,2000, , , , ,"","An anomalously strong ridge of high pressure over the Desert Southwest persisted into the latter part of July, leading to temperatures in excess of 110 degrees in Phoenix most days during this time. Temperatures during this time period peaked on the 22nd with Phoenix Sky Harbor recording a high of 114 degrees. Overnight temperatures provided little relief from the heat as morning lows remained in the 90s for several days. On the 22nd, the morning low temperature only cooled down to 95 degrees in Phoenix. According to the Maricopa County Department of Public Health, 81 heat-associated fatalities occurred during this time.",491
1147958,APACHE JUNCTION/GOLD CANYON (ZONE), ,07/21/2022,1000,Excessive Heat, , ,0,0,0,0,AZ,MST-7, ,186984,Z,555,PSR,0,0,County Official, , , , , , , , ,07/22/2022,2000, , , , ,"","An anomalously strong ridge of high pressure over the Desert Southwest persisted into the latter part of July, leading to temperatures in excess of 110 degrees in Phoenix most days during this time. Temperatures during this time period peaked on the 22nd with Phoenix Sky Harbor recording a high of 114 degrees. Overnight temperatures provided little relief from the heat as morning lows remained in the 90s for several days. On the 22nd, the morning low temperature only cooled down to 95 degrees in Phoenix. According to the Maricopa County Department of Public Health, 81 heat-associated fatalities occurred during this time.",492
1147954,SOUTH MOUNTAIN/AHWATUKEE (ZONE), ,07/21/2022,1000,Excessive Heat, , ,0,0,0,0,AZ,MST-7, ,186984,Z,550,PSR,0,0,County Official, , , , , , , , ,07/22/2022,2000, , , , ,"","An anomalously strong ridge of high pressure over the Desert Southwest persisted into the latter part of July, leading to temperatures in excess of 110 degrees in Phoenix most days during this time. Temperatures during this time period peaked on the 22nd with Phoenix Sky Harbor recording a high of 114 degrees. Overnight temperatures provided little relief from the heat as morning lows remained in the 90s for several days. On the 22nd, the morning low temperature only cooled down to 95 degrees in Phoenix. According to the Maricopa County Department of Public Health, 81 heat-associated fatalities occurred during this time.",493
1147955,SOUTHEAST VALLEY/QUEEN CREEK (ZONE), ,07/21/2022,1000,Excessive Heat, , ,0,0,0,0,AZ,MST-7, ,186984,Z,551,PSR,0,0,County Official, , , , , , , , ,07/22/2022,2000, , , , ,"","An anomalously strong ridge of high pressure over the Desert Southwest persisted into the latter part of July, leading to temperatures in excess of 110 degrees in Phoenix most days during this time. Temperatures during this time period peaked on the 22nd with Phoenix Sky Harbor recording a high of 114 degrees. Overnight temperatures provided little relief from the heat as morning lows remained in the 90s for several days. On the 22nd, the morning low temperature only cooled down to 95 degrees in Phoenix. According to the Maricopa County Department of Public Health, 81 heat-associated fatalities occurred during this time.",494
1147952,SCOTTSDALE/PARADISE VALLEY (ZONE), ,07/21/2022,1000,Excessive Heat, , ,0,0,0,0,AZ,MST-7, ,186984,Z,546,PSR,0,0,County Official, , , , , , , , ,07/22/2022,2000, , , , ,"","An anomalously strong ridge of high pressure over the Desert Southwest persisted into the latter part of July, leading to temperatures in excess of 110 degrees in Phoenix most days during this time. Temperatures during this time period peaked on the 22nd with Phoenix Sky Harbor recording a high of 114 degrees. Overnight temperatures provided little relief from the heat as morning lows remained in the 90s for several days. On the 22nd, the morning low temperature only cooled down to 95 degrees in Phoenix. According to the Maricopa County Department of Public Health, 81 heat-associated fatalities occurred during this time.",495
1147953,FOUNTAIN HILLS/EAST MESA (ZONE), ,07/21/2022,1000,Excessive Heat, , ,0,0,0,0,AZ,MST-7, ,186984,Z,549,PSR,0,0,County Official, , , , , , , , ,07/22/2022,2000, , , , ,"","An anomalously strong ridge of high pressure over the Desert Southwest persisted into the latter part of July, leading to temperatures in excess of 110 degrees in Phoenix most days during this time. Temperatures during this time period peaked on the 22nd with Phoenix Sky Harbor recording a high of 114 degrees. Overnight temperatures provided little relief from the heat as morning lows remained in the 90s for several days. On the 22nd, the morning low temperature only cooled down to 95 degrees in Phoenix. According to the Maricopa County Department of Public Health, 81 heat-associated fatalities occurred during this time.",496
1147938,PARKER VALLEY (ZONE), ,07/21/2022,1000,Excessive Heat, , ,0,0,0,0,AZ,MST-7, ,186984,Z,530,PSR,0,0,County Official, , , , , , , , ,07/22/2022,2000, , , , ,"","An anomalously strong ridge of high pressure over the Desert Southwest persisted into the latter part of July, leading to temperatures in excess of 110 degrees in Phoenix most days during this time. Temperatures during this time period peaked on the 22nd with Phoenix Sky Harbor recording a high of 114 degrees. Overnight temperatures provided little relief from the heat as morning lows remained in the 90s for several days. On the 22nd, the morning low temperature only cooled down to 95 degrees in Phoenix. According to the Maricopa County Department of Public Health, 81 heat-associated fatalities occurred during this time.",497
1046602,GILA CO.,CENTRAL HGTS,07/21/2022,1744,Hail,0.88, ,0,0,0,0,AZ,MST-7, ,172419,C,7,PSR,0,0,Emergency Manager, , , ,1,SE,1,SE,CENTRAL HGTS,07/21/2022,1744,33.4133,-110.8118,33.4133,-110.8118,"","Thunderstorms developed along the Mogollon Rim over to the White Mountains during the afternoon of the 21st. High pressure centered over the northern portion of the state promoted weak east/northeast steering flow, which helped thunderstorms to propagate toward the west/southwest. Sufficient moisture (PWATs around 1.3-1.4) and high instability (CAPE around 1,000-1,500 J/kg) provided a favorable environment for strong to severe thunderstorms capable of producing locally heavy rainfall across southern Gila County. By early evening, strong to severe thunderstorms pushed into the Globe area producing damaging winds, hail, and flash flooding in the area. No injuries were reported.",498
1046605,GILA CO.,MIAMI,07/21/2022,1745,Thunderstorm Wind,50.00, ,0,0,1000,0,AZ,MST-7,EG,172419,C,7,PSR,0,0,Public, , , ,1,SW,1,SW,MIAMI,07/21/2022,1745,33.3928,-110.8784,33.3928,-110.8784,"A large Cypress tree fell onto a building causing some damage.","Thunderstorms developed along the Mogollon Rim over to the White Mountains during the afternoon of the 21st. High pressure centered over the northern portion of the state promoted weak east/northeast steering flow, which helped thunderstorms to propagate toward the west/southwest. Sufficient moisture (PWATs around 1.3-1.4) and high instability (CAPE around 1,000-1,500 J/kg) provided a favorable environment for strong to severe thunderstorms capable of producing locally heavy rainfall across southern Gila County. By early evening, strong to severe thunderstorms pushed into the Globe area producing damaging winds, hail, and flash flooding in the area. No injuries were reported.",499
1046607,GILA CO.,GLOBE,07/21/2022,1822,Flash Flood, , ,0,0,0,0,AZ,MST-7, ,172419,C,7,PSR,0,0,Public,Heavy Rain / Burn Area, , ,3,SSE,3,SSE,GLOBE,07/21/2022,1922,33.3554,-110.7657,33.3585,-110.7664,"Videos show Pinal Creek overtopping a bridge along Six Shooter Canyon Road near Delores Lane making the road impassable. Flood waters from the overtopped bridge are seen in a video traveling down Six Shooter Canyon Road. A rain gage upstream recorded 1.1 of rain in 15 minutes. No injuries or damage was reported.","Thunderstorms developed along the Mogollon Rim over to the White Mountains during the afternoon of the 21st. High pressure centered over the northern portion of the state promoted weak east/northeast steering flow, which helped thunderstorms to propagate toward the west/southwest. Sufficient moisture (PWATs around 1.3-1.4) and high instability (CAPE around 1,000-1,500 J/kg) provided a favorable environment for strong to severe thunderstorms capable of producing locally heavy rainfall across southern Gila County. By early evening, strong to severe thunderstorms pushed into the Globe area producing damaging winds, hail, and flash flooding in the area. No injuries were reported.",500
