EVENT_ID,CZ_NAME_STR,BEGIN_LOCATION,BEGIN_DATE,BEGIN_TIME,EVENT_TYPE,MAGNITUDE,TOR_F_SCALE,DEATHS_DIRECT,INJURIES_DIRECT,DAMAGE_PROPERTY_NUM,DAMAGE_CROPS_NUM,STATE_ABBR,CZ_TIMEZONE,MAGNITUDE_TYPE,EPISODE_ID,CZ_TYPE,CZ_FIPS,WFO,INJURIES_INDIRECT,DEATHS_INDIRECT,SOURCE,FLOOD_CAUSE,TOR_LENGTH,TOR_WIDTH,BEGIN_RANGE,BEGIN_AZIMUTH,END_RANGE,END_AZIMUTH,END_LOCATION,END_DATE,END_TIME,BEGIN_LAT,BEGIN_LON,END_LAT,END_LON,EVENT_NARRATIVE,EPISODE_NARRATIVE,ABSOLUTE_ROWNUMBER
873349,BABOQUIVARI MOUNTAINS (ZONE), ,01/07/2020,0,Cold/Wind Chill, , ,1,0,0,0,AZ,MST-7, ,145457,Z,515,TWC,0,0,County Official, , , , , , , , ,01/07/2020,900, , , , ,"Temperatures in the 30s were observed with wind chills in the 20s during the predawn hours of January 7th. The Pima County Medical Examiner confirmed that hypothermia was the primary cause of death for one adult male. The death occurred in the Baboquivari Mountains.","Cold temperatures for January were observed on the Tohono O'odham Nation. One cold-related death occurred in the Baboquivari Mountains.",1
870074,WESTERN MOGOLLON RIM (ZONE), ,01/09/2020,1630,Heavy Snow, , ,0,0,0,0,AZ,MST-7, ,144881,Z,15,FGZ,0,0,Social Media, , , , , , , , ,01/09/2020,2230, , , , ,"Eight inches of snow was reported in Kachina Village and Mountanire.","A fast-moving low pressure system brought rain and snow to northern Arizona January 9. The greatest amounts fell over the Western Mogollon Rim.",2
870080,LITTLE COLORADO RIVER VALLEY IN COCONINO COUNTY (ZONE), ,02/03/2020,330,High Wind,56.00, ,0,0,0,0,AZ,MST-7,MG,144882,Z,12,FGZ,0,0,Department of Highways, , , , , , , , ,02/03/2020,1430, , , , ,"The ADOT wind sensor at Two Guns reported a peak wind gust of 64 MPH at 353 AM. Wind gusts exceeded 58 MPH from 330 AM to 220 PM.","A strong cold front brought high winds to portions of northern Arizona on February 3rd.",3
870079,LITTLE COLORADO RIVER VALLEY IN APACHE COUNTY (ZONE), ,02/03/2020,855,High Wind,68.00, ,0,0,0,0,AZ,MST-7,MG,144882,Z,14,FGZ,0,0,ASOS, , , , , , , , ,02/03/2020,1945, , , , ,"Very strong winds were felt across the Little Colorado River Valley Apache County. Sustained winds over 40 MPH were felt for over 9 hours in St Johns and Springerville. Peak wind gusts include Springervile 78 MPH at 135 PM, St Johns 70 MPH at 243 PM, and Lupton 60 MPH at 212 PM. There were multiple reports of downed power poles in Springerville and Eagar.  Trees were blown down in Concho and Show Low.","A strong cold front brought high winds to portions of northern Arizona on February 3rd.",4
870077,LITTLE COLORADO RIVER VALLEY IN NAVAJO COUNTY (ZONE), ,02/03/2020,900,High Wind,59.00, ,0,0,0,0,AZ,MST-7,MG,144882,Z,13,FGZ,0,0,ASOS, , , , , , , , ,02/03/2020,1420, , , , ,"The Winslow Airport ASOS recorded frequent sustained winds of 40 MPH or higher from 900 AM to 220 PM. The peak wind gusts of 60 MPH were recorded from 1135 to 1140 AM. The Taylor Airport reported a peak wind gust of 68 MPH at 1055 AM.","A strong cold front brought high winds to portions of northern Arizona on February 3rd.",5
870081,WHITE MOUNTAINS (ZONE), ,02/03/2020,930,High Wind,56.00, ,0,0,0,0,AZ,MST-7,MG,144882,Z,17,FGZ,0,0,ASOS, , , , , , , , ,02/03/2020,1630, , , , ,"The peak wind gust at the Show Low Airport Show Low was 64 MPH at 1035 AM. The winds gusted over 58 MPH between 1015 AM and 3 PM. The sustained winds were above 40 MPH between 930 AM and 430 PM.","A strong cold front brought high winds to portions of northern Arizona on February 3rd.",6
870075,CHUSKA MOUNTAINS AND DEFIANCE PLATEAU (ZONE), ,02/03/2020,1313,High Wind,50.00, ,0,0,0,0,AZ,MST-7,MG,144882,Z,11,FGZ,0,0,ASOS, , , , , , , , ,02/03/2020,1313, , , , ,"The peak wind gust at the Window Rock Airport was 58 MPH between 113 PM and 153 PM.","A strong cold front brought high winds to portions of northern Arizona on February 3rd.",7
870078,EASTERN MOGOLLON RIM (ZONE), ,02/03/2020,1355,High Wind,50.00, ,0,0,0,0,AZ,MST-7,MG,144882,Z,16,FGZ,0,0,AWOS, , , , , , , , ,02/03/2020,1355, , , , ,"The wind sensor at the Mogollon Airpark near Heber reported a peak wind gust of 58 MPH at 155 PM.","A strong cold front brought high winds to portions of northern Arizona on February 3rd.",8
870084,WHITE MOUNTAINS (ZONE), ,02/10/2020,1900,Heavy Snow, , ,0,0,0,0,AZ,MST-7, ,144884,Z,17,FGZ,0,0,Trained Spotter, , , , , , , , ,02/11/2020,900, , , , ,"Eight to nine inches of snow fell in the Alpine area.","A cut-off low moved over northern Arizona with the heaviest snow over Yavapai County and southern Apache counties.",9
870083,YAVAPAI COUNTY MOUNTAINS (ZONE), ,02/11/2020,100,Heavy Snow, , ,0,0,0,0,AZ,MST-7, ,144884,Z,8,FGZ,0,0,Public, , , , , , , , ,02/11/2020,700, , , , ,"Ten inches of snow fell in Walker at an elevation of 6,400 feet.  Nine inches of snow fell in Crown King at an elevation of 5,800 feet.  Four to eight inches of snow fell in the Prescott and Prescott Valley area.","A cut-off low moved over northern Arizona with the heaviest snow over Yavapai County and southern Apache counties.",10
870338,GILA CO.,GLOBE,02/22/2020,1200,Flood, , ,0,0,1000,0,AZ,MST-7, ,144942,C,7,PSR,0,0,Law Enforcement,Heavy Rain, , ,3,SSE,1,SE,LITTLE ACRES,02/22/2020,1900,33.3544,-110.7651,33.3888,-110.8104,"A strong Pacific low pressure system spread copious amounts of moisture into south central Arizona during the day on Saturday February 22nd; this led to widespread moderate to heavy rain which began in the morning hours. Although rain rates were never overly high, the steady rain allowed for some locations to pick up upwards of 3 inches during the day and some areal flooding occurred as a result. Flooding occurred in the area around Globe; as reported by the Gila County Sheriff's Office at 1536MST flooding caused the Beer Tree Crossing at Pinal Creek to become closed. The closure was about 1 mile to the southeast of Globe. While there were no flood warnings issued, an areal flood advisory was put into effect shortly after the report of the closure at the Beer Tree Crossing.","A strong, wet Pacific upper level low pressure system spread copious amounts of moisture into south central Arizona on Saturday February 22nd; as a result widespread rain developed early in the morning and the moderate to heavy rain persisted for much of the day. The heaviest rainfall amounts occurred over higher terrain areas to the east of Phoenix; most of the rain gages in the area measured between 1.25 and 3 inches with the most significant rain occurring during the morning hours. The excessive rain resulted in a few episodes of areal flooding which included the Sycamore Creek and Tonto Creek basins. During the afternoon hours, local law enforcement reported multiple roads closed due to flooding in the Tonto Creek basin; the closures occurred to the northwest of Lake Roosevelt. An areal flood warning was issued for the basin due to elevated flow in the creek and the warning persisted for several days. In addition, during the evening hours a family of 5 drove into Sycamore Creek, which was flowing heavily, and became stranded necessitating a water rescue.",11
870334,GILA CO.,GOVERNMENT HILL,02/22/2020,1300,Flood, , ,0,0,5000,0,AZ,MST-7, ,144942,C,7,PSR,0,0,Law Enforcement,Heavy Rain, , ,8,NNW,9,SSE,PUNKIN CENTER,02/26/2020,915,33.7727,-111.2108,33.7396,-111.2879,"A strong upper level low pressure system spread copious amounts of moisture into south-central Arizona on Saturday February 22nd; this lead to widespread moderate to heavy rain across the high terrain to the northeast of Phoenix. Significant amounts of rain fell in the Tonto Creek basin with gage reports in the area measuring as high as 3 inches during the event. This led to areal flooding in the basin which resulted in several low water crossings becoming inundated. At 1303MST local law enforcement reported a cross road at Tonto Creek closed due to flooding. Later in the afternoon, at about 1713MST, law enforcement reported that the Bar X crossing at Tonto Creek was closed due to the flooding. Both closures were reported by GCSO. In addition, the AHAPS stream gage called Tonto Creek at Roosevelt measured flow significantly above action stage on Saturday, and the elevated flow continued into the middle of the following week. An Areal Flood Warning was issued due to the elevated streamflow. Flow above action stage results in flooding of several low water crossings in the creek.","A strong, wet Pacific upper level low pressure system spread copious amounts of moisture into south central Arizona on Saturday February 22nd; as a result widespread rain developed early in the morning and the moderate to heavy rain persisted for much of the day. The heaviest rainfall amounts occurred over higher terrain areas to the east of Phoenix; most of the rain gages in the area measured between 1.25 and 3 inches with the most significant rain occurring during the morning hours. The excessive rain resulted in a few episodes of areal flooding which included the Sycamore Creek and Tonto Creek basins. During the afternoon hours, local law enforcement reported multiple roads closed due to flooding in the Tonto Creek basin; the closures occurred to the northwest of Lake Roosevelt. An areal flood warning was issued for the basin due to elevated flow in the creek and the warning persisted for several days. In addition, during the evening hours a family of 5 drove into Sycamore Creek, which was flowing heavily, and became stranded necessitating a water rescue.",12
870340,MARICOPA CO.,FT MCDOWELL,02/22/2020,1545,Flood, , ,0,0,25000,0,AZ,MST-7, ,144942,C,13,PSR,0,0,Broadcast Media,Heavy Rain, , ,8,E,6,E,FT MCDOWELL,02/22/2020,2300,33.6504,-111.5367,33.6372,-111.5784,"A strong Pacific upper low spread copious amounts of moisture into south-central Arizona on Saturday February 22nd; this led to widespread moderate to heavy rain across higher terrain areas to the northeast of Phoenix. The excessive rain resulted in some areal flooding during the afternoon and evening hours, affecting the Sycamore Creek basin. According to local broadcast media, at roughly 2115MST a family of 5 drove their vehicle into Sycamore Creek, about 7 miles to the north-northwest of Saguaro Lake. Due to flowing water in the creek, their vehicle became stuck and necessitated a water rescue. There were several other vehicles trapped on river banks   awaiting the waters to recede so that they could proceed. There were no reports of accidents, injuries or fatalities. At the time there were no flood warnings in effect for the area as heavy rain had ended a long time ago.","A strong, wet Pacific upper level low pressure system spread copious amounts of moisture into south central Arizona on Saturday February 22nd; as a result widespread rain developed early in the morning and the moderate to heavy rain persisted for much of the day. The heaviest rainfall amounts occurred over higher terrain areas to the east of Phoenix; most of the rain gages in the area measured between 1.25 and 3 inches with the most significant rain occurring during the morning hours. The excessive rain resulted in a few episodes of areal flooding which included the Sycamore Creek and Tonto Creek basins. During the afternoon hours, local law enforcement reported multiple roads closed due to flooding in the Tonto Creek basin; the closures occurred to the northwest of Lake Roosevelt. An areal flood warning was issued for the basin due to elevated flow in the creek and the warning persisted for several days. In addition, during the evening hours a family of 5 drove into Sycamore Creek, which was flowing heavily, and became stranded necessitating a water rescue.",13
870187,GILA CO.,ROOSEVELT GRPVN ARPT,02/22/2020,1600,Flash Flood, , ,1,0,0,0,AZ,MST-7, ,144901,C,7,FGZ,0,0,County Official,Heavy Rain, , ,15,NE,16,NE,ROOSEVELT GRPVN ARPT,02/22/2020,1800,33.76,-110.84,33.7685,-110.8172,"Two people were canyoneering in Bull Canyon (also known as Water Slide Canyon) near Cherry Creek when one was swept away by rushing waters. An inch and a half to two inches of rain had fallen in the drainage in the previous 11 hours.","A mid-level closed low centered off the coast of Southern California brought abundant moisture into Arizona from the southwest. Areas of heavy rain fell south of Interstate 40 and east of Flagstaff. Light to moderate rain fell elsewhere with snow levels generally above 8000 feet.  A cold front then dropped snow levels to below 6000 feet.",14
870543,GILA CO.,PUNKIN CENTER,02/23/2020,100,Flash Flood, , ,0,0,20000,0,AZ,MST-7, ,144950,C,7,PSR,0,0,Broadcast Media,Heavy Rain, , ,4,ESE,5,S,PUNKIN CENTER,02/23/2020,530,33.8412,-111.2661,33.8044,-111.3316,"Widespread rain across the high terrain east of Phoenix on Saturday February 22nd led to  areal flooding in the Tonto Creek basin north of Lake Roosevelt. Early in the morning on February 23rd, a fresh batch of showers and weak thunderstorms occurred which produced another period of moderate to heavy rain. The additional rain fell in a short period on already saturated ground and led to a rapid rise in the streamflow on Tonto Creek and as a result flash flooding occurred. According to local broadcast media, at 0140MST a motorist needed to be rescued while trying to cross Tonto Creek at the store crossing in Punkin center. The motorist was not injured. While a flash flood warning was not in effect at the time of the rescue, an areal flood warning remained in effect for the area; the warning was issued during the middle of the day on Saturday the 22nd.","Widespread rain, moderate to heavy at times, occurred on Saturday February 22nd and the excessive rain eventually led to episodes of areal flooding across higher terrain areas to the east of Phoenix. One of the more problematic areas was the Tonto Creek basin; rainfall amounts of 3 inches or more along the basin and upstream caused areal flooding to occur and forced the closure of several low water crossings. Rainfall diminished during the afternoon and evening on the 22nd allowing streamflow to level out somewhat but a new round of heavy showers occurred during late evening Saturday and into the early morning on the 23rd. The new round of moderate to heavy showers occurring on an already saturated ground led to a spike in stream flow and produced flash flooding near Punkin center shortly after midnight. According to broadcast media, at about 0140MST a motorist was rescued while trying to cross Tonto Creek at the store crossing in Punkin Center. An Areal Flood Warning remained in effect for the area at the time of the rescue. No injuries were reported, fortunately.",15
870192,WESTERN MOGOLLON RIM (ZONE), ,02/25/2020,320,High Wind,73.00, ,0,0,0,0,AZ,MST-7,MG,144903,Z,15,FGZ,0,0,AWOS, , , , , , , , ,02/26/2020,200, , , , ,"The wind sensor on Agassiz Peak at 11,555 feet measured sustained winds above 40 MPH from 7 AM February 25 until 200 AM on February 26. Wind gusts above 58 MPH were measured from 320 AM until 200 AM.  The peak wind gusts of 84 MPH were measured between 11:10 and 11:20 AM (inclusive). The wind sensor at 9,969 feet measured a peak wind gust of 62 MPH at 11:00 AM.","A dry cold front brought high winds to the peaks just north of Flagstaff above 10,000 feet. The peak wind gust was 84 MPH at 11,555 feet.",16
875567,GILA CO.,STRAWBERRY,03/10/2020,730,Heavy Rain, , ,0,0,0,0,AZ,MST-7, ,145772,C,7,FGZ,0,0,Public, , , ,28,SW,1,N,PINE,03/13/2020,1730,34.1547,-111.9197,34.39,-111.45,"Four and a half (4.50) inches of rain fell over a four day period in Pine. Pine Creek was flowing over two low water crossings. The deepest was 10 to 18 inches on March 13.","A long wave trough set up over the western United States with a series of short wave troughs moving over Arizona.  This brought areas of heavy rain and high elevation snow.",17
872053,MARICOPA CO.,WITTMANN,03/12/2020,800,Flash Flood, , ,0,0,5000,0,AZ,MST-7, ,145222,C,13,PSR,0,0,Public,Heavy Rain, , ,3,ESE,1,SSE,WITTMANN,03/12/2020,1200,33.7694,-112.4835,33.7627,-112.5192,"A powerful Pacific low pressure system spread considerable moisture into the central deserts on March 12th, and aided by modest instability it generated scattered showers and thunderstorms. Some of the stronger storms produced heavy rain sufficient to lead to an episode of flash flooding near the town of Wittmann and to the northwest of Surprise. According to a public report from the town of Surprise, at 1000MST flash flooding occurred about 1 mile northeast of Wittmann. Flooding caused the closure of Dove Valley Road between 203rd and 211th Avenues. The closure was due to debris across the road. A Flash Flood Warning was in effect at the time of the flooding but there were no reports of accidents or injuries.","A strong Pacific low pressure system spread considerable moisture into the central Arizona deserts on March 12th, and the combination of strong forcing, deep moisture and modest instability resulted in scattered to numerous showers and thunderstorms. The storms resulted in areas of moderate to heavy rain, resulting in episodes of flooding and flash flooding that impacted areas near and around the greater Phoenix area. Heavy rain to the southwest of Phoenix led to the morning closure of Highway 238. Afternoon flash flooding near Wittmann led to the closure of Dove Valley Road due to debris. Evening flash flooding southwest of Buckeye and west of Highway 85 led to flowing streams and washes that exceeded action stages. Flowing water led to the closure of old Highway 80 in multiple locations. Multiple Flash Flood Warnings were issued during the day as a result of the heavy rain and flooding impacts.",18
875566,YAVAPAI CO.,CAMP VERDE ARPT,03/12/2020,1000,Flash Flood, , ,0,0,0,0,AZ,MST-7, ,145772,C,25,FGZ,0,0,Public,Heavy Rain / Snow Melt, , ,2,S,3,SE,CAMP VERDE ARPT,03/13/2020,1000,34.5027,-111.8242,34.5018,-111.7796,"West Clear Creek flooded and caused the closure of Verde Lakes Drive.","A long wave trough set up over the western United States with a series of short wave troughs moving over Arizona.  This brought areas of heavy rain and high elevation snow.",19
872067,LA PAZ CO.,WENDEN,03/12/2020,2100,Flood, , ,0,0,0,0,AZ,MST-7, ,145232,C,12,PSR,0,0,County Official,Heavy Rain, , ,12,ESE,7,SSE,HARCUVAR,03/13/2020,230,33.7546,-113.3625,33.68,-113.6014,"A powerful Pacific upper level low spread considerable moisture into the southwest Arizona deserts on March 12th, resulting in the development of scattered to numerous showers during afternoon and evening hours. There were embedded thunderstorms that helped generate heavy rain over portions of La Paz County. The heavy rain resulted in an episode of flooding over eastern portions of the county. According to county officials, at 2208MST Centennial Wash exceeded alarm stage due to flooding. This occurred near the town of Wenden. There were no reports of accidents due to the flooding.","A powerful Pacific low pressure system spread considerable amounts of moisture into the deserts of Arizona on March 12th. The low, aided by an unstable air mass, generated widespread showers along with embedded thunderstorms. Moderate to heavy rain developed during the afternoon and evening across portions of La Paz County which resulted in an episode of flooding in far eastern La Paz County. Around 2200MST county officials reported that Centennial Wash exceeded alarm stage which would lead to flooding in the area. There were no reports of accidents due to the flooding.",20
872057,MARICOPA CO.,CRAG,03/12/2020,2130,Flash Flood, , ,0,0,5000,0,AZ,MST-7, ,145222,C,13,PSR,0,0,County Official,Heavy Rain, , ,1,N,10,SE,HARQUA,03/13/2020,500,33.3111,-112.8978,33.1376,-112.8926,"A powerful Pacific low pressure system spread deep moisture into the central deserts on Marcth 12th; aided by modest instability it allowed scattered to numerous showers and thunderstorms to develop during the afternoon and evening hours. Moderate to heavy rain fell with many of the storms, affecting areas to the southwest of central Phoenix. Peak rain rates were well in excess of 1 inch per hour; earlier in the day at about 1100MST a rain gage at Woolsey Peak measured 2.37 inches in a 2 hour period. The heavy rain led to some flash flooding as streams and washes rose rapidly, exceeding alarm stages on gages and causing road closures. At 2303MST county officials reported that Agua Caliente Road was closed as the Cruff Wash reached action stage. The wash crested at flood stage of 4.8 feet. This was about 9 miles south of the Palo Verge Nuclear Generating Station. Shortly after that, at 2324MST, county officials reported that Old Highway 80 was closed at Rainbow Wash as the wash reached action stage. This was about 15 miles southwest of Buckeye. Finally, at 2356MST officials reported that Old Highway 80 was closed due to the Centennial Wash reaching action stage; this occurred about 10 miles south-southeast of the Palo Verde station. Flash Flood Warnings were issued and in effect at the time of the road closures. Fortunately there were no reports of injuries or accidents due to the flooding.","A strong Pacific low pressure system spread considerable moisture into the central Arizona deserts on March 12th, and the combination of strong forcing, deep moisture and modest instability resulted in scattered to numerous showers and thunderstorms. The storms resulted in areas of moderate to heavy rain, resulting in episodes of flooding and flash flooding that impacted areas near and around the greater Phoenix area. Heavy rain to the southwest of Phoenix led to the morning closure of Highway 238. Afternoon flash flooding near Wittmann led to the closure of Dove Valley Road due to debris. Evening flash flooding southwest of Buckeye and west of Highway 85 led to flowing streams and washes that exceeded action stages. Flowing water led to the closure of old Highway 80 in multiple locations. Multiple Flash Flood Warnings were issued during the day as a result of the heavy rain and flooding impacts.",21
875568,YAVAPAI CO.,CANYON,03/13/2020,500,Flood, , ,0,0,0,0,AZ,MST-7, ,145772,C,25,FGZ,0,0,Trained Spotter,Heavy Rain, , ,1,NE,1,NNW,BUMBLE BEE,03/13/2020,1600,34.08,-112.14,34.2082,-112.1523,"The Agua Fria River reached flood stage (15.8 feet) at around 500 AM after around a 12 foot rise at the Old Black Canyon Highway Bridge. Over three and a half (3.62) inches of rain fell in about 3 days.  The river was above flood stage until around 4 PM.","A long wave trough set up over the western United States with a series of short wave troughs moving over Arizona.  This brought areas of heavy rain and high elevation snow.",22
872399,MARICOPA CO.,WITTMANN,03/13/2020,1025,Funnel Cloud, , ,0,0,0,0,AZ,MST-7, ,145317,C,13,PSR,0,0,Trained Spotter, , , ,5,SE,5,SE,WITTMANN,03/13/2020,1030,33.73,-112.47,33.73,-112.47,"Isolated to scattered thunderstorms developed across the central deserts and to the northwest of Phoenix during the late morning hours on March 13th. One of the stronger storms generated a funnel cloud. According to a trained spotter located about 5 miles to the southeast of the town of Wittmann, at 1025MST a funnel cloud was observed along Highway 60 between Patton Road and Happy Valley Road. Although the funnel did not produce any damage, it was noteworthy due to its rarity and high media interest.","As a weakening, but still strong upper level low pressure system moved east across the Phoenix area on March 13th, it was able to interact with a moist and unstable air mass and produce isolated to scattered thunderstorms. For the most part the storms were not especially strong, but a couple of them managed to produce both large hail and a funnel cloud. The funnel cloud, which occurred about 5 miles to the southeast of Wittmann, was observed by a trained spotter and while it did not produce any damage it was notable for its rarity as well as media interest. The large hail occurred about 6 miles to the northeast of the town of Surprise; hailstones approached one inch in diameter but did not produce any reported damage.",23
872347,MARICOPA CO.,ENNIS,03/13/2020,1200,Heavy Rain, , ,0,0,0,0,AZ,MST-7, ,145315,C,13,PSR,0,0,Trained Spotter, , , ,1,N,1,N,ENNIS,03/13/2020,1500,33.64,-112.33,33.64,-112.33,"Scattered showers and thunderstorms, some with intense rain, developed across western portions of the greater Phoenix metropolitan area during the early afternoon hours on March 13th. Some of the heavy rain occurred in communities such as Surprise and Sun City West. According to a trained weather spotter located in Sun City West, or about 1 mile southeast of Surprise, at 1235MST 0.70 inches of rain fell within a ten minute period near the intersection of Bell Road and North R H Johnson Boulevard. The heavy rain resulted in some street flooding in the area.","A weakening but still potent upper level low pressure system continued to push east across Arizona during the day on March 13th, and the atmosphere across the central deserts was still very humid and a bit unstable. As the system moved across the greater Phoenix area, scattered afternoon thunderstorms developed over the greater Phoenix area. Some of the thunderstorms generated very heavy rains; a trained spotter near the town of Surprise measured 0.7 inches of rain within a 10 minute period. The heavy rain resulted in episodes of street flooding as well as flash flooding. At about 1700MST flash flooding on Cave Creek near 7th Avenue and Greenway Road. Water 6 inches deep was flowing across 7th Avenue as reported by the public. Heavy rain 3 miles south of Deer Valley caused flash flooding at the Interstate 17 and Greenway underpass to flood. Water 1 to 2 feet deep filled up the underpass resulting in at least one stalled car. A Flash Flood Warning was issued and in effect at the time of the underpass flooding. There were no reports of injuries due to the flooding.",24
872348,MARICOPA CO.,BEARDSLEY,03/13/2020,1230,Heavy Rain, , ,0,0,0,0,AZ,MST-7, ,145315,C,13,PSR,0,0,Trained Spotter, , , ,2,ESE,2,ESE,BEARDSLEY,03/13/2020,1500,33.66,-112.35,33.66,-112.35,"Scattered showers and thunderstorms, some with intense rainfall, developed across the northwest portion of the greater Phoenix area during the early afternoon hours on March 13th. The heavy rain affected communities such as Sun City West and Surprise, and resulted in some local street flooding. According to a trained weather spotter located about 1 mile northwest of the town of Surprise, at 1300MST heavy rain resulted in curb to curb flooding in Sun City West along R H Johnson Boulevard. A local storm runoff canal was running with water almost 2 feet deep at the time.","A weakening but still potent upper level low pressure system continued to push east across Arizona during the day on March 13th, and the atmosphere across the central deserts was still very humid and a bit unstable. As the system moved across the greater Phoenix area, scattered afternoon thunderstorms developed over the greater Phoenix area. Some of the thunderstorms generated very heavy rains; a trained spotter near the town of Surprise measured 0.7 inches of rain within a 10 minute period. The heavy rain resulted in episodes of street flooding as well as flash flooding. At about 1700MST flash flooding on Cave Creek near 7th Avenue and Greenway Road. Water 6 inches deep was flowing across 7th Avenue as reported by the public. Heavy rain 3 miles south of Deer Valley caused flash flooding at the Interstate 17 and Greenway underpass to flood. Water 1 to 2 feet deep filled up the underpass resulting in at least one stalled car. A Flash Flood Warning was issued and in effect at the time of the underpass flooding. There were no reports of injuries due to the flooding.",25
872398,MARICOPA CO.,ENNIS,03/13/2020,1235,Hail,0.88, ,0,0,0,0,AZ,MST-7, ,145317,C,13,PSR,0,0,Trained Spotter, , , ,7,NNE,7,NNE,ENNIS,03/13/2020,1235,33.72,-112.27,33.72,-112.27,"Scattered thunderstorms developed across the northern portions of the greater Phoenix area during the early afternoon hours on March 13th. Some of the stronger storms produced a bit of large hail, which impacted communities such as  Peoria and Surprise. According to a trained spotter located about 6 miles northeast of Surprise, at 1235MST nickel sized hail fell in Peoria near the intersection of Lake Pleasant Parkway and Happy Valley Road. The diameter of the larger stones was about 0.88 inches; no damage was reported due to the large hail.","As a weakening, but still strong upper level low pressure system moved east across the Phoenix area on March 13th, it was able to interact with a moist and unstable air mass and produce isolated to scattered thunderstorms. For the most part the storms were not especially strong, but a couple of them managed to produce both large hail and a funnel cloud. The funnel cloud, which occurred about 5 miles to the southeast of Wittmann, was observed by a trained spotter and while it did not produce any damage it was notable for its rarity as well as media interest. The large hail occurred about 6 miles to the northeast of the town of Surprise; hailstones approached one inch in diameter but did not produce any reported damage.",26
872349,MARICOPA CO.,GLENDALE,03/13/2020,1400,Heavy Rain, , ,0,0,0,0,AZ,MST-7, ,145315,C,13,PSR,0,0,Trained Spotter, , , ,1,ESE,1,ESE,GLENDALE,03/13/2020,1700,33.52,-112.16,33.52,-112.16,"Scattered showers and thunderstorms, some with intense rainfall, developed across the western and central portions of the greater Phoenix area during the afternoon hours on March 13th. Some of the stronger storms occurred around the community of Glendale and resulted in episodes of flooding, including street flooding. According to a trained weather spotter located 2 miles to the southeast of Glendale, heavy rain caused street flooding along Grand Avenue between 43rd Avenue and 51st Avenue. The flooding was reported at 1528MST. The water depth in the curb lane was approaching the top of the curb. A few minutes after the report, a Flash Flood Warning was issued for much of the central and northern portion of the greater Phoenix area.","A weakening but still potent upper level low pressure system continued to push east across Arizona during the day on March 13th, and the atmosphere across the central deserts was still very humid and a bit unstable. As the system moved across the greater Phoenix area, scattered afternoon thunderstorms developed over the greater Phoenix area. Some of the thunderstorms generated very heavy rains; a trained spotter near the town of Surprise measured 0.7 inches of rain within a 10 minute period. The heavy rain resulted in episodes of street flooding as well as flash flooding. At about 1700MST flash flooding on Cave Creek near 7th Avenue and Greenway Road. Water 6 inches deep was flowing across 7th Avenue as reported by the public. Heavy rain 3 miles south of Deer Valley caused flash flooding at the Interstate 17 and Greenway underpass to flood. Water 1 to 2 feet deep filled up the underpass resulting in at least one stalled car. A Flash Flood Warning was issued and in effect at the time of the underpass flooding. There were no reports of injuries due to the flooding.",27
872344,MARICOPA CO.,VALENCIA,03/13/2020,1500,Flash Flood, , ,0,0,0,0,AZ,MST-7, ,145315,C,13,PSR,0,0,Trained Spotter,Heavy Rain, , ,2,N,2,NW,VALENCIA,03/13/2020,1830,33.4105,-112.575,33.4084,-112.6061,"An exiting but still potent upper level disturbance acted upon a still wet and unstable air mass to produce scattered afternoon thunderstorms across portions of the greater Phoenix metropolitan area on March 13th. Some of the stronger storms generated locally heavy rain with peak rain rates well in excess of one inch per hour. Portions of the heavy rain fell in the community of Buckeye resulting in an episode of flash flooding. According to a trained weather spotter located about 3 miles north of the town of Buckeye, at 1605MST flash flooding resulted in flowing water 6 inches deep covering a 20 foot wide swath across Miller Road, just south of lower Buckeye Road. Despite the quickly flowing water there were no reports of any accidents due to the flash flooding.","A weakening but still potent upper level low pressure system continued to push east across Arizona during the day on March 13th, and the atmosphere across the central deserts was still very humid and a bit unstable. As the system moved across the greater Phoenix area, scattered afternoon thunderstorms developed over the greater Phoenix area. Some of the thunderstorms generated very heavy rains; a trained spotter near the town of Surprise measured 0.7 inches of rain within a 10 minute period. The heavy rain resulted in episodes of street flooding as well as flash flooding. At about 1700MST flash flooding on Cave Creek near 7th Avenue and Greenway Road. Water 6 inches deep was flowing across 7th Avenue as reported by the public. Heavy rain 3 miles south of Deer Valley caused flash flooding at the Interstate 17 and Greenway underpass to flood. Water 1 to 2 feet deep filled up the underpass resulting in at least one stalled car. A Flash Flood Warning was issued and in effect at the time of the underpass flooding. There were no reports of injuries due to the flooding.",28
873892,MARICOPA CO.,PALO VERDE,03/13/2020,1530,Flash Flood, , ,0,0,30000,0,AZ,MST-7, ,145315,C,13,PSR,0,0,Broadcast Media,Heavy Rain, , ,1,WSW,1,WSW,DIXIE,03/13/2020,2100,33.3454,-112.6894,33.3472,-112.7816,"Scattered showers and thunderstorms, some with heavy rain, occurred during the afternoon hours across the deserts to the west of Phoenix on March 13th. The heavy rain caused washes, streams and rivers to flow very heavily, posing significant danger to motorists. According to local broadcast media, at 1930MST a motorist became trapped in his vehicle at Baseline Road and 319th Avenue due to the Hassayampa River flowing swiftly across the road. The Hassayampa was swollen and flowing heavily due to the earlier heavy rain in the area. About 20 minutes later, a water rescue was needed for the motorist; the rescue occurred to the west of the town of Buckeye. There were no reports of injuries to either the motorists or the rescuers. There was no flash flood warning in effect at the time of the water rescue.","A weakening but still potent upper level low pressure system continued to push east across Arizona during the day on March 13th, and the atmosphere across the central deserts was still very humid and a bit unstable. As the system moved across the greater Phoenix area, scattered afternoon thunderstorms developed over the greater Phoenix area. Some of the thunderstorms generated very heavy rains; a trained spotter near the town of Surprise measured 0.7 inches of rain within a 10 minute period. The heavy rain resulted in episodes of street flooding as well as flash flooding. At about 1700MST flash flooding on Cave Creek near 7th Avenue and Greenway Road. Water 6 inches deep was flowing across 7th Avenue as reported by the public. Heavy rain 3 miles south of Deer Valley caused flash flooding at the Interstate 17 and Greenway underpass to flood. Water 1 to 2 feet deep filled up the underpass resulting in at least one stalled car. A Flash Flood Warning was issued and in effect at the time of the underpass flooding. There were no reports of injuries due to the flooding.",29
872342,MARICOPA CO.,PHOENIX TURF ARPT,03/13/2020,1530,Flash Flood, , ,0,0,20000,0,AZ,MST-7, ,145315,C,13,PSR,0,0,Broadcast Media,Heavy Rain, , ,3,W,3,WNW,PHOENIX TURF ARPT,03/13/2020,1830,33.6227,-112.1246,33.6429,-112.1262,"Scattered thunderstorms developed across the northern portion of the greater Phoenix metropolitan area during the afternoon hours on March 13th. Some of the stronger storms produced intense rain with peak rain rates well in excess of one inch per hour. The heavy rain resulted in some flash flooding which affected the Interstate 17 corridor to the south of the community of Deer Valley. According to a report from local broadcast media, flash flooding along the Interstate resulted in the flooding of the Greenway Road underpass; one to two feet of water filled up the underpass leading to at least one stalled vehicle. A Flash Flood Warning was issued for the area at 1530MST and it was in effect at the time of the flooding. There were no reports of any injuries fortunately.","A weakening but still potent upper level low pressure system continued to push east across Arizona during the day on March 13th, and the atmosphere across the central deserts was still very humid and a bit unstable. As the system moved across the greater Phoenix area, scattered afternoon thunderstorms developed over the greater Phoenix area. Some of the thunderstorms generated very heavy rains; a trained spotter near the town of Surprise measured 0.7 inches of rain within a 10 minute period. The heavy rain resulted in episodes of street flooding as well as flash flooding. At about 1700MST flash flooding on Cave Creek near 7th Avenue and Greenway Road. Water 6 inches deep was flowing across 7th Avenue as reported by the public. Heavy rain 3 miles south of Deer Valley caused flash flooding at the Interstate 17 and Greenway underpass to flood. Water 1 to 2 feet deep filled up the underpass resulting in at least one stalled car. A Flash Flood Warning was issued and in effect at the time of the underpass flooding. There were no reports of injuries due to the flooding.",30
872341,MARICOPA CO.,PHOENIX TURF ARPT,03/13/2020,1530,Flash Flood, , ,0,0,0,0,AZ,MST-7, ,145315,C,13,PSR,0,0,Public,Heavy Rain, , ,1,SE,1,SW,PHOENIX TURF ARPT,03/13/2020,1830,33.6168,-112.0688,33.6184,-112.0992,"Afternoon thunderstorms developed across the northern portions of the greater Phoenix metropolitan area on March 13th and some of the stronger storms generated very heavy rain with peak rain rates well in excess of one inch per hour. The heavy rain led to an episode of flash flooding about 3 miles to the southeast of Deer Valley, between Bell Road and Thunderbird Road. At roughly 1650MST, the public reported flash flooding on the east fork of Cave Creek near 7th Avenue and Greenway Road. Water was seen flowing 6 inches deep across 7th Avenue. A Flash Flood Warning had been issued for the area at 1530MST. No reports of accidents or injuries were received  due to the flash flooding.","A weakening but still potent upper level low pressure system continued to push east across Arizona during the day on March 13th, and the atmosphere across the central deserts was still very humid and a bit unstable. As the system moved across the greater Phoenix area, scattered afternoon thunderstorms developed over the greater Phoenix area. Some of the thunderstorms generated very heavy rains; a trained spotter near the town of Surprise measured 0.7 inches of rain within a 10 minute period. The heavy rain resulted in episodes of street flooding as well as flash flooding. At about 1700MST flash flooding on Cave Creek near 7th Avenue and Greenway Road. Water 6 inches deep was flowing across 7th Avenue as reported by the public. Heavy rain 3 miles south of Deer Valley caused flash flooding at the Interstate 17 and Greenway underpass to flood. Water 1 to 2 feet deep filled up the underpass resulting in at least one stalled car. A Flash Flood Warning was issued and in effect at the time of the underpass flooding. There were no reports of injuries due to the flooding.",31
877308,WESTERN MOGOLLON RIM (ZONE), ,03/18/2020,300,Heavy Snow, , ,0,0,0,0,AZ,MST-7, ,146013,Z,15,FGZ,0,0,Trained Spotter, , , , , , , , ,03/20/2020,1900, , , , ,"Heavy snow fell across the Western Mogollon Rim. Here are some of the snowfall totals in inches: Mountainaire and Munds Park 9.5,  Flagstaff Airport 14.5, Bellemont 8.1, and Kachina Village 17.   ADOT reported at least 14 collision on Interstate -40 west of Flagstaff that caused major delays and road closures (one section of the interstate was closed for over 13 hours).","A winter storm brought heavy rain and snow to northern Arizona.",32
877309,KAIBAB PLATEAU (ZONE), ,03/18/2020,325,Heavy Snow, , ,0,0,0,0,AZ,MST-7, ,146013,Z,4,FGZ,0,0,COOP Observer, , , , , , , , ,03/19/2020,1900, , , , ,"The North Rim of the Grand Canyon received 11.5 inches of snow by the evening of March 19.","A winter storm brought heavy rain and snow to northern Arizona.",33
877310,GRAND CANYON COUNTRY (ZONE), ,03/18/2020,325,Heavy Snow, , ,0,0,0,0,AZ,MST-7, ,146013,Z,6,FGZ,0,0,COOP Observer, , , , , , , , ,03/19/2020,1900, , , , ,"The North Rim of the Grand Canyon received 11.5 inches of snow by the evening of March 19.","A winter storm brought heavy rain and snow to northern Arizona.",34
882303,WHITE MOUNTAINS OF GRAHAM AND GREENLEE COUNTIES (ZONE), ,03/18/2020,1400,Heavy Snow, , ,0,0,0,0,AZ,MST-7, ,146770,Z,510,TWC,0,0,Department of Highways, , , , , , , , ,03/19/2020,200, , , , ,"Snow began on the afternoon of the 18th and became heavy at times, with a foot of snow accumulation reported by mid evening according to the Beaver Head SNOTEL. Snow continued into the early morning hours of the 19th. Total accumulations of 10 to 13 inches were recorded and ADOT reported a foot of snow on Highway 191.","A winter storm brought a foot of snow to the high country of northern Greenlee County from the afternoon of the 18th into the early morning hours of the 19th. This weather system also brought light to moderate snow to other mountains in southeast Arizona and general rain amounts of a half to one inch across the lower elevations.",35
872400,PINAL CO.,LIRIM,03/18/2020,1503,Hail,0.75, ,0,0,0,0,AZ,MST-7, ,145328,C,21,PSR,0,0,Trained Spotter, , , ,5,NW,5,NW,LIRIM,03/18/2020,1507,33.07,-112.05,33.07,-112.05,"Isolated to scattered showers and thunderstorms developed across the central Arizona deserts during the afternoon hours on March 18th. A few of the stronger storms generated moderate to large hailstones which affected communities such as Maricopa. At roughly 1500MST, a trained spotter reported dime to penny sized hailstones in the town of Maricopa. The diameter of the larger stones was around 0.75 inches. There were no reports of damage due to the large hail.","Scattered showers and thunderstorms developed across the central deserts during the afternoon hours on March 18th. The storms impacted portions of the greater Phoenix area. Locally heavy rain developed in a line from Sun City West southwestward through the town of Buckeye; peak rain rates were in excess of one inch per hour and resulted in the potential for flash flooding. One Flash Flood Warning was issued for the western portion of the Phoenix area. To the east of Mesa, thunderstorms generated wind gusts in excess of 60 mph that led to multiple trees being blown down. Additionally, at about 1500MST storms in the community of Maricopa dropped dime to penny sized hail. There were no reports of damage due to the large hail.",36
872402,MARICOPA CO.,MESA FALCON ARPT,03/18/2020,1553,Thunderstorm Wind,54.00, ,0,0,20000,0,AZ,MST-7,EG,145328,C,13,PSR,0,0,Trained Spotter, , , ,1,E,1,E,MESA FALCON ARPT,03/18/2020,1555,33.45,-111.71,33.45,-111.71,"Isolated to scattered thunderstorms developed over portions of the east valley during the afternoon hours on March 18th and one of the stronger storms produced gusty and damaging winds that impacted East Mesa. According to a trained weather spotter, at about 1553MST a storm generated wind gusts in excess of 60 mph; the gusts blew down multiple trees about 3 miles northeast of East Mesa or just southeast of Falcon Field Municipal Airport. Some of the downed trees had trunks with diameters of around 8 inches. There were no reports of injury due to the strong winds.","Scattered showers and thunderstorms developed across the central deserts during the afternoon hours on March 18th. The storms impacted portions of the greater Phoenix area. Locally heavy rain developed in a line from Sun City West southwestward through the town of Buckeye; peak rain rates were in excess of one inch per hour and resulted in the potential for flash flooding. One Flash Flood Warning was issued for the western portion of the Phoenix area. To the east of Mesa, thunderstorms generated wind gusts in excess of 60 mph that led to multiple trees being blown down. Additionally, at about 1500MST storms in the community of Maricopa dropped dime to penny sized hail. There were no reports of damage due to the large hail.",37
872403,MARICOPA CO.,MC MICKEN,03/18/2020,1600,Heavy Rain, , ,0,0,0,0,AZ,MST-7, ,145328,C,13,PSR,0,0,Public, , , ,3,WSW,3,WSW,MC MICKEN,03/18/2020,1830,33.49,-112.48,33.49,-112.48,"Scattered thunderstorms, some with heavy rain, developed across the western portion of the greater Phoenix metropolitan area during the afternoon hours on March 18th. Peak rain rates were observed to be well in excess of one inch per hour at times. At 1700MST a trained spotter located 1 mile west of Citrus Park measured 0.80 inches within a 45 minute period. At 1647MST there was a public report that indicated 1.11 inches of rain fell within a short period near Indian School Road and 195th Avenue. Most of the rain fell within a ten minute period; 0.83 inches was measured between 1617MST and 1627MST. The rain was recorded at a flood control district automated gauge near Jackrabbit Trail and Indian School  Road. Although flash flooding was not reported, a Flash Flood Warning was issued for the area at 1637MST and the warning continued through 2030MST.","Scattered showers and thunderstorms developed across the central deserts during the afternoon hours on March 18th. The storms impacted portions of the greater Phoenix area. Locally heavy rain developed in a line from Sun City West southwestward through the town of Buckeye; peak rain rates were in excess of one inch per hour and resulted in the potential for flash flooding. One Flash Flood Warning was issued for the western portion of the Phoenix area. To the east of Mesa, thunderstorms generated wind gusts in excess of 60 mph that led to multiple trees being blown down. Additionally, at about 1500MST storms in the community of Maricopa dropped dime to penny sized hail. There were no reports of damage due to the large hail.",38
877311,YAVAPAI COUNTY MOUNTAINS (ZONE), ,03/18/2020,1600,Heavy Snow, , ,0,0,0,0,AZ,MST-7, ,146013,Z,8,FGZ,0,0,Trained Spotter, , , , , , , , ,03/19/2020,1000, , , , ,"A spotter in Crown King reported 8 inches of snow at around 6000 feet elevation at 800 AM. Seven inches of snow fell at the Courthouse in Prescott at 5,400 feet. Eight inches of snow fell in Walker at 6,400 feet.","A winter storm brought heavy rain and snow to northern Arizona.",39
877312,EASTERN MOGOLLON RIM (ZONE), ,03/18/2020,1800,Heavy Snow, , ,0,0,0,0,AZ,MST-7, ,146013,Z,16,FGZ,0,0,Trained Spotter, , , , , , , , ,03/19/2020,1800, , , , ,"A trained spotter in Forest Lakes reported 12 inches of new snow.","A winter storm brought heavy rain and snow to northern Arizona.",40
877313,WHITE MOUNTAINS (ZONE), ,03/18/2020,1800,Heavy Snow, , ,0,0,0,0,AZ,MST-7, ,146013,Z,17,FGZ,0,0,Public, , , , , , , , ,03/19/2020,1800, , , , ,"Eight inches of snow fell in Nutrioso by 900 AM on March 19. Nine inches of snow fell in Alpine. Pinetop-Lakeside received 8.5 inches of snow by 700 AM on March 19.","A winter storm brought heavy rain and snow to northern Arizona.",41
877307,GILA CO.,(0E4)PAYSON ARPT,03/19/2020,150,Flash Flood, , ,0,0,0,0,AZ,MST-7, ,146013,C,7,FGZ,0,0,Public,Heavy Rain, , ,2,WNW,4,NW,(0E4)PAYSON ARPT,03/20/2020,150,34.264,-111.3897,34.2821,-111.406,"The East Verde River rose 4 feet in East Verde Estates.","A winter storm brought heavy rain and snow to northern Arizona.",42
877314,LITTLE COLORADO RIVER VALLEY IN APACHE COUNTY (ZONE), ,03/26/2020,815,High Wind,50.00, ,0,0,0,0,AZ,MST-7,MG,146014,Z,14,FGZ,0,0,AWOS, , , , , , , , ,03/26/2020,1200, , , , ,"The wind sensor at the Springerville Airport measured sustained winds of 40 MPH or higher between 815 AM and Noon MST.  The peak wind gust of 58 MPH was measured at 955 AM.","A trough of low pressure brought windy conditions to northern Arizona on March 26. The strongest winds were felt downwind of the White Mountains.",43
878070,MOHAVE CO.,BULLHEAD CITY,04/12/2020,1749,Flash Flood, , ,0,0,1000,0,AZ,MST-7, ,146137,C,15,VEF,0,0,Department of Highways,Heavy Rain, , ,0,SSE,0,SSE,BULLHEAD CITY,04/12/2020,1900,35.1468,-114.5689,35.1468,-114.5683,"AZ Highway 95 was closed near 3rd Street due to flooding.","A cold front moving through the Mojave Desert helped lift an unstable air mass, producing scattered thunderstorms. Isolated flash flooding occurred.",44
875752,NAVAJO CO.,JOSEPH CITY,04/13/2020,1735,Funnel Cloud, , ,0,0,0,0,AZ,MST-7, ,145801,C,17,FGZ,0,0,Public, , , ,4,WSW,4,WSW,JOSEPH CITY,04/13/2020,1740,34.9279,-110.3953,34.9279,-110.3953,"A funnel cloud was observed (filmed) approximately 4 miles west-southwest of Joseph City.","A cold core low pressure center moving over Arizona triggered showers and thunderstorms. One of the storms produced a funnel cloud that was filmed.",45
883431,COCONINO CO.,SUNSET CRATER,04/21/2020,1217,Dust Devil, , ,0,0,0,0,AZ,MST-7, ,146952,C,5,FGZ,0,0,Social Media, , , ,3,SSW,3,SSW,SUNSET CRATER,04/21/2020,1217,35.3153,-111.5172,35.3153,-111.5172,"A video on social media showed a whirl of dust at or near the ground near the gust from from a storm. There was no condensation funnel. The wind in the circulation was estimated to be 50 MPH.","A shortwave trough moving across Arizona brought scattered shower and thunderstorm activity to northern Arizona. One of the showers produce a gust front that spun up a vortex.",46
983413,CENTRAL PHOENIX (ZONE), ,04/26/2020,1000,Excessive Heat, , ,2,0,0,0,AZ,MST-7, ,162824,Z,543,PSR,0,0,County Official, , , , , , , , ,04/30/2020,2000, , , , ,"Two direct fatalities were reported by the Maricopa County Department of Public Health, with their details, such as age, gender and circumstances unavailable.","Strong high pressure over the Desert Southwest led to a rapid warm-up with temperatures climbing above 100 degrees for the first time of 2020. Temperatures reaching Excessive Heat Warning conditions resulted in two heat-associated fatalities in the Phoenix area according to the Maricopa County Department of Public Health.",47
983418,NORTH PHOENIX/GLENDALE (ZONE), ,04/26/2020,1000,Excessive Heat, , ,0,0,0,0,AZ,MST-7, ,162824,Z,544,PSR,0,0,County Official, , , , , , , , ,04/30/2020,2000, , , , ,"","Strong high pressure over the Desert Southwest led to a rapid warm-up with temperatures climbing above 100 degrees for the first time of 2020. Temperatures reaching Excessive Heat Warning conditions resulted in two heat-associated fatalities in the Phoenix area according to the Maricopa County Department of Public Health.",48
983419,SCOTTSDALE/PARADISE VALLEY (ZONE), ,04/26/2020,1000,Excessive Heat, , ,0,0,0,0,AZ,MST-7, ,162824,Z,546,PSR,0,0,County Official, , , , , , , , ,04/30/2020,2000, , , , ,"","Strong high pressure over the Desert Southwest led to a rapid warm-up with temperatures climbing above 100 degrees for the first time of 2020. Temperatures reaching Excessive Heat Warning conditions resulted in two heat-associated fatalities in the Phoenix area according to the Maricopa County Department of Public Health.",49
983420,EAST VALLEY (ZONE), ,04/26/2020,1000,Excessive Heat, , ,0,0,0,0,AZ,MST-7, ,162824,Z,548,PSR,0,0,County Official, , , , , , , , ,04/30/2020,2000, , , , ,"","Strong high pressure over the Desert Southwest led to a rapid warm-up with temperatures climbing above 100 degrees for the first time of 2020. Temperatures reaching Excessive Heat Warning conditions resulted in two heat-associated fatalities in the Phoenix area according to the Maricopa County Department of Public Health.",50
983414,NORTHWEST VALLEY (ZONE), ,04/26/2020,1000,Excessive Heat, , ,0,0,0,0,AZ,MST-7, ,162824,Z,537,PSR,0,0,County Official, , , , , , , , ,04/30/2020,2000, , , , ,"","Strong high pressure over the Desert Southwest led to a rapid warm-up with temperatures climbing above 100 degrees for the first time of 2020. Temperatures reaching Excessive Heat Warning conditions resulted in two heat-associated fatalities in the Phoenix area according to the Maricopa County Department of Public Health.",51
983415,BUCKEYE/AVONDALE (ZONE), ,04/26/2020,1000,Excessive Heat, , ,0,0,0,0,AZ,MST-7, ,162824,Z,540,PSR,0,0,County Official, , , , , , , , ,04/30/2020,2000, , , , ,"","Strong high pressure over the Desert Southwest led to a rapid warm-up with temperatures climbing above 100 degrees for the first time of 2020. Temperatures reaching Excessive Heat Warning conditions resulted in two heat-associated fatalities in the Phoenix area according to the Maricopa County Department of Public Health.",52
983416,CAVE CREEK/NEW RIVER (ZONE), ,04/26/2020,1000,Excessive Heat, , ,0,0,0,0,AZ,MST-7, ,162824,Z,541,PSR,0,0,County Official, , , , , , , , ,04/30/2020,2000, , , , ,"","Strong high pressure over the Desert Southwest led to a rapid warm-up with temperatures climbing above 100 degrees for the first time of 2020. Temperatures reaching Excessive Heat Warning conditions resulted in two heat-associated fatalities in the Phoenix area according to the Maricopa County Department of Public Health.",53
983417,DEER VALLEY (ZONE), ,04/26/2020,1000,Excessive Heat, , ,0,0,0,0,AZ,MST-7, ,162824,Z,542,PSR,0,0,County Official, , , , , , , , ,04/30/2020,2000, , , , ,"","Strong high pressure over the Desert Southwest led to a rapid warm-up with temperatures climbing above 100 degrees for the first time of 2020. Temperatures reaching Excessive Heat Warning conditions resulted in two heat-associated fatalities in the Phoenix area according to the Maricopa County Department of Public Health.",54
983421,FOUNTAIN HILLS/EAST MESA (ZONE), ,04/26/2020,1000,Excessive Heat, , ,0,0,0,0,AZ,MST-7, ,162824,Z,549,PSR,0,0,County Official, , , , , , , , ,04/30/2020,2000, , , , ,"","Strong high pressure over the Desert Southwest led to a rapid warm-up with temperatures climbing above 100 degrees for the first time of 2020. Temperatures reaching Excessive Heat Warning conditions resulted in two heat-associated fatalities in the Phoenix area according to the Maricopa County Department of Public Health.",55
983422,SOUTH MOUNTAIN/AHWATUKEE (ZONE), ,04/26/2020,1000,Excessive Heat, , ,0,0,0,0,AZ,MST-7, ,162824,Z,550,PSR,0,0,County Official, , , , , , , , ,04/30/2020,2000, , , , ,"","Strong high pressure over the Desert Southwest led to a rapid warm-up with temperatures climbing above 100 degrees for the first time of 2020. Temperatures reaching Excessive Heat Warning conditions resulted in two heat-associated fatalities in the Phoenix area according to the Maricopa County Department of Public Health.",56
983423,SOUTHEAST VALLEY/QUEEN CREEK (ZONE), ,04/26/2020,1000,Excessive Heat, , ,0,0,0,0,AZ,MST-7, ,162824,Z,551,PSR,0,0,County Official, , , , , , , , ,04/30/2020,2000, , , , ,"","Strong high pressure over the Desert Southwest led to a rapid warm-up with temperatures climbing above 100 degrees for the first time of 2020. Temperatures reaching Excessive Heat Warning conditions resulted in two heat-associated fatalities in the Phoenix area according to the Maricopa County Department of Public Health.",57
983424,NORTHWEST PINAL COUNTY (ZONE), ,04/26/2020,1000,Excessive Heat, , ,0,0,0,0,AZ,MST-7, ,162824,Z,553,PSR,0,0,County Official, , , , , , , , ,04/30/2020,2000, , , , ,"","Strong high pressure over the Desert Southwest led to a rapid warm-up with temperatures climbing above 100 degrees for the first time of 2020. Temperatures reaching Excessive Heat Warning conditions resulted in two heat-associated fatalities in the Phoenix area according to the Maricopa County Department of Public Health.",58
983425,APACHE JUNCTION/GOLD CANYON (ZONE), ,04/26/2020,1000,Excessive Heat, , ,0,0,0,0,AZ,MST-7, ,162824,Z,555,PSR,0,0,County Official, , , , , , , , ,04/30/2020,2000, , , , ,"","Strong high pressure over the Desert Southwest led to a rapid warm-up with temperatures climbing above 100 degrees for the first time of 2020. Temperatures reaching Excessive Heat Warning conditions resulted in two heat-associated fatalities in the Phoenix area according to the Maricopa County Department of Public Health.",59
983426,PARKER VALLEY (ZONE), ,04/26/2020,1000,Excessive Heat, , ,0,0,0,0,AZ,MST-7, ,162824,Z,530,PSR,0,0,County Official, , , , , , , , ,04/30/2020,2000, , , , ,"","Strong high pressure over the Desert Southwest led to a rapid warm-up with temperatures climbing above 100 degrees for the first time of 2020. Temperatures reaching Excessive Heat Warning conditions resulted in two heat-associated fatalities in the Phoenix area according to the Maricopa County Department of Public Health.",60
983427,YUMA (ZONE), ,04/26/2020,1000,Excessive Heat, , ,0,0,0,0,AZ,MST-7, ,162824,Z,532,PSR,0,0,County Official, , , , , , , , ,04/30/2020,2000, , , , ,"","Strong high pressure over the Desert Southwest led to a rapid warm-up with temperatures climbing above 100 degrees for the first time of 2020. Temperatures reaching Excessive Heat Warning conditions resulted in two heat-associated fatalities in the Phoenix area according to the Maricopa County Department of Public Health.",61
983428,AGUILA VALLEY (ZONE), ,04/27/2020,1000,Excessive Heat, , ,0,0,0,0,AZ,MST-7, ,162824,Z,534,PSR,0,0,County Official, , , , , , , , ,04/30/2020,2000, , , , ,"","Strong high pressure over the Desert Southwest led to a rapid warm-up with temperatures climbing above 100 degrees for the first time of 2020. Temperatures reaching Excessive Heat Warning conditions resulted in two heat-associated fatalities in the Phoenix area according to the Maricopa County Department of Public Health.",62
983429,TONOPAH DESERT (ZONE), ,04/27/2020,1000,Excessive Heat, , ,0,0,0,0,AZ,MST-7, ,162824,Z,538,PSR,0,0,County Official, , , , , , , , ,04/30/2020,2000, , , , ,"","Strong high pressure over the Desert Southwest led to a rapid warm-up with temperatures climbing above 100 degrees for the first time of 2020. Temperatures reaching Excessive Heat Warning conditions resulted in two heat-associated fatalities in the Phoenix area according to the Maricopa County Department of Public Health.",63
983430,GILA BEND (ZONE), ,04/27/2020,1000,Excessive Heat, , ,0,0,0,0,AZ,MST-7, ,162824,Z,539,PSR,0,0,County Official, , , , , , , , ,04/30/2020,2000, , , , ,"","Strong high pressure over the Desert Southwest led to a rapid warm-up with temperatures climbing above 100 degrees for the first time of 2020. Temperatures reaching Excessive Heat Warning conditions resulted in two heat-associated fatalities in the Phoenix area according to the Maricopa County Department of Public Health.",64
983431,WEST PINAL COUNTY (ZONE), ,04/27/2020,1000,Excessive Heat, , ,0,0,0,0,AZ,MST-7, ,162824,Z,554,PSR,0,0,County Official, , , , , , , , ,04/30/2020,2000, , , , ,"","Strong high pressure over the Desert Southwest led to a rapid warm-up with temperatures climbing above 100 degrees for the first time of 2020. Temperatures reaching Excessive Heat Warning conditions resulted in two heat-associated fatalities in the Phoenix area according to the Maricopa County Department of Public Health.",65
983432,SONORAN DESERT NATL MONUMENT (ZONE), ,04/27/2020,1000,Excessive Heat, , ,0,0,0,0,AZ,MST-7, ,162824,Z,559,PSR,0,0,County Official, , , , , , , , ,04/30/2020,2000, , , , ,"","Strong high pressure over the Desert Southwest led to a rapid warm-up with temperatures climbing above 100 degrees for the first time of 2020. Temperatures reaching Excessive Heat Warning conditions resulted in two heat-associated fatalities in the Phoenix area according to the Maricopa County Department of Public Health.",66
983433,KOFA (ZONE), ,04/27/2020,1000,Excessive Heat, , ,0,0,0,0,AZ,MST-7, ,162824,Z,531,PSR,0,0,County Official, , , , , , , , ,04/30/2020,2000, , , , ,"","Strong high pressure over the Desert Southwest led to a rapid warm-up with temperatures climbing above 100 degrees for the first time of 2020. Temperatures reaching Excessive Heat Warning conditions resulted in two heat-associated fatalities in the Phoenix area according to the Maricopa County Department of Public Health.",67
983434,CENTRAL LA PAZ (ZONE), ,04/27/2020,1000,Excessive Heat, , ,0,0,0,0,AZ,MST-7, ,162824,Z,533,PSR,0,0,County Official, , , , , , , , ,04/30/2020,2000, , , , ,"","Strong high pressure over the Desert Southwest led to a rapid warm-up with temperatures climbing above 100 degrees for the first time of 2020. Temperatures reaching Excessive Heat Warning conditions resulted in two heat-associated fatalities in the Phoenix area according to the Maricopa County Department of Public Health.",68
983435,GILA RIVER VALLEY (ZONE), ,04/27/2020,1000,Excessive Heat, , ,0,0,0,0,AZ,MST-7, ,162824,Z,536,PSR,0,0,County Official, , , , , , , , ,04/30/2020,2000, , , , ,"","Strong high pressure over the Desert Southwest led to a rapid warm-up with temperatures climbing above 100 degrees for the first time of 2020. Temperatures reaching Excessive Heat Warning conditions resulted in two heat-associated fatalities in the Phoenix area according to the Maricopa County Department of Public Health.",69
983442,NEW RIVER MESA (ZONE), ,04/27/2020,1000,Excessive Heat, , ,0,0,0,0,AZ,MST-7, ,162824,Z,545,PSR,0,0,County Official, , , , , , , , ,04/30/2020,2000, , , , ,"","Strong high pressure over the Desert Southwest led to a rapid warm-up with temperatures climbing above 100 degrees for the first time of 2020. Temperatures reaching Excessive Heat Warning conditions resulted in two heat-associated fatalities in the Phoenix area according to the Maricopa County Department of Public Health.",70
890813,WESTERN PIMA COUNTY (ZONE), ,04/30/2020,1000,Excessive Heat, , ,0,0,0,0,AZ,MST-7, ,147203,Z,501,TWC,0,0,Mesonet, , , , , , , , ,04/30/2020,1900, , , , ,"Very hot spring temperatures 10 to 15 degrees above normal occurred in parts of southeast Arizona, causing the High Heat Risk category to be reached in some areas. Several new daily high temperature records were established such as 105 degrees at Ajo, 102 at Picacho, 101 at Tucson International Airport and Organ Pipe Cactus National Monument, 100 degrees at Sells and 99 at Safford.","Very hot temperatures were experienced in parts of southeast Arizona on April 30th with high temperatures exceeding established records. No heat related fatalities were reported.",71
890818,TOHONO O ODHAM NATION (ZONE), ,04/30/2020,1000,Excessive Heat, , ,0,0,0,0,AZ,MST-7, ,147203,Z,502,TWC,0,0,Mesonet, , , , , , , , ,04/30/2020,1900, , , , ,"Very hot spring temperatures 10 to 15 degrees above normal occurred in parts of southeast Arizona, causing the High Heat Risk category to be reached in some areas. Several new daily high temperature records were established such as 105 degrees at Ajo, 102 at Picacho, 101 at Tucson International Airport and Organ Pipe Cactus National Monument, 100 degrees at Sells and 99 at Safford.","Very hot temperatures were experienced in parts of southeast Arizona on April 30th with high temperatures exceeding established records. No heat related fatalities were reported.",72
890819,TUCSON METRO AREA (ZONE), ,04/30/2020,1000,Excessive Heat, , ,0,0,0,0,AZ,MST-7, ,147203,Z,504,TWC,0,0,Mesonet, , , , , , , , ,04/30/2020,1900, , , , ,"Very hot spring temperatures 10 to 15 degrees above normal occurred in parts of southeast Arizona, causing the High Heat Risk category to be reached in some areas. Several new daily high temperature records were established such as 105 degrees at Ajo, 102 at Picacho, 101 at Tucson International Airport and Organ Pipe Cactus National Monument, 100 degrees at Sells and 99 at Safford.","Very hot temperatures were experienced in parts of southeast Arizona on April 30th with high temperatures exceeding established records. No heat related fatalities were reported.",73
890820,SOUTH CENTRAL PINAL COUNTY (ZONE), ,04/30/2020,1000,Excessive Heat, , ,0,0,0,0,AZ,MST-7, ,147203,Z,505,TWC,0,0,Mesonet, , , , , , , , ,04/30/2020,1900, , , , ,"Very hot spring temperatures 10 to 15 degrees above normal occurred in parts of southeast Arizona, causing the High Heat Risk category to be reached in some areas. Several new daily high temperature records were established such as 105 degrees at Ajo, 102 at Picacho, 101 at Tucson International Airport and Organ Pipe Cactus National Monument, 100 degrees at Sells and 99 at Safford.","Very hot temperatures were experienced in parts of southeast Arizona on April 30th with high temperatures exceeding established records. No heat related fatalities were reported.",74
890821,UPPER GILA RIVER AND ARAVAIPA VALLEYS (ZONE), ,04/30/2020,1000,Excessive Heat, , ,0,0,0,0,AZ,MST-7, ,147203,Z,509,TWC,0,0,Mesonet, , , , , , , , ,04/30/2020,1900, , , , ,"Very hot spring temperatures 10 to 15 degrees above normal occurred in parts of southeast Arizona, causing the High Heat Risk category to be reached in some areas. Several new daily high temperature records were established such as 105 degrees at Ajo, 102 at Picacho, 101 at Tucson International Airport and Organ Pipe Cactus National Monument, 100 degrees at Sells and 99 at Safford.","Very hot temperatures were experienced in parts of southeast Arizona on April 30th with high temperatures exceeding established records. No heat related fatalities were reported.",75
985841,CENTRAL PHOENIX (ZONE), ,05/04/2020,0,Heat, , ,1,0,0,0,AZ,MST-7, ,163313,Z,543,PSR,0,0,County Official, , , , , , , , ,05/04/2020,2359, , , , ,"One direct fatality was reported by the Maricopa County Department of Public Health, with their details, such as age, gender and circumstances unavailable.","Strong high pressure over the Desert Southwest led to temperatures climb well above normal as afternoon high temperatures topped out above 100 degrees. On the 6th, Phoenix reached 106 degrees, tying the daily record high for the date. According to the Maricopa County Department of Public Health, one heat-associated fatality occurred during this event.",76
895862,TOHONO O ODHAM NATION (ZONE), ,05/06/2020,1000,Excessive Heat, , ,0,0,0,0,AZ,MST-7, ,148712,Z,502,TWC,0,0,Mesonet, , , , , , , , ,05/07/2020,2000, , , , ,"Very hot spring temperatures 12 to 17 degrees above normal occurred in parts of southeast Arizona, causing the High Heat Risk category to be reached. Several daily high temperature records were tied or broken.  On May 6th record highs included 107 degrees at Organ Pipe Cactus National Monument, 106 at Tucson International Airport, 104 at Ajo (tie) and Sells, 103 at Safford Ag Center, 102 at Sasabe and Benson, 100 at Nogales Airport and 98 at San Manuel.  On May 7th record highs included 108 degrees at Ajo, 104 at Green Valley, 102 at Safford Airport, 101 at Sasabe, 98 at Nogales Airport and 97 at San Manuel. Organ Pipe Cactus National Monument (107) and Picacho (105) were both shy of a record on May 7th by one degree.","Very hot temperatures were experienced in parts of southeast Arizona on May 6th and 7th with high temperatures exceeding established records in many locations. No heat related fatalities were reported.",77
895863,UPPER SANTA CRUZ RIVER AND ALTAR VALLEYS (ZONE), ,05/06/2020,1000,Excessive Heat, , ,0,0,0,0,AZ,MST-7, ,148712,Z,503,TWC,0,0,Mesonet, , , , , , , , ,05/07/2020,2000, , , , ,"Very hot spring temperatures 12 to 17 degrees above normal occurred in parts of southeast Arizona, causing the High Heat Risk category to be reached. Several daily high temperature records were tied or broken.  On May 6th record highs included 107 degrees at Organ Pipe Cactus National Monument, 106 at Tucson International Airport, 104 at Ajo (tie) and Sells, 103 at Safford Ag Center, 102 at Sasabe and Benson, 100 at Nogales Airport and 98 at San Manuel.  On May 7th record highs included 108 degrees at Ajo, 104 at Green Valley, 102 at Safford Airport, 101 at Sasabe, 98 at Nogales Airport and 97 at San Manuel. Organ Pipe Cactus National Monument (107) and Picacho (105) were both shy of a record on May 7th by one degree.","Very hot temperatures were experienced in parts of southeast Arizona on May 6th and 7th with high temperatures exceeding established records in many locations. No heat related fatalities were reported.",78
895864,TUCSON METRO AREA (ZONE), ,05/06/2020,1000,Excessive Heat, , ,0,0,0,0,AZ,MST-7, ,148712,Z,504,TWC,0,0,Mesonet, , , , , , , , ,05/07/2020,2000, , , , ,"Very hot spring temperatures 12 to 17 degrees above normal occurred in parts of southeast Arizona, causing the High Heat Risk category to be reached. Several daily high temperature records were tied or broken.  On May 6th record highs included 107 degrees at Organ Pipe Cactus National Monument, 106 at Tucson International Airport, 104 at Ajo (tie) and Sells, 103 at Safford Ag Center, 102 at Sasabe and Benson, 100 at Nogales Airport and 98 at San Manuel.  On May 7th record highs included 108 degrees at Ajo, 104 at Green Valley, 102 at Safford Airport, 101 at Sasabe, 98 at Nogales Airport and 97 at San Manuel. Organ Pipe Cactus National Monument (107) and Picacho (105) were both shy of a record on May 7th by one degree.","Very hot temperatures were experienced in parts of southeast Arizona on May 6th and 7th with high temperatures exceeding established records in many locations. No heat related fatalities were reported.",79
895865,SOUTH CENTRAL PINAL COUNTY (ZONE), ,05/06/2020,1000,Excessive Heat, , ,0,0,0,0,AZ,MST-7, ,148712,Z,505,TWC,0,0,Mesonet, , , , , , , , ,05/07/2020,2000, , , , ,"Very hot spring temperatures 12 to 17 degrees above normal occurred in parts of southeast Arizona, causing the High Heat Risk category to be reached. Several daily high temperature records were tied or broken.  On May 6th record highs included 107 degrees at Organ Pipe Cactus National Monument, 106 at Tucson International Airport, 104 at Ajo (tie) and Sells, 103 at Safford Ag Center, 102 at Sasabe and Benson, 100 at Nogales Airport and 98 at San Manuel.  On May 7th record highs included 108 degrees at Ajo, 104 at Green Valley, 102 at Safford Airport, 101 at Sasabe, 98 at Nogales Airport and 97 at San Manuel. Organ Pipe Cactus National Monument (107) and Picacho (105) were both shy of a record on May 7th by one degree.","Very hot temperatures were experienced in parts of southeast Arizona on May 6th and 7th with high temperatures exceeding established records in many locations. No heat related fatalities were reported.",80
895866,SOUTHEAST PINAL COUNTY (ZONE), ,05/06/2020,1000,Excessive Heat, , ,0,0,0,0,AZ,MST-7, ,148712,Z,506,TWC,0,0,Mesonet, , , , , , , , ,05/07/2020,2000, , , , ,"Very hot spring temperatures 12 to 17 degrees above normal occurred in parts of southeast Arizona, causing the High Heat Risk category to be reached. Several daily high temperature records were tied or broken.  On May 6th record highs included 107 degrees at Organ Pipe Cactus National Monument, 106 at Tucson International Airport, 104 at Ajo (tie) and Sells, 103 at Safford Ag Center, 102 at Sasabe and Benson, 100 at Nogales Airport and 98 at San Manuel.  On May 7th record highs included 108 degrees at Ajo, 104 at Green Valley, 102 at Safford Airport, 101 at Sasabe, 98 at Nogales Airport and 97 at San Manuel. Organ Pipe Cactus National Monument (107) and Picacho (105) were both shy of a record on May 7th by one degree.","Very hot temperatures were experienced in parts of southeast Arizona on May 6th and 7th with high temperatures exceeding established records in many locations. No heat related fatalities were reported.",81
895867,UPPER SAN PEDRO RIVER VALLEY (ZONE), ,05/06/2020,1000,Excessive Heat, , ,0,0,0,0,AZ,MST-7, ,148712,Z,507,TWC,0,0,Mesonet, , , , , , , , ,05/07/2020,2000, , , , ,"Very hot spring temperatures 12 to 17 degrees above normal occurred in parts of southeast Arizona, causing the High Heat Risk category to be reached. Several daily high temperature records were tied or broken.  On May 6th record highs included 107 degrees at Organ Pipe Cactus National Monument, 106 at Tucson International Airport, 104 at Ajo (tie) and Sells, 103 at Safford Ag Center, 102 at Sasabe and Benson, 100 at Nogales Airport and 98 at San Manuel.  On May 7th record highs included 108 degrees at Ajo, 104 at Green Valley, 102 at Safford Airport, 101 at Sasabe, 98 at Nogales Airport and 97 at San Manuel. Organ Pipe Cactus National Monument (107) and Picacho (105) were both shy of a record on May 7th by one degree.","Very hot temperatures were experienced in parts of southeast Arizona on May 6th and 7th with high temperatures exceeding established records in many locations. No heat related fatalities were reported.",82
895868,UPPER GILA RIVER AND ARAVAIPA VALLEYS (ZONE), ,05/06/2020,1000,Excessive Heat, , ,0,0,0,0,AZ,MST-7, ,148712,Z,509,TWC,0,0,Mesonet, , , , , , , , ,05/07/2020,2000, , , , ,"Very hot spring temperatures 12 to 17 degrees above normal occurred in parts of southeast Arizona, causing the High Heat Risk category to be reached. Several daily high temperature records were tied or broken.  On May 6th record highs included 107 degrees at Organ Pipe Cactus National Monument, 106 at Tucson International Airport, 104 at Ajo (tie) and Sells, 103 at Safford Ag Center, 102 at Sasabe and Benson, 100 at Nogales Airport and 98 at San Manuel.  On May 7th record highs included 108 degrees at Ajo, 104 at Green Valley, 102 at Safford Airport, 101 at Sasabe, 98 at Nogales Airport and 97 at San Manuel. Organ Pipe Cactus National Monument (107) and Picacho (105) were both shy of a record on May 7th by one degree.","Very hot temperatures were experienced in parts of southeast Arizona on May 6th and 7th with high temperatures exceeding established records in many locations. No heat related fatalities were reported.",83
895831,WESTERN PIMA COUNTY (ZONE), ,05/06/2020,1000,Excessive Heat, , ,0,0,0,0,AZ,MST-7, ,148712,Z,501,TWC,0,0,Mesonet, , , , , , , , ,05/07/2020,2000, , , , ,"Very hot spring temperatures 12 to 17 degrees above normal occurred in parts of southeast Arizona, causing the High Heat Risk category to be reached. Several daily high temperature records were tied or broken.  On May 6th record highs included 107 degrees at Organ Pipe Cactus National Monument, 106 at Tucson International Airport, 104 at Ajo (tie) and Sells, 103 at Safford Ag Center, 102 at Sasabe and Benson, 100 at Nogales Airport and 98 at San Manuel.  On May 7th record highs included 108 degrees at Ajo, 104 at Green Valley, 102 at Safford Airport, 101 at Sasabe, 98 at Nogales Airport and 97 at San Manuel. Organ Pipe Cactus National Monument (107) and Picacho (105) were both shy of a record on May 7th by one degree.","Very hot temperatures were experienced in parts of southeast Arizona on May 6th and 7th with high temperatures exceeding established records in many locations. No heat related fatalities were reported.",84
985819,NORTHWEST VALLEY (ZONE), ,05/06/2020,1000,Excessive Heat, , ,0,0,0,0,AZ,MST-7, ,163313,Z,537,PSR,0,0,County Official, , , , , , , , ,05/07/2020,2000, , , , ,"","Strong high pressure over the Desert Southwest led to temperatures climb well above normal as afternoon high temperatures topped out above 100 degrees. On the 6th, Phoenix reached 106 degrees, tying the daily record high for the date. According to the Maricopa County Department of Public Health, one heat-associated fatality occurred during this event.",85
985821,GILA BEND (ZONE), ,05/06/2020,1000,Excessive Heat, , ,0,0,0,0,AZ,MST-7, ,163313,Z,539,PSR,0,0,County Official, , , , , , , , ,05/07/2020,2000, , , , ,"","Strong high pressure over the Desert Southwest led to temperatures climb well above normal as afternoon high temperatures topped out above 100 degrees. On the 6th, Phoenix reached 106 degrees, tying the daily record high for the date. According to the Maricopa County Department of Public Health, one heat-associated fatality occurred during this event.",86
985822,BUCKEYE/AVONDALE (ZONE), ,05/06/2020,1000,Excessive Heat, , ,0,0,0,0,AZ,MST-7, ,163313,Z,540,PSR,0,0,County Official, , , , , , , , ,05/07/2020,2000, , , , ,"","Strong high pressure over the Desert Southwest led to temperatures climb well above normal as afternoon high temperatures topped out above 100 degrees. On the 6th, Phoenix reached 106 degrees, tying the daily record high for the date. According to the Maricopa County Department of Public Health, one heat-associated fatality occurred during this event.",87
985823,DEER VALLEY (ZONE), ,05/06/2020,1000,Excessive Heat, , ,0,0,0,0,AZ,MST-7, ,163313,Z,542,PSR,0,0,County Official, , , , , , , , ,05/07/2020,2000, , , , ,"","Strong high pressure over the Desert Southwest led to temperatures climb well above normal as afternoon high temperatures topped out above 100 degrees. On the 6th, Phoenix reached 106 degrees, tying the daily record high for the date. According to the Maricopa County Department of Public Health, one heat-associated fatality occurred during this event.",88
985820,TONOPAH DESERT (ZONE), ,05/06/2020,1000,Excessive Heat, , ,0,0,0,0,AZ,MST-7, ,163313,Z,538,PSR,0,0,County Official, , , , , , , , ,05/07/2020,2000, , , , ,"","Strong high pressure over the Desert Southwest led to temperatures climb well above normal as afternoon high temperatures topped out above 100 degrees. On the 6th, Phoenix reached 106 degrees, tying the daily record high for the date. According to the Maricopa County Department of Public Health, one heat-associated fatality occurred during this event.",89
985818,AGUILA VALLEY (ZONE), ,05/06/2020,1000,Excessive Heat, , ,0,0,0,0,AZ,MST-7, ,163313,Z,534,PSR,0,0,County Official, , , , , , , , ,05/07/2020,2000, , , , ,"","Strong high pressure over the Desert Southwest led to temperatures climb well above normal as afternoon high temperatures topped out above 100 degrees. On the 6th, Phoenix reached 106 degrees, tying the daily record high for the date. According to the Maricopa County Department of Public Health, one heat-associated fatality occurred during this event.",90
985825,NORTH PHOENIX/GLENDALE (ZONE), ,05/06/2020,1000,Excessive Heat, , ,0,0,0,0,AZ,MST-7, ,163313,Z,544,PSR,0,0,County Official, , , , , , , , ,05/07/2020,2000, , , , ,"","Strong high pressure over the Desert Southwest led to temperatures climb well above normal as afternoon high temperatures topped out above 100 degrees. On the 6th, Phoenix reached 106 degrees, tying the daily record high for the date. According to the Maricopa County Department of Public Health, one heat-associated fatality occurred during this event.",91
985824,CENTRAL PHOENIX (ZONE), ,05/06/2020,1000,Excessive Heat, , ,1,0,0,0,AZ,MST-7, ,163313,Z,543,PSR,0,0,County Official, , , , , , , , ,05/07/2020,2000, , , , ,"One direct fatality was reported by the Maricopa County Department of Public Health, with their details, such as age, gender and circumstances unavailable.","Strong high pressure over the Desert Southwest led to temperatures climb well above normal as afternoon high temperatures topped out above 100 degrees. On the 6th, Phoenix reached 106 degrees, tying the daily record high for the date. According to the Maricopa County Department of Public Health, one heat-associated fatality occurred during this event.",92
985828,FOUNTAIN HILLS/EAST MESA (ZONE), ,05/06/2020,1000,Excessive Heat, , ,0,0,0,0,AZ,MST-7, ,163313,Z,549,PSR,0,0,County Official, , , , , , , , ,05/07/2020,2000, , , , ,"","Strong high pressure over the Desert Southwest led to temperatures climb well above normal as afternoon high temperatures topped out above 100 degrees. On the 6th, Phoenix reached 106 degrees, tying the daily record high for the date. According to the Maricopa County Department of Public Health, one heat-associated fatality occurred during this event.",93
985829,SOUTH MOUNTAIN/AHWATUKEE (ZONE), ,05/06/2020,1000,Excessive Heat, , ,0,0,0,0,AZ,MST-7, ,163313,Z,550,PSR,0,0,County Official, , , , , , , , ,05/07/2020,2000, , , , ,"","Strong high pressure over the Desert Southwest led to temperatures climb well above normal as afternoon high temperatures topped out above 100 degrees. On the 6th, Phoenix reached 106 degrees, tying the daily record high for the date. According to the Maricopa County Department of Public Health, one heat-associated fatality occurred during this event.",94
985830,SOUTHEAST VALLEY/QUEEN CREEK (ZONE), ,05/06/2020,1000,Excessive Heat, , ,0,0,0,0,AZ,MST-7, ,163313,Z,551,PSR,0,0,County Official, , , , , , , , ,05/07/2020,2000, , , , ,"","Strong high pressure over the Desert Southwest led to temperatures climb well above normal as afternoon high temperatures topped out above 100 degrees. On the 6th, Phoenix reached 106 degrees, tying the daily record high for the date. According to the Maricopa County Department of Public Health, one heat-associated fatality occurred during this event.",95
985826,SCOTTSDALE/PARADISE VALLEY (ZONE), ,05/06/2020,1000,Excessive Heat, , ,0,0,0,0,AZ,MST-7, ,163313,Z,546,PSR,0,0,County Official, , , , , , , , ,05/07/2020,2000, , , , ,"","Strong high pressure over the Desert Southwest led to temperatures climb well above normal as afternoon high temperatures topped out above 100 degrees. On the 6th, Phoenix reached 106 degrees, tying the daily record high for the date. According to the Maricopa County Department of Public Health, one heat-associated fatality occurred during this event.",96
985827,EAST VALLEY (ZONE), ,05/06/2020,1000,Excessive Heat, , ,0,0,0,0,AZ,MST-7, ,163313,Z,548,PSR,0,0,County Official, , , , , , , , ,05/07/2020,2000, , , , ,"","Strong high pressure over the Desert Southwest led to temperatures climb well above normal as afternoon high temperatures topped out above 100 degrees. On the 6th, Phoenix reached 106 degrees, tying the daily record high for the date. According to the Maricopa County Department of Public Health, one heat-associated fatality occurred during this event.",97
985831,NORTHWEST PINAL COUNTY (ZONE), ,05/06/2020,1000,Excessive Heat, , ,0,0,0,0,AZ,MST-7, ,163313,Z,553,PSR,0,0,County Official, , , , , , , , ,05/07/2020,2000, , , , ,"","Strong high pressure over the Desert Southwest led to temperatures climb well above normal as afternoon high temperatures topped out above 100 degrees. On the 6th, Phoenix reached 106 degrees, tying the daily record high for the date. According to the Maricopa County Department of Public Health, one heat-associated fatality occurred during this event.",98
985832,SONORAN DESERT NATL MONUMENT (ZONE), ,05/06/2020,1000,Excessive Heat, , ,0,0,0,0,AZ,MST-7, ,163313,Z,559,PSR,0,0,County Official, , , , , , , , ,05/07/2020,2000, , , , ,"","Strong high pressure over the Desert Southwest led to temperatures climb well above normal as afternoon high temperatures topped out above 100 degrees. On the 6th, Phoenix reached 106 degrees, tying the daily record high for the date. According to the Maricopa County Department of Public Health, one heat-associated fatality occurred during this event.",99
985834,PARKER VALLEY (ZONE), ,05/06/2020,1000,Excessive Heat, , ,0,0,0,0,AZ,MST-7, ,163313,Z,530,PSR,0,0,County Official, , , , , , , , ,05/07/2020,2000, , , , ,"","Strong high pressure over the Desert Southwest led to temperatures climb well above normal as afternoon high temperatures topped out above 100 degrees. On the 6th, Phoenix reached 106 degrees, tying the daily record high for the date. According to the Maricopa County Department of Public Health, one heat-associated fatality occurred during this event.",100
985835,KOFA (ZONE), ,05/06/2020,1000,Excessive Heat, , ,0,0,0,0,AZ,MST-7, ,163313,Z,531,PSR,0,0,County Official, , , , , , , , ,05/07/2020,2000, , , , ,"","Strong high pressure over the Desert Southwest led to temperatures climb well above normal as afternoon high temperatures topped out above 100 degrees. On the 6th, Phoenix reached 106 degrees, tying the daily record high for the date. According to the Maricopa County Department of Public Health, one heat-associated fatality occurred during this event.",101
985836,YUMA (ZONE), ,05/06/2020,1000,Excessive Heat, , ,0,0,0,0,AZ,MST-7, ,163313,Z,532,PSR,0,0,County Official, , , , , , , , ,05/07/2020,2000, , , , ,"","Strong high pressure over the Desert Southwest led to temperatures climb well above normal as afternoon high temperatures topped out above 100 degrees. On the 6th, Phoenix reached 106 degrees, tying the daily record high for the date. According to the Maricopa County Department of Public Health, one heat-associated fatality occurred during this event.",102
985837,CENTRAL LA PAZ (ZONE), ,05/06/2020,1000,Excessive Heat, , ,0,0,0,0,AZ,MST-7, ,163313,Z,533,PSR,0,0,County Official, , , , , , , , ,05/07/2020,2000, , , , ,"","Strong high pressure over the Desert Southwest led to temperatures climb well above normal as afternoon high temperatures topped out above 100 degrees. On the 6th, Phoenix reached 106 degrees, tying the daily record high for the date. According to the Maricopa County Department of Public Health, one heat-associated fatality occurred during this event.",103
985838,SOUTHEAST YUMA COUNTY (ZONE), ,05/06/2020,1000,Excessive Heat, , ,0,0,0,0,AZ,MST-7, ,163313,Z,535,PSR,0,0,County Official, , , , , , , , ,05/07/2020,2000, , , , ,"","Strong high pressure over the Desert Southwest led to temperatures climb well above normal as afternoon high temperatures topped out above 100 degrees. On the 6th, Phoenix reached 106 degrees, tying the daily record high for the date. According to the Maricopa County Department of Public Health, one heat-associated fatality occurred during this event.",104
985839,GILA RIVER VALLEY (ZONE), ,05/06/2020,1000,Excessive Heat, , ,0,0,0,0,AZ,MST-7, ,163313,Z,536,PSR,0,0,County Official, , , , , , , , ,05/07/2020,2000, , , , ,"","Strong high pressure over the Desert Southwest led to temperatures climb well above normal as afternoon high temperatures topped out above 100 degrees. On the 6th, Phoenix reached 106 degrees, tying the daily record high for the date. According to the Maricopa County Department of Public Health, one heat-associated fatality occurred during this event.",105
883565,NAVAJO CO.,(INW)WINSLOW ARPT,05/09/2020,1755,Thunderstorm Wind,52.00, ,0,0,0,0,AZ,MST-7,MG,146969,C,17,FGZ,0,0,ASOS, , , ,1,N,1,N,(INW)WINSLOW ARPT,05/09/2020,1755,35.03,-110.72,35.03,-110.72,"A wind gust of 60 MPH was recorded at the Winslow Airport at 555 PM.","A weak trough just off the West Coast will combined with a high pressure circulation over southeast Arizona increase the pressure gradient and moisture over northern Arizona. A thunderstorm combined with the gradient wind to produce high wind gusts in Winslow.",106
885090,MARICOPA CO.,WADDELL,05/10/2020,725,Thunderstorm Wind,39.00, ,0,0,5000,0,AZ,MST-7,MG,147215,C,13,PSR,0,0,Public, , , ,2,ESE,2,ESE,WADDELL,05/10/2020,730,33.61,-112.39,33.61,-112.39,"Scattered showers and embedded thunderstorms developed across portions of the greater Phoenix area during the morning hours on March 10th and they affected communities such as Waddell and Surprise. Some of the stronger storms generated wind gusts upwards of 45 mph; according to a report from the public, at 0730MST the gusty winds snapped several trees in the area about 1 mile northeast of Waddell. Pictures of the snapped trees were displayed in social media posts. A nearby weather station measured a wind gust to 45 mph at the time of the tree damage. No injuries were reported.","Scattered showers and embedded thunderstorms developed across the greater Phoenix metropolitan area during the morning hours on May 10th. Due to modest instability, the storms typically generated wind gusts below 50 mph that were non-damaging. There were a few reports from automated mesonet gages that reported wind gusts around 45 mph including one such gage 3 miles northeast of Glendale and another near the town of Waddell. At 0730MST the public reported that wind gusts around 45 mph snapped multiple trees in the area around Waddell and the damage was displayed via social media reports and pictures. There were no reports of injury due to the falling trees or strong winds.",107
892297,MOHAVE CO.,WILLOW BEACH,05/10/2020,1600,Flash Flood, , ,0,0,50000,0,AZ,MST-7, ,148184,C,15,VEF,0,0,Park/Forest Service,Heavy Rain, , ,4,E,1,S,WILLOW BEACH,05/10/2020,1800,35.8611,-114.6037,35.859,-114.6692,"Willow Beach Access Road was closed 1600 MST due to severe damage from flash flooding. One car was stuck in the debris.","Scattered thunderstorms developed over the Mojave Desert in response to leftover heat plus a shortwave trough passing by. One storm produced flash flooding.",108
887562,YAVAPAI CO.,ENTRO,05/18/2020,1445,Dust Devil, , ,0,0,0,0,AZ,MST-7, ,147551,C,25,FGZ,0,0,Public, , , ,5,ENE,5,ENE,ENTRO,05/18/2020,1450,34.6148,-112.3149,34.6148,-112.3149,"A dust devil uprooted a one foot diameter tree and destroyed a shed.","A dust devil caused damage in Prescott Valley.",109
895913,COCHISE CO.,PEARCE,05/19/2020,1400,Dust Devil, , ,0,0,1000,0,AZ,MST-7, ,148721,C,3,TWC,0,0,Fire Department/Rescue, , , ,3,NW,3,NW,PEARCE,05/19/2020,1400,31.9371,-109.8514,31.9371,-109.8514,"A dust devil damaged a corrugated metal awning and a satellite dish that was mounted to the awning at a residence in the community of Sunsites.","A dust devil damaged a residence in Sunsites Arizona in Cochise County.",110
887595,WESTERN MOGOLLON RIM (ZONE), ,05/19/2020,1545,High Wind,56.00, ,0,0,0,0,AZ,MST-7,MG,147552,Z,15,FGZ,0,0,Official NWS Observations, , , , , , , , ,05/19/2020,1600, , , , ,"The measured peak wind gust in Bellemont was 65 MPH at 345 PM.  A large pondreosa pine tree snapped off in northwest Flagstaff.","A strong, late season low pressure system brought windy conditions to northern Arizona on May 19.  A few locations experienced high and damaging winds.",111
887596,KAIBAB PLATEAU (ZONE), ,05/19/2020,1619,High Wind,54.00, ,0,0,0,0,AZ,MST-7,EG,147552,Z,4,FGZ,0,0,AWOS, , , , , , , , ,05/19/2020,1619, , , , ,"A Mesonet station 4 miles north of House Rock measured a peak wind gust of 62 MPH at 419 PM.","A strong, late season low pressure system brought windy conditions to northern Arizona on May 19.  A few locations experienced high and damaging winds.",112
895889,TOHONO O ODHAM NATION (ZONE), ,05/26/2020,1200,Heat, , ,1,0,0,0,AZ,MST-7, ,148718,Z,502,TWC,0,0,County Official, , , , , , , , ,05/26/2020,1900, , , , ,"Above normal temperatures occurred in southeast Arizona on May 26th. High temperatures included 100 degrees at Sells, and 98 at Sasabe, Anvil Ranch and the Tucson International Airport. The Pima County Medical Examiner confirmed that heat was the primary cause of death for one adult male 2 miles east of Sells, about 2 miles south of Tohono O'odham Community College.","Hot temperatures occurred on May 26th across the Tohono O'odham Nation. One heat-related fatality occurred east of Sells.",113
985848,NORTHWEST VALLEY (ZONE), ,05/27/2020,1000,Excessive Heat, , ,0,0,0,0,AZ,MST-7, ,163315,Z,537,PSR,0,0,County Official, , , , , , , , ,05/31/2020,2000, , , , ,"","Strong high pressure building over the Southwest at the end of May led to several days of excessive heat warning conditions as temperatures approached and exceeded 110 degrees. On the 29th, Phoenix topped out at 112 degrees, tying the daily high temperature record for the date. According to the Maricopa County Department of Public Health, five heat-associated fatalities occurred during this time.",114
985849,BUCKEYE/AVONDALE (ZONE), ,05/27/2020,1000,Excessive Heat, , ,0,0,0,0,AZ,MST-7, ,163315,Z,540,PSR,0,0,County Official, , , , , , , , ,05/31/2020,2000, , , , ,"","Strong high pressure building over the Southwest at the end of May led to several days of excessive heat warning conditions as temperatures approached and exceeded 110 degrees. On the 29th, Phoenix topped out at 112 degrees, tying the daily high temperature record for the date. According to the Maricopa County Department of Public Health, five heat-associated fatalities occurred during this time.",115
985850,DEER VALLEY (ZONE), ,05/27/2020,1000,Excessive Heat, , ,0,0,0,0,AZ,MST-7, ,163315,Z,542,PSR,0,0,County Official, , , , , , , , ,05/31/2020,2000, , , , ,"","Strong high pressure building over the Southwest at the end of May led to several days of excessive heat warning conditions as temperatures approached and exceeded 110 degrees. On the 29th, Phoenix topped out at 112 degrees, tying the daily high temperature record for the date. According to the Maricopa County Department of Public Health, five heat-associated fatalities occurred during this time.",116
986221,SOUTHEAST YUMA COUNTY (ZONE), ,05/27/2020,1000,Excessive Heat, , ,0,0,0,0,AZ,MST-7, ,163315,Z,535,PSR,0,0,County Official, , , , , , , , ,05/29/2020,2000, , , , ,"","Strong high pressure building over the Southwest at the end of May led to several days of excessive heat warning conditions as temperatures approached and exceeded 110 degrees. On the 29th, Phoenix topped out at 112 degrees, tying the daily high temperature record for the date. According to the Maricopa County Department of Public Health, five heat-associated fatalities occurred during this time.",117
986222,GILA RIVER VALLEY (ZONE), ,05/27/2020,1000,Excessive Heat, , ,0,0,0,0,AZ,MST-7, ,163315,Z,536,PSR,0,0,County Official, , , , , , , , ,05/29/2020,2000, , , , ,"","Strong high pressure building over the Southwest at the end of May led to several days of excessive heat warning conditions as temperatures approached and exceeded 110 degrees. On the 29th, Phoenix topped out at 112 degrees, tying the daily high temperature record for the date. According to the Maricopa County Department of Public Health, five heat-associated fatalities occurred during this time.",118
986224,PARKER VALLEY (ZONE), ,05/27/2020,1000,Excessive Heat, , ,0,0,0,0,AZ,MST-7, ,163315,Z,530,PSR,0,0,County Official, , , , , , , , ,05/29/2020,2000, , , , ,"","Strong high pressure building over the Southwest at the end of May led to several days of excessive heat warning conditions as temperatures approached and exceeded 110 degrees. On the 29th, Phoenix topped out at 112 degrees, tying the daily high temperature record for the date. According to the Maricopa County Department of Public Health, five heat-associated fatalities occurred during this time.",119
986225,YUMA (ZONE), ,05/27/2020,1000,Excessive Heat, , ,0,0,0,0,AZ,MST-7, ,163315,Z,532,PSR,0,0,County Official, , , , , , , , ,05/29/2020,2000, , , , ,"","Strong high pressure building over the Southwest at the end of May led to several days of excessive heat warning conditions as temperatures approached and exceeded 110 degrees. On the 29th, Phoenix topped out at 112 degrees, tying the daily high temperature record for the date. According to the Maricopa County Department of Public Health, five heat-associated fatalities occurred during this time.",120
985855,EAST VALLEY (ZONE), ,05/27/2020,1000,Excessive Heat, , ,0,0,0,0,AZ,MST-7, ,163315,Z,548,PSR,0,0,County Official, , , , , , , , ,05/31/2020,2000, , , , ,"","Strong high pressure building over the Southwest at the end of May led to several days of excessive heat warning conditions as temperatures approached and exceeded 110 degrees. On the 29th, Phoenix topped out at 112 degrees, tying the daily high temperature record for the date. According to the Maricopa County Department of Public Health, five heat-associated fatalities occurred during this time.",121
985856,SOUTH MOUNTAIN/AHWATUKEE (ZONE), ,05/27/2020,1000,Excessive Heat, , ,0,0,0,0,AZ,MST-7, ,163315,Z,550,PSR,0,0,County Official, , , , , , , , ,05/31/2020,2000, , , , ,"","Strong high pressure building over the Southwest at the end of May led to several days of excessive heat warning conditions as temperatures approached and exceeded 110 degrees. On the 29th, Phoenix topped out at 112 degrees, tying the daily high temperature record for the date. According to the Maricopa County Department of Public Health, five heat-associated fatalities occurred during this time.",122
985858,SOUTHEAST VALLEY/QUEEN CREEK (ZONE), ,05/27/2020,1000,Excessive Heat, , ,0,0,0,0,AZ,MST-7, ,163315,Z,551,PSR,0,0,County Official, , , , , , , , ,05/31/2020,2000, , , , ,"","Strong high pressure building over the Southwest at the end of May led to several days of excessive heat warning conditions as temperatures approached and exceeded 110 degrees. On the 29th, Phoenix topped out at 112 degrees, tying the daily high temperature record for the date. According to the Maricopa County Department of Public Health, five heat-associated fatalities occurred during this time.",123
985859,NORTHWEST PINAL COUNTY (ZONE), ,05/27/2020,1000,Excessive Heat, , ,0,0,0,0,AZ,MST-7, ,163315,Z,553,PSR,0,0,County Official, , , , , , , , ,05/31/2020,2000, , , , ,"","Strong high pressure building over the Southwest at the end of May led to several days of excessive heat warning conditions as temperatures approached and exceeded 110 degrees. On the 29th, Phoenix topped out at 112 degrees, tying the daily high temperature record for the date. According to the Maricopa County Department of Public Health, five heat-associated fatalities occurred during this time.",124
985861,CAVE CREEK/NEW RIVER (ZONE), ,05/27/2020,1000,Excessive Heat, , ,0,0,0,0,AZ,MST-7, ,163315,Z,541,PSR,0,0,County Official, , , , , , , , ,05/31/2020,2000, , , , ,"","Strong high pressure building over the Southwest at the end of May led to several days of excessive heat warning conditions as temperatures approached and exceeded 110 degrees. On the 29th, Phoenix topped out at 112 degrees, tying the daily high temperature record for the date. According to the Maricopa County Department of Public Health, five heat-associated fatalities occurred during this time.",125
985862,NEW RIVER MESA (ZONE), ,05/27/2020,1000,Excessive Heat, , ,0,0,0,0,AZ,MST-7, ,163315,Z,545,PSR,0,0,County Official, , , , , , , , ,05/31/2020,2000, , , , ,"","Strong high pressure building over the Southwest at the end of May led to several days of excessive heat warning conditions as temperatures approached and exceeded 110 degrees. On the 29th, Phoenix topped out at 112 degrees, tying the daily high temperature record for the date. According to the Maricopa County Department of Public Health, five heat-associated fatalities occurred during this time.",126
985863,RIO VERDE/SALT RIVER (ZONE), ,05/27/2020,1000,Excessive Heat, , ,0,0,0,0,AZ,MST-7, ,163315,Z,547,PSR,0,0,County Official, , , , , , , , ,05/31/2020,2000, , , , ,"","Strong high pressure building over the Southwest at the end of May led to several days of excessive heat warning conditions as temperatures approached and exceeded 110 degrees. On the 29th, Phoenix topped out at 112 degrees, tying the daily high temperature record for the date. According to the Maricopa County Department of Public Health, five heat-associated fatalities occurred during this time.",127
985864,FOUNTAIN HILLS/EAST MESA (ZONE), ,05/27/2020,1000,Excessive Heat, , ,0,0,0,0,AZ,MST-7, ,163315,Z,549,PSR,0,0,County Official, , , , , , , , ,05/31/2020,2000, , , , ,"","Strong high pressure building over the Southwest at the end of May led to several days of excessive heat warning conditions as temperatures approached and exceeded 110 degrees. On the 29th, Phoenix topped out at 112 degrees, tying the daily high temperature record for the date. According to the Maricopa County Department of Public Health, five heat-associated fatalities occurred during this time.",128
985865,SUPERIOR (ZONE), ,05/27/2020,1000,Excessive Heat, , ,0,0,0,0,AZ,MST-7, ,163315,Z,552,PSR,0,0,County Official, , , , , , , , ,05/31/2020,2000, , , , ,"","Strong high pressure building over the Southwest at the end of May led to several days of excessive heat warning conditions as temperatures approached and exceeded 110 degrees. On the 29th, Phoenix topped out at 112 degrees, tying the daily high temperature record for the date. According to the Maricopa County Department of Public Health, five heat-associated fatalities occurred during this time.",129
985866,APACHE JUNCTION/GOLD CANYON (ZONE), ,05/27/2020,1000,Excessive Heat, , ,0,0,0,0,AZ,MST-7, ,163315,Z,555,PSR,0,0,County Official, , , , , , , , ,05/31/2020,2000, , , , ,"","Strong high pressure building over the Southwest at the end of May led to several days of excessive heat warning conditions as temperatures approached and exceeded 110 degrees. On the 29th, Phoenix topped out at 112 degrees, tying the daily high temperature record for the date. According to the Maricopa County Department of Public Health, five heat-associated fatalities occurred during this time.",130
985867,TONTO BASIN (ZONE), ,05/27/2020,1000,Excessive Heat, , ,0,0,0,0,AZ,MST-7, ,163315,Z,556,PSR,0,0,County Official, , , , , , , , ,05/31/2020,2000, , , , ,"","Strong high pressure building over the Southwest at the end of May led to several days of excessive heat warning conditions as temperatures approached and exceeded 110 degrees. On the 29th, Phoenix topped out at 112 degrees, tying the daily high temperature record for the date. According to the Maricopa County Department of Public Health, five heat-associated fatalities occurred during this time.",131
985868,SAN CARLOS (ZONE), ,05/27/2020,1000,Excessive Heat, , ,0,0,0,0,AZ,MST-7, ,163315,Z,560,PSR,0,0,County Official, , , , , , , , ,05/31/2020,2000, , , , ,"","Strong high pressure building over the Southwest at the end of May led to several days of excessive heat warning conditions as temperatures approached and exceeded 110 degrees. On the 29th, Phoenix topped out at 112 degrees, tying the daily high temperature record for the date. According to the Maricopa County Department of Public Health, five heat-associated fatalities occurred during this time.",132
985869,DRIPPING SPRINGS (ZONE), ,05/27/2020,1000,Excessive Heat, , ,0,0,0,0,AZ,MST-7, ,163315,Z,561,PSR,0,0,County Official, , , , , , , , ,05/31/2020,2000, , , , ,"","Strong high pressure building over the Southwest at the end of May led to several days of excessive heat warning conditions as temperatures approached and exceeded 110 degrees. On the 29th, Phoenix topped out at 112 degrees, tying the daily high temperature record for the date. According to the Maricopa County Department of Public Health, five heat-associated fatalities occurred during this time.",133
985873,AGUILA VALLEY (ZONE), ,05/27/2020,1000,Excessive Heat, , ,0,0,0,0,AZ,MST-7, ,163315,Z,534,PSR,0,0,County Official, , , , , , , , ,05/31/2020,2000, , , , ,"","Strong high pressure building over the Southwest at the end of May led to several days of excessive heat warning conditions as temperatures approached and exceeded 110 degrees. On the 29th, Phoenix topped out at 112 degrees, tying the daily high temperature record for the date. According to the Maricopa County Department of Public Health, five heat-associated fatalities occurred during this time.",134
985877,WEST PINAL COUNTY (ZONE), ,05/27/2020,1000,Excessive Heat, , ,0,0,0,0,AZ,MST-7, ,163315,Z,554,PSR,0,0,County Official, , , , , , , , ,05/31/2020,2000, , , , ,"","Strong high pressure building over the Southwest at the end of May led to several days of excessive heat warning conditions as temperatures approached and exceeded 110 degrees. On the 29th, Phoenix topped out at 112 degrees, tying the daily high temperature record for the date. According to the Maricopa County Department of Public Health, five heat-associated fatalities occurred during this time.",135
986219,KOFA (ZONE), ,05/27/2020,1000,Excessive Heat, , ,0,0,0,0,AZ,MST-7, ,163315,Z,531,PSR,0,0,County Official, , , , , , , , ,05/29/2020,2000, , , , ,"","Strong high pressure building over the Southwest at the end of May led to several days of excessive heat warning conditions as temperatures approached and exceeded 110 degrees. On the 29th, Phoenix topped out at 112 degrees, tying the daily high temperature record for the date. According to the Maricopa County Department of Public Health, five heat-associated fatalities occurred during this time.",136
986220,CENTRAL LA PAZ (ZONE), ,05/27/2020,1000,Excessive Heat, , ,0,0,0,0,AZ,MST-7, ,163315,Z,533,PSR,0,0,County Official, , , , , , , , ,05/29/2020,2000, , , , ,"","Strong high pressure building over the Southwest at the end of May led to several days of excessive heat warning conditions as temperatures approached and exceeded 110 degrees. On the 29th, Phoenix topped out at 112 degrees, tying the daily high temperature record for the date. According to the Maricopa County Department of Public Health, five heat-associated fatalities occurred during this time.",137
985852,NORTH PHOENIX/GLENDALE (ZONE), ,05/27/2020,1000,Excessive Heat, , ,0,0,0,0,AZ,MST-7, ,163315,Z,544,PSR,0,0,County Official, , , , , , , , ,05/31/2020,2000, , , , ,"","Strong high pressure building over the Southwest at the end of May led to several days of excessive heat warning conditions as temperatures approached and exceeded 110 degrees. On the 29th, Phoenix topped out at 112 degrees, tying the daily high temperature record for the date. According to the Maricopa County Department of Public Health, five heat-associated fatalities occurred during this time.",138
985854,SCOTTSDALE/PARADISE VALLEY (ZONE), ,05/27/2020,1000,Excessive Heat, , ,0,0,0,0,AZ,MST-7, ,163315,Z,546,PSR,0,0,County Official, , , , , , , , ,05/31/2020,2000, , , , ,"","Strong high pressure building over the Southwest at the end of May led to several days of excessive heat warning conditions as temperatures approached and exceeded 110 degrees. On the 29th, Phoenix topped out at 112 degrees, tying the daily high temperature record for the date. According to the Maricopa County Department of Public Health, five heat-associated fatalities occurred during this time.",139
985874,TONOPAH DESERT (ZONE), ,05/27/2020,1000,Excessive Heat, , ,0,0,0,0,AZ,MST-7, ,163315,Z,538,PSR,0,0,County Official, , , , , , , , ,05/31/2020,2000, , , , ,"","Strong high pressure building over the Southwest at the end of May led to several days of excessive heat warning conditions as temperatures approached and exceeded 110 degrees. On the 29th, Phoenix topped out at 112 degrees, tying the daily high temperature record for the date. According to the Maricopa County Department of Public Health, five heat-associated fatalities occurred during this time.",140
985875,GILA BEND (ZONE), ,05/27/2020,1000,Excessive Heat, , ,0,0,0,0,AZ,MST-7, ,163315,Z,539,PSR,0,0,County Official, , , , , , , , ,05/31/2020,2000, , , , ,"","Strong high pressure building over the Southwest at the end of May led to several days of excessive heat warning conditions as temperatures approached and exceeded 110 degrees. On the 29th, Phoenix topped out at 112 degrees, tying the daily high temperature record for the date. According to the Maricopa County Department of Public Health, five heat-associated fatalities occurred during this time.",141
985851,CENTRAL PHOENIX (ZONE), ,05/27/2020,1000,Excessive Heat, , ,5,0,0,0,AZ,MST-7, ,163315,Z,543,PSR,0,0,County Official, , , , , , , , ,05/31/2020,2000, , , , ,"","Strong high pressure building over the Southwest at the end of May led to several days of excessive heat warning conditions as temperatures approached and exceeded 110 degrees. On the 29th, Phoenix topped out at 112 degrees, tying the daily high temperature record for the date. According to the Maricopa County Department of Public Health, five heat-associated fatalities occurred during this time.",142
985878,SONORAN DESERT NATL MONUMENT (ZONE), ,05/27/2020,1000,Excessive Heat, , ,0,0,0,0,AZ,MST-7, ,163315,Z,559,PSR,0,0,County Official, , , , , , , , ,05/31/2020,2000, , , , ,"","Strong high pressure building over the Southwest at the end of May led to several days of excessive heat warning conditions as temperatures approached and exceeded 110 degrees. On the 29th, Phoenix topped out at 112 degrees, tying the daily high temperature record for the date. According to the Maricopa County Department of Public Health, five heat-associated fatalities occurred during this time.",143
892303,LAKE HAVASU AND FORT MOHAVE (ZONE), ,05/27/2020,1200,Excessive Heat, , ,0,0,0,0,AZ,MST-7, ,148187,Z,2,VEF,0,0,Official NWS Observations, , , , , , , , ,05/29/2020,2100, , , , ,"Excessive Heat Warning criteria were reached for three straight days.","Strong high pressure built over the Mojave Desert, resulting in Excessive Heat Warning criteria being reached in several zones.",144
892304,LAKE MEAD NATIONAL RECREATION AREA (ZONE), ,05/27/2020,1200,Excessive Heat, , ,0,0,0,0,AZ,MST-7, ,148187,Z,36,VEF,0,0,Official NWS Observations, , , , , , , , ,05/29/2020,2100, , , , ,"Excessive Heat Warning criteria were reached for three straight days.","Strong high pressure built over the Mojave Desert, resulting in Excessive Heat Warning criteria being reached in several zones.",145
892316,NORTHWEST DESERTS (ZONE), ,05/27/2020,1200,Excessive Heat, , ,0,0,0,0,AZ,MST-7, ,148187,Z,3,VEF,0,0,Official NWS Observations, , , , , , , , ,05/29/2020,2100, , , , ,"Excessive Heat Warning criteria were reached for three straight days.","Strong high pressure built over the Mojave Desert, resulting in Excessive Heat Warning criteria being reached in several zones.",146
895856,WESTERN PIMA COUNTY (ZONE), ,05/28/2020,1200,Excessive Heat, , ,0,0,0,0,AZ,MST-7, ,148714,Z,501,TWC,0,0,Mesonet, , , , , , , , ,05/31/2020,2000, , , , ,"Very hot temperatures 7 to 13 degrees above normal occurred in parts of southeast Arizona, causing the High Heat Risk category to be reached. Several daily high temperature records were tied or broken. Record highs included: May 28th, 107 degrees (tie) at Ajo and 106 at Duncan and Safford Airport; May 29th, 108 degrees at Tucson International Airport, 107 at Fort Thomas and 102 (tie) at San Manuel; May 30th, 111 degrees at Ajo, 109 at Picacho and 106 (tie) at Anvil Ranch; May 31st, 106 degrees (tie) at Green Valley.   On May 29th, Sells reached 108 degrees, which was two degrees shy of a record while Picacho topped out at 110, just one degree off the record for the date.","Very hot temperatures were experienced in parts of southeast Arizona May 28th through the 31st with high temperatures exceeding established records in many locations. No heat-related fatalities were reported.",147
895876,TOHONO O ODHAM NATION (ZONE), ,05/28/2020,1200,Excessive Heat, , ,0,0,0,0,AZ,MST-7, ,148714,Z,502,TWC,0,0,Mesonet, , , , , , , , ,05/31/2020,2000, , , , ,"Very hot temperatures 7 to 13 degrees above normal occurred in parts of southeast Arizona, causing the High Heat Risk category to be reached. Several daily high temperature records were tied or broken. Record highs included: May 28th, 107 degrees (tie) at Ajo and 106 at Duncan and Safford Airport; May 29th, 108 degrees at Tucson International Airport, 107 at Fort Thomas and 102 (tie) at San Manuel; May 30th, 111 degrees at Ajo, 109 at Picacho and 106 (tie) at Anvil Ranch; May 31st, 106 degrees (tie) at Green Valley.   On May 29th, Sells reached 108 degrees, which was two degrees shy of a record while Picacho topped out at 110, just one degree off the record for the date.","Very hot temperatures were experienced in parts of southeast Arizona May 28th through the 31st with high temperatures exceeding established records in many locations. No heat-related fatalities were reported.",148
895877,UPPER SANTA CRUZ RIVER AND ALTAR VALLEYS (ZONE), ,05/28/2020,1200,Excessive Heat, , ,0,0,0,0,AZ,MST-7, ,148714,Z,503,TWC,0,0,Mesonet, , , , , , , , ,05/31/2020,2000, , , , ,"Very hot temperatures 7 to 13 degrees above normal occurred in parts of southeast Arizona, causing the High Heat Risk category to be reached. Several daily high temperature records were tied or broken. Record highs included: May 28th, 107 degrees (tie) at Ajo and 106 at Duncan and Safford Airport; May 29th, 108 degrees at Tucson International Airport, 107 at Fort Thomas and 102 (tie) at San Manuel; May 30th, 111 degrees at Ajo, 109 at Picacho and 106 (tie) at Anvil Ranch; May 31st, 106 degrees (tie) at Green Valley.   On May 29th, Sells reached 108 degrees, which was two degrees shy of a record while Picacho topped out at 110, just one degree off the record for the date.","Very hot temperatures were experienced in parts of southeast Arizona May 28th through the 31st with high temperatures exceeding established records in many locations. No heat-related fatalities were reported.",149
895878,TUCSON METRO AREA (ZONE), ,05/28/2020,1200,Excessive Heat, , ,0,0,0,0,AZ,MST-7, ,148714,Z,504,TWC,0,0,Mesonet, , , , , , , , ,05/31/2020,2000, , , , ,"Very hot temperatures 7 to 13 degrees above normal occurred in parts of southeast Arizona, causing the High Heat Risk category to be reached. Several daily high temperature records were tied or broken. Record highs included: May 28th, 107 degrees (tie) at Ajo and 106 at Duncan and Safford Airport; May 29th, 108 degrees at Tucson International Airport, 107 at Fort Thomas and 102 (tie) at San Manuel; May 30th, 111 degrees at Ajo, 109 at Picacho and 106 (tie) at Anvil Ranch; May 31st, 106 degrees (tie) at Green Valley.   On May 29th, Sells reached 108 degrees, which was two degrees shy of a record while Picacho topped out at 110, just one degree off the record for the date.","Very hot temperatures were experienced in parts of southeast Arizona May 28th through the 31st with high temperatures exceeding established records in many locations. No heat-related fatalities were reported.",150
895879,SOUTH CENTRAL PINAL COUNTY (ZONE), ,05/28/2020,1200,Excessive Heat, , ,0,0,0,0,AZ,MST-7, ,148714,Z,505,TWC,0,0,Mesonet, , , , , , , , ,05/31/2020,2000, , , , ,"Very hot temperatures 7 to 13 degrees above normal occurred in parts of southeast Arizona, causing the High Heat Risk category to be reached. Several daily high temperature records were tied or broken. Record highs included: May 28th, 107 degrees (tie) at Ajo and 106 at Duncan and Safford Airport; May 29th, 108 degrees at Tucson International Airport, 107 at Fort Thomas and 102 (tie) at San Manuel; May 30th, 111 degrees at Ajo, 109 at Picacho and 106 (tie) at Anvil Ranch; May 31st, 106 degrees (tie) at Green Valley.   On May 29th, Sells reached 108 degrees, which was two degrees shy of a record while Picacho topped out at 110, just one degree off the record for the date.","Very hot temperatures were experienced in parts of southeast Arizona May 28th through the 31st with high temperatures exceeding established records in many locations. No heat-related fatalities were reported.",151
895880,SOUTHEAST PINAL COUNTY (ZONE), ,05/28/2020,1200,Excessive Heat, , ,0,0,0,0,AZ,MST-7, ,148714,Z,506,TWC,0,0,Mesonet, , , , , , , , ,05/31/2020,2000, , , , ,"Very hot temperatures 7 to 13 degrees above normal occurred in parts of southeast Arizona, causing the High Heat Risk category to be reached. Several daily high temperature records were tied or broken. Record highs included: May 28th, 107 degrees (tie) at Ajo and 106 at Duncan and Safford Airport; May 29th, 108 degrees at Tucson International Airport, 107 at Fort Thomas and 102 (tie) at San Manuel; May 30th, 111 degrees at Ajo, 109 at Picacho and 106 (tie) at Anvil Ranch; May 31st, 106 degrees (tie) at Green Valley.   On May 29th, Sells reached 108 degrees, which was two degrees shy of a record while Picacho topped out at 110, just one degree off the record for the date.","Very hot temperatures were experienced in parts of southeast Arizona May 28th through the 31st with high temperatures exceeding established records in many locations. No heat-related fatalities were reported.",152
895881,UPPER SAN PEDRO RIVER VALLEY (ZONE), ,05/28/2020,1200,Excessive Heat, , ,0,0,0,0,AZ,MST-7, ,148714,Z,507,TWC,0,0,Mesonet, , , , , , , , ,05/31/2020,2000, , , , ,"Very hot temperatures 7 to 13 degrees above normal occurred in parts of southeast Arizona, causing the High Heat Risk category to be reached. Several daily high temperature records were tied or broken. Record highs included: May 28th, 107 degrees (tie) at Ajo and 106 at Duncan and Safford Airport; May 29th, 108 degrees at Tucson International Airport, 107 at Fort Thomas and 102 (tie) at San Manuel; May 30th, 111 degrees at Ajo, 109 at Picacho and 106 (tie) at Anvil Ranch; May 31st, 106 degrees (tie) at Green Valley.   On May 29th, Sells reached 108 degrees, which was two degrees shy of a record while Picacho topped out at 110, just one degree off the record for the date.","Very hot temperatures were experienced in parts of southeast Arizona May 28th through the 31st with high temperatures exceeding established records in many locations. No heat-related fatalities were reported.",153
895882,UPPER GILA RIVER AND ARAVAIPA VALLEYS (ZONE), ,05/28/2020,1200,Excessive Heat, , ,0,0,0,0,AZ,MST-7, ,148714,Z,509,TWC,0,0,Mesonet, , , , , , , , ,05/31/2020,2000, , , , ,"Very hot temperatures 7 to 13 degrees above normal occurred in parts of southeast Arizona, causing the High Heat Risk category to be reached. Several daily high temperature records were tied or broken. Record highs included: May 28th, 107 degrees (tie) at Ajo and 106 at Duncan and Safford Airport; May 29th, 108 degrees at Tucson International Airport, 107 at Fort Thomas and 102 (tie) at San Manuel; May 30th, 111 degrees at Ajo, 109 at Picacho and 106 (tie) at Anvil Ranch; May 31st, 106 degrees (tie) at Green Valley.   On May 29th, Sells reached 108 degrees, which was two degrees shy of a record while Picacho topped out at 110, just one degree off the record for the date.","Very hot temperatures were experienced in parts of southeast Arizona May 28th through the 31st with high temperatures exceeding established records in many locations. No heat-related fatalities were reported.",154
895908,PIMA CO.,(TUS)TUCSON INTL ARP,05/30/2020,1549,Thunderstorm Wind,60.00, ,0,0,0,0,AZ,MST-7,MG,148720,C,19,TWC,0,0,ASOS, , , ,2,W,1,ENE,EMERY PARK,05/30/2020,1551,32.1181,-110.9826,32.1322,-110.9411,"A thunderstorm dissipated near Interstate 19 creating thunderstorm outflow winds that produced a gust of 69 mph at Tucson International Airport. Airport tower personnel reported that the building shook as a result of the winds and blowing dust briefly reduced visibility near the south end of the airfield.","Scattered thunderstorms produced gusty winds across Santa Cruz and Eastern Pima counties during the afternoon of May 30th.  One storm produced a severe wind gust at Tucson International Airport.",155
885094,NORTHWEST PINAL COUNTY (ZONE), ,05/30/2020,1820,Dust Storm, , ,0,0,0,0,AZ,MST-7, ,147216,Z,553,PSR,0,0,Trained Spotter, , , , , , , , ,05/30/2020,2000, , , , ,"Very hot conditions along with limited mid level moisture combined to provide an environment favorable for high based thunderstorm development in the central deserts. Isolated storms formed southeast of Phoenix during late afternoon hours and one of the stronger storms generated gusty outflow winds which led to a dust storm across northwest Pinal County. At 1820MST, a trained weather spotter located about 3 miles southwest of Santan reported visibility down to 1/8 of a mile in a dust storm near Interstate 10 and Casa Blanca Road. About one half hour later a Dust Storm Warning was issued. There were no reports of accidents due to the sharply restricted visibility.","Very hot conditions were present across the central Arizona deserts on May 30th; high temperatures in the Phoenix area reached to around 110 degrees. There was modest mid level moisture streaming into eastern Arizona and the combination of moisture and excessive heat led to isolated afternoon thunderstorms to the southeast of Phoenix. Gusty outflow winds in excess of 40 mph resulted in dust storm conditions across portions of the southeast valley as well as northwest Pinal County. At 1820MST visibility dropped to 1/8 of a mile near Interstate 10 and Casa Blanca Road, and shortly after trained spotters in Higley reported less than one quarter of a mile in a dust storm. There were no reports of accidents due to the sharply restricted visibility.",156
885097,EAST VALLEY (ZONE), ,05/30/2020,1855,Dust Storm, , ,0,0,0,0,AZ,MST-7, ,147216,Z,548,PSR,0,0,Trained Spotter, , , , , , , , ,05/30/2020,2000, , , , ,"Very hot temperatures and modest mid level moisture combined to produce an atmosphere conducive to thunderstorm development and during late afternoon, isolated high based storms developed southeast of Phoenix. One of the storms generated gusty outflow winds that resulted in a dust storm across the east valley. According to a trained spotter located about 3 miles northeast of Higley, at 1900MST visibility fell to less than one quarter of a mile along Recker Road between Warner and Elliot roads. A Dust Storm Warning had been issued for the area 5 minutes earlier. There were no reports of accidents due to the sharply restricted visibility.","Very hot conditions were present across the central Arizona deserts on May 30th; high temperatures in the Phoenix area reached to around 110 degrees. There was modest mid level moisture streaming into eastern Arizona and the combination of moisture and excessive heat led to isolated afternoon thunderstorms to the southeast of Phoenix. Gusty outflow winds in excess of 40 mph resulted in dust storm conditions across portions of the southeast valley as well as northwest Pinal County. At 1820MST visibility dropped to 1/8 of a mile near Interstate 10 and Casa Blanca Road, and shortly after trained spotters in Higley reported less than one quarter of a mile in a dust storm. There were no reports of accidents due to the sharply restricted visibility.",157
990625,CENTRAL PHOENIX (ZONE), ,06/01/2020,0,Heat, , ,2,0,0,0,AZ,MST-7, ,164086,Z,543,PSR,0,0,County Official, , , , , , , , ,06/01/2020,2359, , , , ,"Two direct fatalities were reported by the Maricopa County Department of Public Health, with their details, such as age, gender, circumstances and location unavailable.","Strong high pressure developed over the region at the beginning of the month, leading to excessive heat conditions as temperatures soared near to above 110 degrees. According to the Maricopa County Department of Public Health, 10 heat-associated fatalities occurred during this event.",158
904963,PIMA CO.,(DMA)DAVIS MONTHAN A,06/01/2020,1659,Thunderstorm Wind,56.00, ,0,0,1000,0,AZ,MST-7,MG,150088,C,19,TWC,0,0,ASOS, , , ,2,ESE,2,NNW,(DMA)DAVIS MONTHAN A,06/01/2020,1708,32.1611,-110.8561,32.1949,-110.8871,"A thunderstorm wind gust of 64 mph was recorded at KDMA on Davis-Monthan AFB and several large tree limbs were downed along Golf Links Rd between Craycroft and Swan.","Thunderstorms developed and moved weat across southeast Arizona, mainly Pima and Santa Cruz counties.  One storm produced severe wind gusts in Tucson.",159
990680,BUCKEYE/AVONDALE (ZONE), ,06/02/2020,1000,Excessive Heat, , ,0,0,0,0,AZ,MST-7, ,164086,Z,540,PSR,0,0,County Official, , , , , , , , ,06/04/2020,2000, , , , ,"","Strong high pressure developed over the region at the beginning of the month, leading to excessive heat conditions as temperatures soared near to above 110 degrees. According to the Maricopa County Department of Public Health, 10 heat-associated fatalities occurred during this event.",160
990681,CAVE CREEK/NEW RIVER (ZONE), ,06/02/2020,1000,Excessive Heat, , ,0,0,0,0,AZ,MST-7, ,164086,Z,541,PSR,0,0,County Official, , , , , , , , ,06/04/2020,2000, , , , ,"","Strong high pressure developed over the region at the beginning of the month, leading to excessive heat conditions as temperatures soared near to above 110 degrees. According to the Maricopa County Department of Public Health, 10 heat-associated fatalities occurred during this event.",161
990682,DEER VALLEY (ZONE), ,06/02/2020,1000,Excessive Heat, , ,0,0,0,0,AZ,MST-7, ,164086,Z,542,PSR,0,0,County Official, , , , , , , , ,06/04/2020,2000, , , , ,"","Strong high pressure developed over the region at the beginning of the month, leading to excessive heat conditions as temperatures soared near to above 110 degrees. According to the Maricopa County Department of Public Health, 10 heat-associated fatalities occurred during this event.",162
990683,NORTH PHOENIX/GLENDALE (ZONE), ,06/02/2020,1000,Excessive Heat, , ,0,0,0,0,AZ,MST-7, ,164086,Z,544,PSR,0,0,County Official, , , , , , , , ,06/04/2020,2000, , , , ,"","Strong high pressure developed over the region at the beginning of the month, leading to excessive heat conditions as temperatures soared near to above 110 degrees. According to the Maricopa County Department of Public Health, 10 heat-associated fatalities occurred during this event.",163
990684,SCOTTSDALE/PARADISE VALLEY (ZONE), ,06/02/2020,1000,Excessive Heat, , ,0,0,0,0,AZ,MST-7, ,164086,Z,546,PSR,0,0,County Official, , , , , , , , ,06/04/2020,2000, , , , ,"","Strong high pressure developed over the region at the beginning of the month, leading to excessive heat conditions as temperatures soared near to above 110 degrees. According to the Maricopa County Department of Public Health, 10 heat-associated fatalities occurred during this event.",164
990685,EAST VALLEY (ZONE), ,06/02/2020,1000,Excessive Heat, , ,0,0,0,0,AZ,MST-7, ,164086,Z,548,PSR,0,0,County Official, , , , , , , , ,06/04/2020,2000, , , , ,"","Strong high pressure developed over the region at the beginning of the month, leading to excessive heat conditions as temperatures soared near to above 110 degrees. According to the Maricopa County Department of Public Health, 10 heat-associated fatalities occurred during this event.",165
990686,SOUTH MOUNTAIN/AHWATUKEE (ZONE), ,06/02/2020,1000,Excessive Heat, , ,0,0,0,0,AZ,MST-7, ,164086,Z,550,PSR,0,0,County Official, , , , , , , , ,06/04/2020,2000, , , , ,"","Strong high pressure developed over the region at the beginning of the month, leading to excessive heat conditions as temperatures soared near to above 110 degrees. According to the Maricopa County Department of Public Health, 10 heat-associated fatalities occurred during this event.",166
990687,SOUTHEAST VALLEY/QUEEN CREEK (ZONE), ,06/02/2020,1000,Excessive Heat, , ,0,0,0,0,AZ,MST-7, ,164086,Z,551,PSR,0,0,County Official, , , , , , , , ,06/04/2020,2000, , , , ,"","Strong high pressure developed over the region at the beginning of the month, leading to excessive heat conditions as temperatures soared near to above 110 degrees. According to the Maricopa County Department of Public Health, 10 heat-associated fatalities occurred during this event.",167
990627,CENTRAL PHOENIX (ZONE), ,06/02/2020,1000,Excessive Heat, , ,6,0,0,0,AZ,MST-7, ,164086,Z,543,PSR,0,0,County Official, , , , , , , , ,06/04/2020,2000, , , , ,"Six direct fatalities were reported by the Maricopa County Department of Public Health, with their details, such as age, gender, circumstances and location unavailable.","Strong high pressure developed over the region at the beginning of the month, leading to excessive heat conditions as temperatures soared near to above 110 degrees. According to the Maricopa County Department of Public Health, 10 heat-associated fatalities occurred during this event.",168
990679,NORTHWEST VALLEY (ZONE), ,06/02/2020,1000,Excessive Heat, , ,0,0,0,0,AZ,MST-7, ,164086,Z,537,PSR,0,0,County Official, , , , , , , , ,06/04/2020,2000, , , , ,"","Strong high pressure developed over the region at the beginning of the month, leading to excessive heat conditions as temperatures soared near to above 110 degrees. According to the Maricopa County Department of Public Health, 10 heat-associated fatalities occurred during this event.",169
990725,SOUTHEAST YUMA COUNTY (ZONE), ,06/03/2020,1000,Excessive Heat, , ,0,0,0,0,AZ,MST-7, ,164086,Z,535,PSR,0,0,County Official, , , , , , , , ,06/04/2020,2000, , , , ,"","Strong high pressure developed over the region at the beginning of the month, leading to excessive heat conditions as temperatures soared near to above 110 degrees. According to the Maricopa County Department of Public Health, 10 heat-associated fatalities occurred during this event.",170
990726,GILA RIVER VALLEY (ZONE), ,06/03/2020,1000,Excessive Heat, , ,0,0,0,0,AZ,MST-7, ,164086,Z,536,PSR,0,0,County Official, , , , , , , , ,06/04/2020,2000, , , , ,"","Strong high pressure developed over the region at the beginning of the month, leading to excessive heat conditions as temperatures soared near to above 110 degrees. According to the Maricopa County Department of Public Health, 10 heat-associated fatalities occurred during this event.",171
990688,NEW RIVER MESA (ZONE), ,06/03/2020,1000,Excessive Heat, , ,0,0,0,0,AZ,MST-7, ,164086,Z,545,PSR,0,0,County Official, , , , , , , , ,06/04/2020,2000, , , , ,"","Strong high pressure developed over the region at the beginning of the month, leading to excessive heat conditions as temperatures soared near to above 110 degrees. According to the Maricopa County Department of Public Health, 10 heat-associated fatalities occurred during this event.",172
990708,RIO VERDE/SALT RIVER (ZONE), ,06/03/2020,1000,Excessive Heat, , ,0,0,0,0,AZ,MST-7, ,164086,Z,547,PSR,0,0,County Official, , , , , , , , ,06/04/2020,2000, , , , ,"","Strong high pressure developed over the region at the beginning of the month, leading to excessive heat conditions as temperatures soared near to above 110 degrees. According to the Maricopa County Department of Public Health, 10 heat-associated fatalities occurred during this event.",173
990709,FOUNTAIN HILLS/EAST MESA (ZONE), ,06/03/2020,1000,Excessive Heat, , ,0,0,0,0,AZ,MST-7, ,164086,Z,549,PSR,0,0,County Official, , , , , , , , ,06/04/2020,2000, , , , ,"","Strong high pressure developed over the region at the beginning of the month, leading to excessive heat conditions as temperatures soared near to above 110 degrees. According to the Maricopa County Department of Public Health, 10 heat-associated fatalities occurred during this event.",174
990710,NORTHWEST PINAL COUNTY (ZONE), ,06/03/2020,1000,Excessive Heat, , ,0,0,0,0,AZ,MST-7, ,164086,Z,553,PSR,0,0,County Official, , , , , , , , ,06/04/2020,2000, , , , ,"","Strong high pressure developed over the region at the beginning of the month, leading to excessive heat conditions as temperatures soared near to above 110 degrees. According to the Maricopa County Department of Public Health, 10 heat-associated fatalities occurred during this event.",175
990711,WEST PINAL COUNTY (ZONE), ,06/03/2020,1000,Excessive Heat, , ,0,0,0,0,AZ,MST-7, ,164086,Z,554,PSR,0,0,County Official, , , , , , , , ,06/04/2020,2000, , , , ,"","Strong high pressure developed over the region at the beginning of the month, leading to excessive heat conditions as temperatures soared near to above 110 degrees. According to the Maricopa County Department of Public Health, 10 heat-associated fatalities occurred during this event.",176
990712,APACHE JUNCTION/GOLD CANYON (ZONE), ,06/03/2020,1000,Excessive Heat, , ,0,0,0,0,AZ,MST-7, ,164086,Z,555,PSR,0,0,County Official, , , , , , , , ,06/04/2020,2000, , , , ,"","Strong high pressure developed over the region at the beginning of the month, leading to excessive heat conditions as temperatures soared near to above 110 degrees. According to the Maricopa County Department of Public Health, 10 heat-associated fatalities occurred during this event.",177
990713,TONTO BASIN (ZONE), ,06/03/2020,1000,Excessive Heat, , ,0,0,0,0,AZ,MST-7, ,164086,Z,556,PSR,0,0,County Official, , , , , , , , ,06/04/2020,2000, , , , ,"","Strong high pressure developed over the region at the beginning of the month, leading to excessive heat conditions as temperatures soared near to above 110 degrees. According to the Maricopa County Department of Public Health, 10 heat-associated fatalities occurred during this event.",178
990714,SAN CARLOS (ZONE), ,06/03/2020,1000,Excessive Heat, , ,0,0,0,0,AZ,MST-7, ,164086,Z,560,PSR,0,0,County Official, , , , , , , , ,06/04/2020,2000, , , , ,"","Strong high pressure developed over the region at the beginning of the month, leading to excessive heat conditions as temperatures soared near to above 110 degrees. According to the Maricopa County Department of Public Health, 10 heat-associated fatalities occurred during this event.",179
990715,DRIPPING SPRINGS (ZONE), ,06/03/2020,1000,Excessive Heat, , ,0,0,0,0,AZ,MST-7, ,164086,Z,561,PSR,0,0,County Official, , , , , , , , ,06/04/2020,2000, , , , ,"","Strong high pressure developed over the region at the beginning of the month, leading to excessive heat conditions as temperatures soared near to above 110 degrees. According to the Maricopa County Department of Public Health, 10 heat-associated fatalities occurred during this event.",180
990716,GLOBE/MIAMI (ZONE), ,06/03/2020,1000,Excessive Heat, , ,0,0,0,0,AZ,MST-7, ,164086,Z,562,PSR,0,0,County Official, , , , , , , , ,06/04/2020,2000, , , , ,"","Strong high pressure developed over the region at the beginning of the month, leading to excessive heat conditions as temperatures soared near to above 110 degrees. According to the Maricopa County Department of Public Health, 10 heat-associated fatalities occurred during this event.",181
990717,AGUILA VALLEY (ZONE), ,06/03/2020,1000,Excessive Heat, , ,0,0,0,0,AZ,MST-7, ,164086,Z,534,PSR,0,0,County Official, , , , , , , , ,06/04/2020,2000, , , , ,"","Strong high pressure developed over the region at the beginning of the month, leading to excessive heat conditions as temperatures soared near to above 110 degrees. According to the Maricopa County Department of Public Health, 10 heat-associated fatalities occurred during this event.",182
990718,TONOPAH DESERT (ZONE), ,06/03/2020,1000,Excessive Heat, , ,0,0,0,0,AZ,MST-7, ,164086,Z,538,PSR,0,0,County Official, , , , , , , , ,06/04/2020,2000, , , , ,"","Strong high pressure developed over the region at the beginning of the month, leading to excessive heat conditions as temperatures soared near to above 110 degrees. According to the Maricopa County Department of Public Health, 10 heat-associated fatalities occurred during this event.",183
990719,GILA BEND (ZONE), ,06/03/2020,1000,Excessive Heat, , ,0,0,0,0,AZ,MST-7, ,164086,Z,539,PSR,0,0,County Official, , , , , , , , ,06/04/2020,2000, , , , ,"","Strong high pressure developed over the region at the beginning of the month, leading to excessive heat conditions as temperatures soared near to above 110 degrees. According to the Maricopa County Department of Public Health, 10 heat-associated fatalities occurred during this event.",184
990720,SONORAN DESERT NATL MONUMENT (ZONE), ,06/03/2020,1000,Excessive Heat, , ,0,0,0,0,AZ,MST-7, ,164086,Z,559,PSR,0,0,County Official, , , , , , , , ,06/04/2020,2000, , , , ,"","Strong high pressure developed over the region at the beginning of the month, leading to excessive heat conditions as temperatures soared near to above 110 degrees. According to the Maricopa County Department of Public Health, 10 heat-associated fatalities occurred during this event.",185
990721,PARKER VALLEY (ZONE), ,06/03/2020,1000,Excessive Heat, , ,0,0,0,0,AZ,MST-7, ,164086,Z,530,PSR,0,0,County Official, , , , , , , , ,06/04/2020,2000, , , , ,"","Strong high pressure developed over the region at the beginning of the month, leading to excessive heat conditions as temperatures soared near to above 110 degrees. According to the Maricopa County Department of Public Health, 10 heat-associated fatalities occurred during this event.",186
990722,KOFA (ZONE), ,06/03/2020,1000,Excessive Heat, , ,0,0,0,0,AZ,MST-7, ,164086,Z,531,PSR,0,0,County Official, , , , , , , , ,06/04/2020,2000, , , , ,"","Strong high pressure developed over the region at the beginning of the month, leading to excessive heat conditions as temperatures soared near to above 110 degrees. According to the Maricopa County Department of Public Health, 10 heat-associated fatalities occurred during this event.",187
990723,YUMA (ZONE), ,06/03/2020,1000,Excessive Heat, , ,0,0,0,0,AZ,MST-7, ,164086,Z,532,PSR,0,0,County Official, , , , , , , , ,06/04/2020,2000, , , , ,"","Strong high pressure developed over the region at the beginning of the month, leading to excessive heat conditions as temperatures soared near to above 110 degrees. According to the Maricopa County Department of Public Health, 10 heat-associated fatalities occurred during this event.",188
990724,CENTRAL LA PAZ (ZONE), ,06/03/2020,1000,Excessive Heat, , ,0,0,0,0,AZ,MST-7, ,164086,Z,533,PSR,0,0,County Official, , , , , , , , ,06/04/2020,2000, , , , ,"","Strong high pressure developed over the region at the beginning of the month, leading to excessive heat conditions as temperatures soared near to above 110 degrees. According to the Maricopa County Department of Public Health, 10 heat-associated fatalities occurred during this event.",189
905650,TUCSON METRO AREA (ZONE), ,06/03/2020,1200,Excessive Heat, , ,0,0,0,0,AZ,MST-7, ,150188,Z,504,TWC,0,0,Mesonet, , , , , , , , ,06/04/2020,2000, , , , ,"Very hot temperatures 5 to 12 degrees above normal occurred in the western deserts of Pima and southeast Pinal counties, causing the High Heat Risk category to be reached. A number of daily high temperature records were tied or broken. On June 3rd, Ajo set a new record high with 108 degrees while San Manuel topped out one degree shy of a record at 103 degrees. The Tucson International Airport was two shy with a high of 105. Meanwhile, Organ Pipe Cactus National Monument and Picacho both reached 107 and Sells hit 106. On June 4th, Ajo tied a record with 110 degrees as did San Manuel with 104. The Tucson International Airport reached 108 degrees and Sells climbed to 107.","Very hot temperatures were experienced in parts of southeast Arizona from June 3rd through June 5th with high temperatures exceeding established records in many locations. No heat related fatalities were reported.",190
905653,WESTERN PIMA COUNTY (ZONE), ,06/03/2020,1200,Excessive Heat, , ,0,0,0,0,AZ,MST-7, ,150188,Z,501,TWC,0,0,Mesonet, , , , , , , , ,06/04/2020,2000, , , , ,"Very hot temperatures 5 to 12 degrees above normal occurred in the western deserts of Pima and southeast Pinal counties, causing the High Heat Risk category to be reached. A number of daily high temperature records were tied or broken. On June 3rd, Ajo set a new record high with 108 degrees while San Manuel topped out one degree shy of a record at 103 degrees. The Tucson International Airport was two shy with a high of 105. Meanwhile, Organ Pipe Cactus National Monument and Picacho both reached 107 and Sells hit 106. On June 4th, Ajo tied a record with 110 degrees as did San Manuel with 104. The Tucson International Airport reached 108 degrees and Sells climbed to 107.","Very hot temperatures were experienced in parts of southeast Arizona from June 3rd through June 5th with high temperatures exceeding established records in many locations. No heat related fatalities were reported.",191
905645,UPPER SAN PEDRO RIVER VALLEY (ZONE), ,06/03/2020,1200,Excessive Heat, , ,0,0,0,0,AZ,MST-7, ,150188,Z,507,TWC,0,0,Mesonet, , , , , , , , ,06/05/2020,2000, , , , ,"Very hot temperatures 6 to 13 degrees above normal occurred in the valleys of Graham, Cochise and southern Greenlee counties, causing the High Heat Risk category to be reached. A number of daily high temperature records were tied or broken. On June 3rd, highs included 106 degrees at both the Safford Airport and the Ag Station, 105 at Cascabel and 104 at Duncan. On June 4th, both observing locations in Safford set record highs with 108 degrees while Duncan topped out one degree shy of a record at 107. Cascabel reached 108 and San Simon hit 104. On June 5th, new record highs included 111 degrees at Safford Ag Station, 110 at Safford Airport, 108 at San Simon, 107 at Duncan and 106 at McNeal.","Very hot temperatures were experienced in parts of southeast Arizona from June 3rd through June 5th with high temperatures exceeding established records in many locations. No heat related fatalities were reported.",192
905651,SOUTH CENTRAL PINAL COUNTY (ZONE), ,06/03/2020,1200,Excessive Heat, , ,0,0,0,0,AZ,MST-7, ,150188,Z,505,TWC,0,0,Mesonet, , , , , , , , ,06/04/2020,2000, , , , ,"Very hot temperatures 5 to 12 degrees above normal occurred in the western deserts of Pima and southeast Pinal counties, causing the High Heat Risk category to be reached. A number of daily high temperature records were tied or broken. On June 3rd, Ajo set a new record high with 108 degrees while San Manuel topped out one degree shy of a record at 103 degrees. The Tucson International Airport was two shy with a high of 105. Meanwhile, Organ Pipe Cactus National Monument and Picacho both reached 107 and Sells hit 106. On June 4th, Ajo tied a record with 110 degrees as did San Manuel with 104. The Tucson International Airport reached 108 degrees and Sells climbed to 107.","Very hot temperatures were experienced in parts of southeast Arizona from June 3rd through June 5th with high temperatures exceeding established records in many locations. No heat related fatalities were reported.",193
905646,EASTERN COCHISE COUNTY BELOW 5000 FEET (ZONE), ,06/03/2020,1200,Excessive Heat, , ,0,0,0,0,AZ,MST-7, ,150188,Z,508,TWC,0,0,Mesonet, , , , , , , , ,06/05/2020,2000, , , , ,"Very hot temperatures 6 to 13 degrees above normal occurred in the valleys of Graham, Cochise and southern Greenlee counties, causing the High Heat Risk category to be reached. A number of daily high temperature records were tied or broken. On June 3rd, highs included 106 degrees at both the Safford Airport and the Ag Station, 105 at Cascabel and 104 at Duncan. On June 4th, both observing locations in Safford set record highs with 108 degrees while Duncan topped out one degree shy of a record at 107. Cascabel reached 108 and San Simon hit 104. On June 5th, new record highs included 111 degrees at Safford Ag Station, 110 at Safford Airport, 108 at San Simon, 107 at Duncan and 106 at McNeal.","Very hot temperatures were experienced in parts of southeast Arizona from June 3rd through June 5th with high temperatures exceeding established records in many locations. No heat related fatalities were reported.",194
905647,UPPER GILA RIVER AND ARAVAIPA VALLEYS (ZONE), ,06/03/2020,1200,Excessive Heat, , ,0,0,0,0,AZ,MST-7, ,150188,Z,509,TWC,0,0,Mesonet, , , , , , , , ,06/05/2020,2000, , , , ,"Very hot temperatures 6 to 13 degrees above normal occurred in the valleys of Graham, Cochise and southern Greenlee counties, causing the High Heat Risk category to be reached. A number of daily high temperature records were tied or broken. On June 3rd, highs included 106 degrees at both the Safford Airport and the Ag Station, 105 at Cascabel and 104 at Duncan. On June 4th, both observing locations in Safford set record highs with 108 degrees while Duncan topped out one degree shy of a record at 107. Cascabel reached 108 and San Simon hit 104. On June 5th, new record highs included 111 degrees at Safford Ag Station, 110 at Safford Airport, 108 at San Simon, 107 at Duncan and 106 at McNeal.","Very hot temperatures were experienced in parts of southeast Arizona from June 3rd through June 5th with high temperatures exceeding established records in many locations. No heat related fatalities were reported.",195
905652,SOUTHEAST PINAL COUNTY (ZONE), ,06/03/2020,1200,Excessive Heat, , ,0,0,0,0,AZ,MST-7, ,150188,Z,506,TWC,0,0,Mesonet, , , , , , , , ,06/04/2020,2000, , , , ,"Very hot temperatures 5 to 12 degrees above normal occurred in the western deserts of Pima and southeast Pinal counties, causing the High Heat Risk category to be reached. A number of daily high temperature records were tied or broken. On June 3rd, Ajo set a new record high with 108 degrees while San Manuel topped out one degree shy of a record at 103 degrees. The Tucson International Airport was two shy with a high of 105. Meanwhile, Organ Pipe Cactus National Monument and Picacho both reached 107 and Sells hit 106. On June 4th, Ajo tied a record with 110 degrees as did San Manuel with 104. The Tucson International Airport reached 108 degrees and Sells climbed to 107.","Very hot temperatures were experienced in parts of southeast Arizona from June 3rd through June 5th with high temperatures exceeding established records in many locations. No heat related fatalities were reported.",196
905649,UPPER SANTA CRUZ RIVER AND ALTAR VALLEYS (ZONE), ,06/03/2020,1200,Excessive Heat, , ,0,0,0,0,AZ,MST-7, ,150188,Z,503,TWC,0,0,Mesonet, , , , , , , , ,06/04/2020,2000, , , , ,"Very hot temperatures 5 to 12 degrees above normal occurred in the western deserts of Pima and southeast Pinal counties, causing the High Heat Risk category to be reached. A number of daily high temperature records were tied or broken. On June 3rd, Ajo set a new record high with 108 degrees while San Manuel topped out one degree shy of a record at 103 degrees. The Tucson International Airport was two shy with a high of 105. Meanwhile, Organ Pipe Cactus National Monument and Picacho both reached 107 and Sells hit 106. On June 4th, Ajo tied a record with 110 degrees as did San Manuel with 104. The Tucson International Airport reached 108 degrees and Sells climbed to 107.","Very hot temperatures were experienced in parts of southeast Arizona from June 3rd through June 5th with high temperatures exceeding established records in many locations. No heat related fatalities were reported.",197
905648,TOHONO O ODHAM NATION (ZONE), ,06/03/2020,1200,Excessive Heat, , ,0,0,0,0,AZ,MST-7, ,150188,Z,502,TWC,0,0,Mesonet, , , , , , , , ,06/04/2020,2000, , , , ,"Very hot temperatures 5 to 12 degrees above normal occurred in the western deserts of Pima and southeast Pinal counties, causing the High Heat Risk category to be reached. A number of daily high temperature records were tied or broken. On June 3rd, Ajo set a new record high with 108 degrees while San Manuel topped out one degree shy of a record at 103 degrees. The Tucson International Airport was two shy with a high of 105. Meanwhile, Organ Pipe Cactus National Monument and Picacho both reached 107 and Sells hit 106. On June 4th, Ajo tied a record with 110 degrees as did San Manuel with 104. The Tucson International Airport reached 108 degrees and Sells climbed to 107.","Very hot temperatures were experienced in parts of southeast Arizona from June 3rd through June 5th with high temperatures exceeding established records in many locations. No heat related fatalities were reported.",198
892400,LAKE HAVASU AND FORT MOHAVE (ZONE), ,06/03/2020,1200,Excessive Heat, , ,0,0,0,0,AZ,MST-7, ,148207,Z,2,VEF,0,0,Official NWS Observations, , , , , , , , ,06/04/2020,2100, , , , ,"Excessive Heat Warning criteria were reached for two straight days.","Strong high pressure led to widespread Excessive Heat Warning conditions over the Mojave Desert.",199
892401,LAKE MEAD NATIONAL RECREATION AREA (ZONE), ,06/03/2020,1200,Excessive Heat, , ,0,0,0,0,AZ,MST-7, ,148207,Z,36,VEF,0,0,Official NWS Observations, , , , , , , , ,06/04/2020,2100, , , , ,"Excessive Heat Warning criteria were reached for two straight days.","Strong high pressure led to widespread Excessive Heat Warning conditions over the Mojave Desert.",200
887598,LITTLE COLORADO RIVER VALLEY IN COCONINO COUNTY (ZONE), ,06/05/2020,13,High Wind,50.00, ,0,0,0,0,AZ,MST-7,MG,147553,Z,12,FGZ,0,0,Mesonet, , , , , , , , ,06/05/2020,13, , , , ,"The ADOT wind sensor at Two Guns measured a peak wind gust of 58 MPH at 513 PM.","A weak low pressure system cross northern Arizona with strong gusty winds, showers, and thunderstorms.",201
907527,CHIRICAHUA MOUNTAINS (ZONE), ,06/05/2020,1330,Wildfire, , ,0,0,0,0,AZ,MST-7, ,150533,Z,512,TWC,0,0,Park/Forest Service, , , , , , , , ,06/14/2020,1500, , , , ,"Lightning started the Emigrant Fire north of the Chiricahua National Monument on June 5th. The fire was spread rapidly by strong winds  and consumed 4756 acres before becoming fully contained June 14th.","Lightning started the Emigrant Fire in the Chiricahua Mountains of Cochise County on June 5th. The fire consumed 4756 acres before becoming fully contained June 14th. Fire suppression costs were estimated at $800,000.",202
907531,WHITE MOUNTAINS OF GRAHAM AND GREENLEE COUNTIES (ZONE), ,06/05/2020,1600,Wildfire, , ,0,0,0,0,AZ,MST-7, ,150534,Z,510,TWC,0,0,Other Federal Agency, , , , , , , , ,06/24/2020,1200, , , , ,"Lightning started the Dry Lake Fire on San Carlos Apache Tribe lands 22 miles northeast of Bylas on June 5th. The fire was spread rapidly by strong winds and consumed 4369 acres before becoming fully contained June 24th.","Lightning started the Dry Lake Fire on San Carlos Apache Tribe lands in Graham County on June 5th. The fire was spread rapidly by strong winds and consumed 4369 acres before becoming fully contained June 24th. Fire suppression costs were estimated at $100,000.",203
907539,SOUTHEAST PINAL COUNTY (ZONE), ,06/05/2020,2115,Wildfire, , ,0,0,0,0,AZ,MST-7, ,150535,Z,506,TWC,0,0,State Official, , , , , , , , ,06/11/2020,1540, , , , ,"Lightning started the Tortolita Mountains west of Catalina on June 5th. The fire was spread rapidly by strong winds and consumed 3140 acres before becoming fully contained June 11th.","Lightning started the Tortolita Mountains in far southern Pinal County on June 5th. The fire was spread rapidly by strong winds and consumed 3140 acres before becoming fully contained June 11th.  Fire suppression costs were estimated at $240,000.",204
907564,SANTA CATALINA AND RINCON MOUNTAINS (ZONE), ,06/05/2020,2222,Wildfire, , ,0,5,0,0,AZ,MST-7, ,150275,Z,514,TWC,2,0,Park/Forest Service, , , , , , , , ,06/30/2020,2359, , , , ,"Lightning started the Bighorn Fire on the west side of the Santa Catalina Mountains during the evening of June 5th.  The fire spread rapidly over the subsequent days and weeks, driven by multiple days of strong winds. Residents of Summerhaven, nearby mountain communities and those on the periphery of the mountains from the Catalina Foothills to southern Pinal County and near Redington Road were evacuated at times, but no structures were damaged by the fire. Five firefighters suffered from heat-related illness while two other personnel sustained minor injuries battling the fire during June.  By the end of the month, the fire consumed over 118,00 acres, but was only 59% contained.  The fire became fully contained on July 23rd after a total of 119,978 acres burned.","Lightning ignited the Bighorn Fire on the west side of the Santa Catalina Mountains during the evening of June 5th. The fire spread rapidly over the subsequent days and weeks, driven by multiple days of strong winds before becoming fully contained on July 23rd after consuming a total of 119,978 acres. Residents were evacuated at times and a total of nine firefighters sustained minor injuries while fighting the fire. While no property damage occurred, the cost of fighting the fire was estimated at $44 million.",205
906057,TUCSON METRO AREA (ZONE), ,06/05/2020,2222,Wildfire, , ,0,0,0,0,AZ,MST-7, ,150275,Z,504,TWC,0,0,Park/Forest Service, , , , , , , , ,06/30/2020,2359, , , , ,"Lightning started the Bighorn Fire on the west side of the Santa Catalina Mountains during the evening of June 5th.  The fire spread rapidly over the subsequent days and weeks, driven by multiple days of strong winds. Residents of Summerhaven, nearby mountain communities and those on the periphery of the mountains from the Catalina Foothills to southern Pinal County and near Redington Road were evacuated at times, but no structures were damaged by the fire. Five firefighters suffered from heat-related illness while two other personnel sustained minor injuries battling the fire during June.  By the end of the month, the fire consumed over 118,00 acres, but was only 59% contained.  The fire became fully contained on July 23rd after a total of 119,978 acres burned.","Lightning ignited the Bighorn Fire on the west side of the Santa Catalina Mountains during the evening of June 5th. The fire spread rapidly over the subsequent days and weeks, driven by multiple days of strong winds before becoming fully contained on July 23rd after consuming a total of 119,978 acres. Residents were evacuated at times and a total of nine firefighters sustained minor injuries while fighting the fire. While no property damage occurred, the cost of fighting the fire was estimated at $44 million.",206
907562,SOUTHEAST PINAL COUNTY (ZONE), ,06/05/2020,2222,Wildfire, , ,0,0,0,0,AZ,MST-7, ,150275,Z,506,TWC,0,0,Park/Forest Service, , , , , , , , ,06/30/2020,2359, , , , ,"Lightning started the Bighorn Fire on the west side of the Santa Catalina Mountains during the evening of June 5th.  The fire spread rapidly over the subsequent days and weeks, driven by multiple days of strong winds. Elevations below 5000 feet both east and west of the northern reaches of the Santa Catalina Mountains in Pinal County were burned after June 27th. Residents of Summerhaven, nearby mountain communities and those on the periphery of the mountains from the Catalina Foothills to southern Pinal County and near Redington Road were evacuated at times, but no structures were damaged by the fire. Five firefighters suffered from heat-related illness while two other personnel sustained minor injuries battling the fire during June.  By the end of the month, the fire consumed over 118,00 acres, but was only 59% contained.  The fire became fully contained on July 23rd after a total of 119,978 acres burned.","Lightning ignited the Bighorn Fire on the west side of the Santa Catalina Mountains during the evening of June 5th. The fire spread rapidly over the subsequent days and weeks, driven by multiple days of strong winds before becoming fully contained on July 23rd after consuming a total of 119,978 acres. Residents were evacuated at times and a total of nine firefighters sustained minor injuries while fighting the fire. While no property damage occurred, the cost of fighting the fire was estimated at $44 million.",207
907563,UPPER SAN PEDRO RIVER VALLEY (ZONE), ,06/05/2020,2222,Wildfire, , ,0,0,0,0,AZ,MST-7, ,150275,Z,507,TWC,0,0,Park/Forest Service, , , , , , , , ,06/30/2020,2359, , , , ,"Lightning started the Bighorn Fire on the west side of the Santa Catalina Mountains during the evening of June 5th.  The fire spread rapidly over the subsequent days and weeks, driven by multiple days of strong winds. Elevations below 5000 feet east of the  Santa Catalina Mountains in northeast Pima County were burned after June 27th.  Residents of Summerhaven, nearby mountain communities and those on the periphery of the mountains from the Catalina Foothills to southern Pinal County and near Redington Road were evacuated at times, but no structures were damaged by the fire. Five firefighters suffered from heat-related illness while two other personnel sustained minor injuries battling the fire during June.  By the end of the month, the fire consumed over 118,00 acres, but was only 59% contained.  The fire became fully contained on July 23rd after a total of 119,978 acres burned.","Lightning ignited the Bighorn Fire on the west side of the Santa Catalina Mountains during the evening of June 5th. The fire spread rapidly over the subsequent days and weeks, driven by multiple days of strong winds before becoming fully contained on July 23rd after consuming a total of 119,978 acres. Residents were evacuated at times and a total of nine firefighters sustained minor injuries while fighting the fire. While no property damage occurred, the cost of fighting the fire was estimated at $44 million.",208
990629,CENTRAL PHOENIX (ZONE), ,06/06/2020,0,Excessive Heat, , ,2,0,0,0,AZ,MST-7, ,164086,Z,543,PSR,0,0,County Official, , , , , , , , ,06/06/2020,2359, , , , ,"Two direct fatalities were reported by the Maricopa County Department of Public Health, with their details, such as age, gender, circumstances and location unavailable.","Strong high pressure developed over the region at the beginning of the month, leading to excessive heat conditions as temperatures soared near to above 110 degrees. According to the Maricopa County Department of Public Health, 10 heat-associated fatalities occurred during this event.",209
887597,COCONINO CO.,VALLE,06/06/2020,30,Thunderstorm Wind,55.00, ,0,0,0,0,AZ,MST-7,EG,147553,C,5,FGZ,0,0,Public, , , ,3,E,8,S,GRAND CANYON ARPT,06/06/2020,30,35.65,-112.15,35.74,-112.0548,"A hanger at the Valle Airport was lifted and moved 100 yards away. This was likely due to a down-burst.","A weak low pressure system cross northern Arizona with strong gusty winds, showers, and thunderstorms.",210
887600,GRAND CANYON COUNTRY (ZONE), ,06/06/2020,118,High Wind,54.00, ,0,0,0,0,AZ,MST-7,MG,147553,Z,6,FGZ,0,0,ASOS, , , , , , , , ,06/06/2020,118, , , , ,"The ASOS at the Grand Canyon Airport measured a peak wind gust of 62 MPH at 118 AM.","A weak low pressure system cross northern Arizona with strong gusty winds, showers, and thunderstorms.",211
887599,LITTLE COLORADO RIVER VALLEY IN APACHE COUNTY (ZONE), ,06/06/2020,815,High Wind,59.00, ,0,0,0,0,AZ,MST-7,MG,147553,Z,14,FGZ,0,0,ASOS, , , , , , , , ,06/06/2020,1035, , , , ,"The Springerville ASOS measured a peak wind gust of 68 MPH at 945 AM.  The wind gusts were 58 MPH or higher from 815 to 1035 AM.","A weak low pressure system cross northern Arizona with strong gusty winds, showers, and thunderstorms.",212
907515,WHITE MOUNTAINS OF GRAHAM AND GREENLEE COUNTIES (ZONE), ,06/06/2020,908,Wildfire, , ,0,0,0,0,AZ,MST-7, ,150529,Z,510,TWC,0,0,Park/Forest Service, , , , , , , , ,06/30/2020,2359, , , , ,"Lightning ignited the Bringham Fire in the White Mountains 22 miles north of Morenci, on June 6th. The fire spread rapidly, driven by multiple days of strong winds.  Over 30 miles of U.S. Highway 191 were closed to traffic for most of the duration of the wildfire.  By the end of the month, the fire consumed its maximum acreage of 23,142 acres, but was only 40% contained. Full containment of 100% did not occur until July 29th.","Lightning ignited the Bringham Fire in the White Mountains 22 miles north of Morenci, on June 6th. The fire spread rapidly, driven by multiple days of strong winds before becoming fully contained on July 29th after consuming a total of 23,142 acres. The cost of fighting the fire was estimated at over $9 million.",213
895930,BLACK MESA AREA (ZONE), ,06/08/2020,1500,Wildfire, , ,0,0,0,0,AZ,MST-7, ,148724,Z,39,FGZ,0,0,NWS Employee, , , , , , , , ,06/30/2020,2359, , , , ,"The Mangum Fire (pronounced Mang-Um) was ignited on the afternoon of June 8th, 2020 approximately 7 miles SW of Jacob Lake, AZ. As of 6/29/20, the cause is still under investigation. In the period from the start of the fire through the end of June, the area experienced a prolonged dry period with afternoon humidity routinely below 15% and poor overnight humidity recovery. Temperatures generally trended upward, with high temperatures ranging from the low-70s to mid-80s for the majority of the period. No precipitation was observed during the Month of June, although is not abnormal as June is climatologically the driest month of the year.||The fire area was included in a Red Flag Warning on June 12th, 13th and 16th. Afternoon humidity in the low-teens to single digits was observed, with wind gusts into the 30 to 40 mph range  On June 12th, the fire made an approximately 10 mile run to the northeast. The fire put up impressive, but sheared, pyro-cumulus columns on several occasions.||Following the Red Flag Conditions on June 16th, winds shifted to the west behind a dry frontal boundary. High pressure led to warm, dry and breezy conditions that generally persisted through June 27th. Another round of Red Flag Conditions due to the passage of a potent, but dry low pressure system occurred on June 28th and 29th. The fire showed very little activity during these latter Red Flag events, and the team transitioned with a Type 3 Team on June 30th.","The Mangum Fire (named after the Mangum Family) started on the afternoon of June 8, 2020.  It burned northeast up and over the Kaibab Plateau and Highway 89A between Jacobs Lake and Kanab, Utah.  The total acreage was 71,450.",214
990633,CENTRAL PHOENIX (ZONE), ,06/12/2020,0,Heat, , ,1,0,0,0,AZ,MST-7, ,164088,Z,543,PSR,0,0,County Official, , , , , , , , ,06/12/2020,2359, , , , ,"One direct fatality was reported by the Maricopa County Department of Public Health, with their details, such as age, gender, circumstances and location unavailable.","Strengthening high pressure building into the region led to temperatures climbing to 110 degrees in Phoenix on the 12th. According to the Maricopa County Department of Public Health, one heat-associated fatality occurred on this day.",215
914536,RIO VERDE/SALT RIVER (ZONE), ,06/13/2020,1400,Wildfire, , ,0,0,1000000,0,AZ,MST-7, ,151817,Z,547,PSR,0,0,Park/Forest Service, , , , , , , , ,06/30/2020,2359, , , , ,"The Bush fire began after a car caught fire near the intersection of Bush Hwy and Hwy-87. Hwy-87 was closed between Bush Hwy and Hwy-188 for an extended period of time. A portion of Bush Hwy was also closed for a time. Multiple communities were given evacuation orders, including Sunflower and the Apache Lake area in Maricopa county and Punkin Center and Tonto Basin in Gila county. High to extreme fire danger through much of June, with hot, dry, and windy weather conditions, supported the wildfire's rapid spread. No rain fell over the fire area through the duration of the burn and one Red Flag Warning was issued for June 28th and 29th. The Bush fire finally became 100% contained on July 4th and ended up burning 193,455 acres, making it the 5th largest wildfire in Arizona history. Fortunately, no homes or structures were destroyed and no one was injured or killed as firefighters were able to mostly contain the fire between Hwy-87, Hwy-188, and the Salt river. The fire did damage portions of Hwy-87 and Hwy-188 according to Arizona Department of Transportation (ADOT), including guardrails. For information only, ADOT estimated repair, cleanup, labor, and other miscellaneous costs at around $6 million for this wildfire.","After two consecutive years with a wet winter, the desert wildland-urban interface north and east of Phoenix saw a boost in vegetative growth. Drying of the vegetation/fuels and extended periods of high to extreme fire weather conditions helped support the rapid growth of a wildfire that developed in mid-June when a car caught fire on Hwy-87, northeast of the Phoenix metro area in eastern Maricopa. The fire was named the Bush fire and ended up becoming one of the largest fires in AZ history after spreading across the Four Peaks wilderness, into parts of Gila county, and was not fully contained until early-July.",216
904964,COCHISE CO.,BISBEE,06/15/2020,1400,Hail,0.75, ,0,0,0,0,AZ,MST-7, ,150089,C,3,TWC,0,0,Trained Spotter, , , ,2,ESE,2,ESE,BISBEE,06/15/2020,1400,31.42,-109.88,31.42,-109.88,"","Thunderstorms developed and moved northeast across Cochise, Graham and Greenlee counties. One storm produced large hail in Bisbee.",217
904965,COCHISE CO.,DOUGLAS,06/16/2020,1600,Hail,0.75, ,0,0,0,0,AZ,MST-7, ,150090,C,3,TWC,0,0,Trained Spotter, , , ,1,ESE,1,ESE,DOUGLAS,06/16/2020,1600,31.34,-109.53,31.34,-109.53,"","Thunderstorms developed and moved northeast across Cochise, Graham and Greenlee counties. One storm produced large hail in Douglas.",218
895872,NORTHERN GILA COUNTY (ZONE), ,06/18/2020,300,Wildfire, , ,0,0,1000000,0,AZ,MST-7, ,148715,Z,18,FGZ,0,0,NWS Storm Survey, , , , , , , , ,06/25/2020,1800, , , , ,"The Bush Fire burned over 20,000 acres of ranch land (cattle grazing) in Gila County. Much of the 30 mile pipe line used for providing water to the over 300 head of cattle was burned on just one ranch. Many miles of fence posts were burned. The burned land significantly increased the treat of flash flooding in Slate Creek.","The Bush Fire started June 13 at around 2:00 PM along Highway 87 in Maricopa County (Weather Forecast Office Phoenix's County Warning Area). The fire moved north and crossed over into WFO Flagstaff's County Warning Area on June 18 and continued moving northward between Highway 87 and 188 on June 19. The Bush Fire burned more than 193,400 acres total in both Maricopa and Gila counties.",219
906033,TOHONO O ODHAM NATION (ZONE), ,06/21/2020,1100,Heat, , ,1,0,0,0,AZ,MST-7, ,150264,Z,502,TWC,0,0,County Official, , , , , , , , ,06/21/2020,2000, , , , ,"Above normal temperatures occurred in south central Pima County on June 21st. High temperatures included 106 degrees at Sells and 104 degrees at Sasabe. The Pima County Medical Examiner confirmed that heat was the primary cause of death for one adult male 2 miles southwest of Topawa, on the Tohono O'odham Nation.","Above normal temperatures occurred in southeast Arizona on June 21st with high temperatures around 105 degrees on the Tohono O'odham Nation. The Pima County Medical Examiner confirmed that heat was the primary cause of death for one adult male south of Sells.",220
914789,CAVE CREEK/NEW RIVER (ZONE), ,06/23/2020,1535,Wildfire, , ,0,0,0,0,AZ,MST-7, ,151850,Z,541,PSR,0,0,Other Federal Agency, , , , , , , , ,06/26/2020,1020, , , , ,"In the afternoon on the 23rd, a wildfire developed in heavy vegetation of the Skunk creek basin near I-17 and Carefree Hwy and spread northeast within the basin, which runs between the neighborhoods of the area. The fire quickly led to the evacuation of more than 200 homes. Despite the gritty efforts of the firefighter and emergency responders, 1 home was destroyed and 5 secondary structures were also destroyed. Slurry was dumped on multiple homes and property as a part of the fighting effort. Multiple power lines were also reportedly damaged or destroyed, which led to many homes losing power. The fire became fully contained in the morning of the 26th after burning 893 acres.","After two consecutive years with a wet winter, the desert wildland-urban interface north and east of Phoenix saw a boost in vegetative growth. Drying of the vegetation/fuels and extended periods of high fire weather conditions helped support the spread of a wildfire that developed in a populated area just north of the Phoenix metro area.",221
990650,CENTRAL PHOENIX (ZONE), ,06/24/2020,0,Heat, , ,1,0,0,0,AZ,MST-7, ,164090,Z,543,PSR,0,0,County Official, , , , , , , , ,06/24/2020,2359, , , , ,"One direct fatality was reported by the Maricopa County Department of Public Health, with their details, such as age, gender, circumstances and location unavailable.","Strong high pressure over the Desert Southwest led to temperatures climbing at or above 110 degrees in Phoenix for several days at the end of the month. According to the Maricopa County Department of Public Health, 6 heat-associated fatalities occurred during this time.",222
990651,CENTRAL PHOENIX (ZONE), ,06/25/2020,0,Heat, , ,1,0,0,0,AZ,MST-7, ,164090,Z,543,PSR,0,0,County Official, , , , , , , , ,06/25/2020,2359, , , , ,"One direct fatality was reported by the Maricopa County Department of Public Health, with their details, such as age, gender, circumstances and location unavailable.","Strong high pressure over the Desert Southwest led to temperatures climbing at or above 110 degrees in Phoenix for several days at the end of the month. According to the Maricopa County Department of Public Health, 6 heat-associated fatalities occurred during this time.",223
990653,CENTRAL PHOENIX (ZONE), ,06/26/2020,0,Heat, , ,3,0,0,0,AZ,MST-7, ,164090,Z,543,PSR,0,0,County Official, , , , , , , , ,06/26/2020,2359, , , , ,"Three direct fatalities were reported by the Maricopa County Department of Public Health, with their details, such as age, gender, circumstances and location unavailable.","Strong high pressure over the Desert Southwest led to temperatures climbing at or above 110 degrees in Phoenix for several days at the end of the month. According to the Maricopa County Department of Public Health, 6 heat-associated fatalities occurred during this time.",224
906040,GRAHAM CO.,SOLOMON,06/27/2020,1441,Thunderstorm Wind,54.00, ,0,0,0,0,AZ,MST-7,MG,150268,C,9,TWC,0,0,ASOS, , , ,2,NNW,10,E,SANCHEZ,06/27/2020,1525,32.85,-109.63,32.8833,-109.3632,"A thunderstorm wind gust of 62 mph occurred at Safford Airport.  The storm continued into Greenlee County and produced a gust of 59 mph at Guthrie RAWS.","Thunderstorms moved east across Cochise, Graham and Greenlee counties and some  produced severe wind gusts.  Outbuildings sustained thunderstorm wind damage west of Douglas.",225
906053,COCHISE CO.,PIRTLEVILLE,06/27/2020,1445,Thunderstorm Wind,52.00, ,0,0,20000,0,AZ,MST-7,EG,150268,C,3,TWC,0,0,Broadcast Media, , , ,3,W,3,W,PIRTLEVILLE,06/27/2020,1445,31.3564,-109.6171,31.3564,-109.6171,"Thunderstorms winds caused considerable damage to a corrugated metal building used as a garage.  While the vehicle inside the building only sustained small dents from falling lumber, only one wall of the building was left standing.","Thunderstorms moved east across Cochise, Graham and Greenlee counties and some  produced severe wind gusts.  Outbuildings sustained thunderstorm wind damage west of Douglas.",226
906043,GREENLEE CO.,GUTHRIE,06/27/2020,1525,Thunderstorm Wind,51.00, ,0,0,0,0,AZ,MST-7,MG,150268,C,11,TWC,0,0,RAWS, , , ,8,SW,6,SW,GUTHRIE,06/27/2020,1530,32.8843,-109.3573,32.8878,-109.314,"A severe thunderstorm in Graham County that produced a wind gust of 62 mph at Safford Airport continued east and produced a wind gust of 59 mph at Guthrie RAWS.","Thunderstorms moved east across Cochise, Graham and Greenlee counties and some  produced severe wind gusts.  Outbuildings sustained thunderstorm wind damage west of Douglas.",227
906055,GRAHAM CO.,SOLOMON,06/27/2020,1707,Thunderstorm Wind,50.00, ,0,0,0,0,AZ,MST-7,MG,150268,C,9,TWC,0,0,ASOS, , , ,2,NNW,2,NNW,SOLOMON,06/27/2020,1707,32.85,-109.63,32.85,-109.63,"A thunderstorm wind gust of 58 mph occurred at Safford Airport.","Thunderstorms moved east across Cochise, Graham and Greenlee counties and some  produced severe wind gusts.  Outbuildings sustained thunderstorm wind damage west of Douglas.",228
906030,TOHONO O ODHAM NATION (ZONE), ,06/28/2020,1100,Heat, , ,1,0,0,0,AZ,MST-7, ,150265,Z,502,TWC,0,0,County Official, , , , , , , , ,06/28/2020,2000, , , , ,"Above normal temperatures occurred in south central Pima County on June 28th. High temperatures included 98 degrees at Sells and 103 degrees at Sasabe. The Pima County Medical Examiner confirmed that heat was the primary cause of death for one young adult  male 5 miles southwest of Topawa, on the Tohono O'odham Nation.","Above normal temperatures occurred in southeast Arizona on June 28th with high temperatures around 100 degrees on the Tohono O'odham Nation. The Pima County Medical Examiner confirmed that heat was the primary cause of death for one young adult male south of Sells.",229
990655,CENTRAL PHOENIX (ZONE), ,06/28/2020,1700,Heat, , ,1,0,0,0,AZ,MST-7, ,164090,Z,543,PSR,0,0,County Official, , , , , , , , ,06/28/2020,1700, , , , ,"One direct fatality reported by the Maricopa County Department of Public Health, with their details, such as age, gender, circumstances and location unavailable.","Strong high pressure over the Desert Southwest led to temperatures climbing at or above 110 degrees in Phoenix for several days at the end of the month. According to the Maricopa County Department of Public Health, 6 heat-associated fatalities occurred during this time.",230
912338,SANTA CATALINA AND RINCON MOUNTAINS (ZONE), ,07/01/2020,0,Wildfire, , ,0,0,0,0,AZ,MST-7, ,150528,Z,514,TWC,2,0,Park/Forest Service, , , , , , , , ,07/23/2020,1200, , , , ,"Lightning started the Bighorn Fire on the west side of the Santa Catalina Mountains during the evening of June 5th. The fire spread rapidly over the subsequent days and weeks, driven by multiple days of strong winds. Residents of Summerhaven, nearby mountain communities and those on the periphery of the mountains from the Catalina Foothills to southern Pinal County and near Redington Road were evacuated at times, but no structures were damaged by the fire. Two firefighters sustained minor injuries battling the fire during July, bringing the total number of injured personnel fighting the fire to nine.  The fire became fully contained on July 23rd after a total of 119,978 acres burned.","Lightning ignited the Bighorn Fire on the west side of the Santa Catalina Mountains during the evening of June 5th. The fire spread rapidly over the subsequent days and weeks, driven by multiple days of strong winds before becoming fully contained on July 23rd. The fire consumed a total of 119,987 acres. Residents were evacuated at times and a total of nine firefighters sustained minor injuries while fighting the fire. While no property damage occurred, the cost of fighting the fire was estimated at $44 million.",231
912335,TUCSON METRO AREA (ZONE), ,07/01/2020,0,Wildfire, , ,0,0,0,0,AZ,MST-7, ,150528,Z,504,TWC,0,0,Park/Forest Service, , , , , , , , ,07/23/2020,1200, , , , ,"Lightning started the Bighorn Fire on the west side of the Santa Catalina Mountains during the evening of June 5th. The fire spread rapidly over the subsequent days and weeks, driven by multiple days of strong winds. Residents of Summerhaven, nearby mountain communities and those on the periphery of the mountains from the Catalina Foothills to southern Pinal County and near Redington Road were evacuated at times, but no structures were damaged by the fire. Two firefighters sustained minor injuries battling the fire during July, bringing the total number of injured personnel fighting the fire to nine.  The fire became fully contained on July 23rd after a total of 119,978 acres burned.","Lightning ignited the Bighorn Fire on the west side of the Santa Catalina Mountains during the evening of June 5th. The fire spread rapidly over the subsequent days and weeks, driven by multiple days of strong winds before becoming fully contained on July 23rd. The fire consumed a total of 119,987 acres. Residents were evacuated at times and a total of nine firefighters sustained minor injuries while fighting the fire. While no property damage occurred, the cost of fighting the fire was estimated at $44 million.",232
907516,WHITE MOUNTAINS OF GRAHAM AND GREENLEE COUNTIES (ZONE), ,07/01/2020,0,Wildfire, , ,0,0,0,0,AZ,MST-7, ,150531,Z,510,TWC,0,0,Park/Forest Service, , , , , , , , ,07/29/2020,0, , , , ,"Lightning ignited the Bringham Fire in the White Mountains 22 miles north of Morenci, on June 6th. The fire spread rapidly, driven by multiple days of strong winds. Over 30 miles of U.S. Highway 191 were closed to traffic for most of the duration of the wildfire. By the end of June, the fire consumed its maximum acreage of 23,142 acres, but was only 40% contained. Full containment of 100% did not occur until July 29th.","Lightning ignited the Bringham Fire in the White Mountains 22 miles north of Morenci, on June 6th. The fire spread rapidly, driven by multiple days of strong winds before becoming fully contained on July 29th after consuming a total of 23,142 acres. The cost of fighting the fire was estimated at over $9 million.",233
912336,SOUTHEAST PINAL COUNTY (ZONE), ,07/01/2020,0,Wildfire, , ,0,0,0,0,AZ,MST-7, ,150528,Z,506,TWC,0,0,Park/Forest Service, , , , , , , , ,07/23/2020,1200, , , , ,"Lightning started the Bighorn Fire on the west side of the Santa Catalina Mountains during the evening of June 5th. The fire spread rapidly over the subsequent days and weeks, driven by multiple days of strong winds. Residents of Summerhaven, nearby mountain communities and those on the periphery of the mountains from the Catalina Foothills to southern Pinal County and near Redington Road were evacuated at times, but no structures were damaged by the fire. Two firefighters sustained minor injuries battling the fire during July, bringing the total number of injured personnel fighting the fire to nine.  The fire became fully contained on July 23rd after a total of 119,978 acres burned.","Lightning ignited the Bighorn Fire on the west side of the Santa Catalina Mountains during the evening of June 5th. The fire spread rapidly over the subsequent days and weeks, driven by multiple days of strong winds before becoming fully contained on July 23rd. The fire consumed a total of 119,987 acres. Residents were evacuated at times and a total of nine firefighters sustained minor injuries while fighting the fire. While no property damage occurred, the cost of fighting the fire was estimated at $44 million.",234
912337,UPPER SAN PEDRO RIVER VALLEY (ZONE), ,07/01/2020,0,Wildfire, , ,0,0,0,0,AZ,MST-7, ,150528,Z,507,TWC,0,0,Park/Forest Service, , , , , , , , ,07/23/2020,1200, , , , ,"Lightning started the Bighorn Fire on the west side of the Santa Catalina Mountains during the evening of June 5th. The fire spread rapidly over the subsequent days and weeks, driven by multiple days of strong winds. Residents of Summerhaven, nearby mountain communities and those on the periphery of the mountains from the Catalina Foothills to southern Pinal County and near Redington Road were evacuated at times, but no structures were damaged by the fire. Two firefighters sustained minor injuries battling the fire during July, bringing the total number of injured personnel fighting the fire to nine.  The fire became fully contained on July 23rd after a total of 119,978 acres burned.","Lightning ignited the Bighorn Fire on the west side of the Santa Catalina Mountains during the evening of June 5th. The fire spread rapidly over the subsequent days and weeks, driven by multiple days of strong winds before becoming fully contained on July 23rd. The fire consumed a total of 119,987 acres. Residents were evacuated at times and a total of nine firefighters sustained minor injuries while fighting the fire. While no property damage occurred, the cost of fighting the fire was estimated at $44 million.",235
912852,PIMA CO.,GREATERVILLE,07/02/2020,1600,Thunderstorm Wind,58.00, ,0,0,0,0,AZ,MST-7,MG,151482,C,19,TWC,0,0,RAWS, , , ,7,ENE,7,ENE,GREATERVILLE,07/02/2020,1600,31.7835,-110.6433,31.7835,-110.6433,"Thunderstorm outflow winds produced a gust to 67 mph at Empire RAWS.","Isolated to scattered thunderstorms developed and moved north across southeast Arizona, primarily south of Interstate 10.  One storm caused flash flooding in southern Cochise County and another produced severe wind gusts in the Empire Mountains.",236
912868,COCHISE CO.,CHARLESTON,07/02/2020,1630,Flash Flood, , ,0,0,1000,0,AZ,MST-7, ,151482,C,3,TWC,0,0,Law Enforcement,Heavy Rain, , ,9,ESE,5,SSE,CHARLESTON,07/02/2020,1800,31.5626,-110.0352,31.5615,-110.1371,"Radar rainfall estimates of over 1 inch in the northwest Mule Mountains caused streams flowing west toward the San Pedro River to rise markedly. A vehicle became stuck in nearly two feet of water flowing across High Knoll Road.","Isolated to scattered thunderstorms developed and moved north across southeast Arizona, primarily south of Interstate 10.  One storm caused flash flooding in southern Cochise County and another produced severe wind gusts in the Empire Mountains.",237
896866,NORTHERN GILA COUNTY (ZONE), ,07/03/2020,1400,Wildfire, , ,0,0,0,0,AZ,MST-7, ,148859,Z,18,FGZ,0,1,NWS Employee, , , , , , , , ,07/25/2020,1800, , , , ,"The fire started on 7/3 as the result of lightning from isolated thunderstorms in the area. The fire is only accessible by helicopter and 2 hotshot crews were shuttled into the fire by helicopter on 7/3. High sustained winds out of the southwest and low humidity in the fire area caused increased fire behavior on the afternoon of 7/4 pushing the fire north and northeast. Airtankers and helicopters supported the hotshot crews on the fireline through the day. A pilot died on July 7 when his helicopter crashed while transporting supplies for fire fighting operations.","The Polles Fire (pronounced Poll-E) burned burning in the Mazatzal Wilderness on top of the Polles Mesa, approximately 11 miles west of Payson, AZ and 6 miles south of Pine-Strawberry, AZ.  It eventually burned 638 acres.",238
991997,CENTRAL PHOENIX (ZONE), ,07/03/2020,1700,Heat, , ,2,0,0,0,AZ,MST-7, ,164331,Z,543,PSR,0,0,County Official, , , , , , , , ,07/03/2020,1700, , , , ,"Two heat-associated fatalities were reported by the Maricopa County Department of Public Health, with their details, such as age, gender, circumstances and location unavailable.","Strong high pressure centered over the Desert Southwest allowed for temperatures to reach or exceed 110 degrees during the early part of July. According to the Maricopa County Department of Public Health, 18 heat-associated fatalities occurred during this time.",239
991998,CENTRAL PHOENIX (ZONE), ,07/04/2020,0,Heat, , ,1,0,0,0,AZ,MST-7, ,164331,Z,543,PSR,0,0,County Official, , , , , , , , ,07/04/2020,2359, , , , ,"One heat-associated fatality was reported by the Maricopa County Department of Public Health, with their details, such as age, gender, circumstances and location unavailable.","Strong high pressure centered over the Desert Southwest allowed for temperatures to reach or exceed 110 degrees during the early part of July. According to the Maricopa County Department of Public Health, 18 heat-associated fatalities occurred during this time.",240
991999,CENTRAL PHOENIX (ZONE), ,07/05/2020,0,Heat, , ,3,0,0,0,AZ,MST-7, ,164331,Z,543,PSR,0,0,County Official, , , , , , , , ,07/05/2020,2359, , , , ,"Three heat-associated fatalities were reported by the Maricopa County Department of Public Health, with their details, such as age, gender, circumstances and location unavailable.","Strong high pressure centered over the Desert Southwest allowed for temperatures to reach or exceed 110 degrees during the early part of July. According to the Maricopa County Department of Public Health, 18 heat-associated fatalities occurred during this time.",241
912411,EASTERN COCHISE COUNTY BELOW 5000 FEET (ZONE), ,07/05/2020,1000,Heat, , ,1,0,0,0,AZ,MST-7, ,151401,Z,508,TWC,0,0,County Official, , , , , , , , ,07/05/2020,2000, , , , ,"Above normal temperatures occurred in southeast Cochise County on July 5th. High temperatures included 101 degrees at Tombstone and 103 at McNeal. The Pima County Medical Examiner confirmed that heat was the primary cause of death for one adult male 5 miles west of Douglas.","Above normal temperatures occurred in southeast Arizona on July 5th with high temperatures just above 100 degrees in southeast Cochise County. The Pima County Medical Examiner confirmed that heat was the primary cause of death for one adult male west of Douglas.",242
992000,CENTRAL PHOENIX (ZONE), ,07/06/2020,0,Heat, , ,4,0,0,0,AZ,MST-7, ,164331,Z,543,PSR,0,0,County Official, , , , , , , , ,07/06/2020,2359, , , , ,"Four heat-associated fatalities were reported by the Maricopa County Department of Public Health, with their details, such as age, gender, circumstances and location unavailable.","Strong high pressure centered over the Desert Southwest allowed for temperatures to reach or exceed 110 degrees during the early part of July. According to the Maricopa County Department of Public Health, 18 heat-associated fatalities occurred during this time.",243
992001,CENTRAL PHOENIX (ZONE), ,07/07/2020,0,Heat, , ,5,0,0,0,AZ,MST-7, ,164331,Z,543,PSR,0,0,County Official, , , , , , , , ,07/07/2020,2359, , , , ,"Five heat-associated fatalities were reported by the Maricopa County Department of Public Health, with their details, such as age, gender, circumstances and location unavailable.","Strong high pressure centered over the Desert Southwest allowed for temperatures to reach or exceed 110 degrees during the early part of July. According to the Maricopa County Department of Public Health, 18 heat-associated fatalities occurred during this time.",244
992002,CENTRAL PHOENIX (ZONE), ,07/08/2020,0,Heat, , ,3,0,0,0,AZ,MST-7, ,164331,Z,543,PSR,0,0,County Official, , , , , , , , ,07/08/2020,2359, , , , ,"Three heat-associated fatalities were reported by the Maricopa County Department of Public Health, with their details, such as age, gender, circumstances and location unavailable.","Strong high pressure centered over the Desert Southwest allowed for temperatures to reach or exceed 110 degrees during the early part of July. According to the Maricopa County Department of Public Health, 18 heat-associated fatalities occurred during this time.",245
912417,UPPER SANTA CRUZ RIVER AND ALTAR VALLEYS (ZONE), ,07/08/2020,1000,Heat, , ,1,0,0,0,AZ,MST-7, ,151403,Z,503,TWC,0,0,County Official, , , , , , , , ,07/08/2020,2000, , , , ,"Above normal temperatures occurred in Santa Cruz and eastern Pima counties on July 8th. High temperatures included 108 degrees at the Tucson International Airport, 106 at Sells and 103 at Nogales.  The Pima County Medical Examiner confirmed that heat was the primary cause of death for two adult males, one 2 miles northwest of Nogales and antoher within the Ironwood Forest National Monument.","Above normal temperatures occurred in southeast Arizona on July 8th with high temperatures around 105 degrees in Santa Cruz and eastern Pima counties.  The Pima County Medical Examiner confirmed that heat was the primary cause of death for two adult males, one near Nogales and the other within the Ironwood Forest National Monument west of Tucson.",246
912418,TUCSON METRO AREA (ZONE), ,07/08/2020,1000,Heat, , ,1,0,0,0,AZ,MST-7, ,151403,Z,504,TWC,0,0,County Official, , , , , , , , ,07/08/2020,2000, , , , ,"Above normal temperatures occurred in Santa Cruz and eastern Pima counties on July 8th. High temperatures included 108 degrees at the Tucson International Airport, 106 at Sells and 103 at Nogales.  The Pima County Medical Examiner confirmed that heat was the primary cause of death for two adult males, one 2 miles northwest of Nogales and antoher within the Ironwood Forest National Monument.","Above normal temperatures occurred in southeast Arizona on July 8th with high temperatures around 105 degrees in Santa Cruz and eastern Pima counties.  The Pima County Medical Examiner confirmed that heat was the primary cause of death for two adult males, one near Nogales and the other within the Ironwood Forest National Monument west of Tucson.",247
992005,CENTRAL PHOENIX (ZONE), ,07/09/2020,0,Heat, , ,3,0,0,0,AZ,MST-7, ,164332,Z,543,PSR,0,0,County Official, , , , , , , , ,07/09/2020,2359, , , , ,"Three heat-associated fatalities were reported by the Maricopa County Department of Public Health, with their details, such as age, gender, circumstances and location unavailable.","A very strong area of high pressure strengthened over the southwest United States, leading to excessive heat conditions across the region. Temperatures in Phoenix exceeded 110 degrees each day with afternoon highs reaching or exceeding 115 degrees on the 11th and the 12th. According to the Maricopa County Department of Public Health, 47 heat-associated fatalities occurred during this event.",248
912446,BABOQUIVARI MOUNTAINS (ZONE), ,07/10/2020,1000,Excessive Heat, , ,0,0,0,0,AZ,MST-7, ,151406,Z,515,TWC,0,0,Mesonet, , , , , , , , ,07/13/2020,2000, , , , ,"Very hot temperatures 6 to 18 degrees above normal occurred in the lower elevations of southeast Arizona, causing the High Heat Risk category to be reached July 10 through July 13.  A number of daily high temperature records were tied or broken. Safford Airport recorded its highest temperature ever of 115 degrees on July 11 and set new daily record highs of 111 on July 10 and 112 on July 12.  Tucson International Airport set a new daily high temperature record of 113 on July 12, which was just one degree shy of the all time hottest temperature for July.  The Tucson Airport also recorded its highest minimum temperature ever when it only dropped to 89 degrees on July 13.  On July 11 new record highs included 113 degrees at Duncan, 110 at Fort Thomas, 109 at Willcox and 103 at Sierra Vista. On July 12 new record highs included 115 degrees (tie) at Ajo, 113 at Picacho, 112 at Fort Thomas, 110 at Nogales Airport, San Simon and Willcox, 109 at McNeal and 108 at San Manuel. On July 13 new record highs included 114 degrees at Fort Thomas, 113 (tie) at Organ Pipe Cactus National Monument, 109 at Green Valley (tie) and Willcox and 107 at San Simon (tie) and Tombstone. The Pima County Medical Examiner confirmed that heat was the primary cause of death for three adult males, one near Kino Springs on the 10th, another 10 miles west of Douglas on the 11th, and a third near Sweetwater in the western part of the Tohono O'odham Nation on the 13th.","Very hot temperatures were experienced in southeast Arizona from July 10th through July 13th.  Many locations exceeded 110 degrees and set new daily record high temperatures. The Pima County Medical Examiner confirmed that heat was the primary cause of death for three adult males, one on the western reaches of the Tohono O'odham Nation, one west of Douglas and one near Kino Springs.",249
912443,UPPER SAN PEDRO RIVER VALLEY (ZONE), ,07/10/2020,1000,Excessive Heat, , ,0,0,0,0,AZ,MST-7, ,151406,Z,507,TWC,0,0,Mesonet, , , , , , , , ,07/13/2020,2000, , , , ,"Very hot temperatures 6 to 18 degrees above normal occurred in the lower elevations of southeast Arizona, causing the High Heat Risk category to be reached July 10 through July 13.  A number of daily high temperature records were tied or broken. Safford Airport recorded its highest temperature ever of 115 degrees on July 11 and set new daily record highs of 111 on July 10 and 112 on July 12.  Tucson International Airport set a new daily high temperature record of 113 on July 12, which was just one degree shy of the all time hottest temperature for July.  The Tucson Airport also recorded its highest minimum temperature ever when it only dropped to 89 degrees on July 13.  On July 11 new record highs included 113 degrees at Duncan, 110 at Fort Thomas, 109 at Willcox and 103 at Sierra Vista. On July 12 new record highs included 115 degrees (tie) at Ajo, 113 at Picacho, 112 at Fort Thomas, 110 at Nogales Airport, San Simon and Willcox, 109 at McNeal and 108 at San Manuel. On July 13 new record highs included 114 degrees at Fort Thomas, 113 (tie) at Organ Pipe Cactus National Monument, 109 at Green Valley (tie) and Willcox and 107 at San Simon (tie) and Tombstone. The Pima County Medical Examiner confirmed that heat was the primary cause of death for three adult males, one near Kino Springs on the 10th, another 10 miles west of Douglas on the 11th, and a third near Sweetwater in the western part of the Tohono O'odham Nation on the 13th.","Very hot temperatures were experienced in southeast Arizona from July 10th through July 13th.  Many locations exceeded 110 degrees and set new daily record high temperatures. The Pima County Medical Examiner confirmed that heat was the primary cause of death for three adult males, one on the western reaches of the Tohono O'odham Nation, one west of Douglas and one near Kino Springs.",250
912444,EASTERN COCHISE COUNTY BELOW 5000 FEET (ZONE), ,07/10/2020,1000,Excessive Heat, , ,1,0,0,0,AZ,MST-7, ,151406,Z,508,TWC,0,0,County Official, , , , , , , , ,07/13/2020,2000, , , , ,"Very hot temperatures 6 to 18 degrees above normal occurred in the lower elevations of southeast Arizona, causing the High Heat Risk category to be reached July 10 through July 13.  A number of daily high temperature records were tied or broken. Safford Airport recorded its highest temperature ever of 115 degrees on July 11 and set new daily record highs of 111 on July 10 and 112 on July 12.  Tucson International Airport set a new daily high temperature record of 113 on July 12, which was just one degree shy of the all time hottest temperature for July.  The Tucson Airport also recorded its highest minimum temperature ever when it only dropped to 89 degrees on July 13.  On July 11 new record highs included 113 degrees at Duncan, 110 at Fort Thomas, 109 at Willcox and 103 at Sierra Vista. On July 12 new record highs included 115 degrees (tie) at Ajo, 113 at Picacho, 112 at Fort Thomas, 110 at Nogales Airport, San Simon and Willcox, 109 at McNeal and 108 at San Manuel. On July 13 new record highs included 114 degrees at Fort Thomas, 113 (tie) at Organ Pipe Cactus National Monument, 109 at Green Valley (tie) and Willcox and 107 at San Simon (tie) and Tombstone. The Pima County Medical Examiner confirmed that heat was the primary cause of death for three adult males, one near Kino Springs on the 10th, another 10 miles west of Douglas on the 11th, and a third near Sweetwater in the western part of the Tohono O'odham Nation on the 13th.","Very hot temperatures were experienced in southeast Arizona from July 10th through July 13th.  Many locations exceeded 110 degrees and set new daily record high temperatures. The Pima County Medical Examiner confirmed that heat was the primary cause of death for three adult males, one on the western reaches of the Tohono O'odham Nation, one west of Douglas and one near Kino Springs.",251
912442,SOUTHEAST PINAL COUNTY (ZONE), ,07/10/2020,1000,Excessive Heat, , ,0,0,0,0,AZ,MST-7, ,151406,Z,506,TWC,0,0,Mesonet, , , , , , , , ,07/13/2020,2000, , , , ,"Very hot temperatures 6 to 18 degrees above normal occurred in the lower elevations of southeast Arizona, causing the High Heat Risk category to be reached July 10 through July 13.  A number of daily high temperature records were tied or broken. Safford Airport recorded its highest temperature ever of 115 degrees on July 11 and set new daily record highs of 111 on July 10 and 112 on July 12.  Tucson International Airport set a new daily high temperature record of 113 on July 12, which was just one degree shy of the all time hottest temperature for July.  The Tucson Airport also recorded its highest minimum temperature ever when it only dropped to 89 degrees on July 13.  On July 11 new record highs included 113 degrees at Duncan, 110 at Fort Thomas, 109 at Willcox and 103 at Sierra Vista. On July 12 new record highs included 115 degrees (tie) at Ajo, 113 at Picacho, 112 at Fort Thomas, 110 at Nogales Airport, San Simon and Willcox, 109 at McNeal and 108 at San Manuel. On July 13 new record highs included 114 degrees at Fort Thomas, 113 (tie) at Organ Pipe Cactus National Monument, 109 at Green Valley (tie) and Willcox and 107 at San Simon (tie) and Tombstone. The Pima County Medical Examiner confirmed that heat was the primary cause of death for three adult males, one near Kino Springs on the 10th, another 10 miles west of Douglas on the 11th, and a third near Sweetwater in the western part of the Tohono O'odham Nation on the 13th.","Very hot temperatures were experienced in southeast Arizona from July 10th through July 13th.  Many locations exceeded 110 degrees and set new daily record high temperatures. The Pima County Medical Examiner confirmed that heat was the primary cause of death for three adult males, one on the western reaches of the Tohono O'odham Nation, one west of Douglas and one near Kino Springs.",252
912445,UPPER GILA RIVER AND ARAVAIPA VALLEYS (ZONE), ,07/10/2020,1000,Excessive Heat, , ,0,0,0,0,AZ,MST-7, ,151406,Z,509,TWC,0,0,Mesonet, , , , , , , , ,07/13/2020,2000, , , , ,"Very hot temperatures 6 to 18 degrees above normal occurred in the lower elevations of southeast Arizona, causing the High Heat Risk category to be reached July 10 through July 13.  A number of daily high temperature records were tied or broken. Safford Airport recorded its highest temperature ever of 115 degrees on July 11 and set new daily record highs of 111 on July 10 and 112 on July 12.  Tucson International Airport set a new daily high temperature record of 113 on July 12, which was just one degree shy of the all time hottest temperature for July.  The Tucson Airport also recorded its highest minimum temperature ever when it only dropped to 89 degrees on July 13.  On July 11 new record highs included 113 degrees at Duncan, 110 at Fort Thomas, 109 at Willcox and 103 at Sierra Vista. On July 12 new record highs included 115 degrees (tie) at Ajo, 113 at Picacho, 112 at Fort Thomas, 110 at Nogales Airport, San Simon and Willcox, 109 at McNeal and 108 at San Manuel. On July 13 new record highs included 114 degrees at Fort Thomas, 113 (tie) at Organ Pipe Cactus National Monument, 109 at Green Valley (tie) and Willcox and 107 at San Simon (tie) and Tombstone. The Pima County Medical Examiner confirmed that heat was the primary cause of death for three adult males, one near Kino Springs on the 10th, another 10 miles west of Douglas on the 11th, and a third near Sweetwater in the western part of the Tohono O'odham Nation on the 13th.","Very hot temperatures were experienced in southeast Arizona from July 10th through July 13th.  Many locations exceeded 110 degrees and set new daily record high temperatures. The Pima County Medical Examiner confirmed that heat was the primary cause of death for three adult males, one on the western reaches of the Tohono O'odham Nation, one west of Douglas and one near Kino Springs.",253
912440,TUCSON METRO AREA (ZONE), ,07/10/2020,1000,Excessive Heat, , ,0,0,0,0,AZ,MST-7, ,151406,Z,504,TWC,0,0,Mesonet, , , , , , , , ,07/13/2020,2000, , , , ,"Very hot temperatures 6 to 18 degrees above normal occurred in the lower elevations of southeast Arizona, causing the High Heat Risk category to be reached July 10 through July 13.  A number of daily high temperature records were tied or broken. Safford Airport recorded its highest temperature ever of 115 degrees on July 11 and set new daily record highs of 111 on July 10 and 112 on July 12.  Tucson International Airport set a new daily high temperature record of 113 on July 12, which was just one degree shy of the all time hottest temperature for July.  The Tucson Airport also recorded its highest minimum temperature ever when it only dropped to 89 degrees on July 13.  On July 11 new record highs included 113 degrees at Duncan, 110 at Fort Thomas, 109 at Willcox and 103 at Sierra Vista. On July 12 new record highs included 115 degrees (tie) at Ajo, 113 at Picacho, 112 at Fort Thomas, 110 at Nogales Airport, San Simon and Willcox, 109 at McNeal and 108 at San Manuel. On July 13 new record highs included 114 degrees at Fort Thomas, 113 (tie) at Organ Pipe Cactus National Monument, 109 at Green Valley (tie) and Willcox and 107 at San Simon (tie) and Tombstone. The Pima County Medical Examiner confirmed that heat was the primary cause of death for three adult males, one near Kino Springs on the 10th, another 10 miles west of Douglas on the 11th, and a third near Sweetwater in the western part of the Tohono O'odham Nation on the 13th.","Very hot temperatures were experienced in southeast Arizona from July 10th through July 13th.  Many locations exceeded 110 degrees and set new daily record high temperatures. The Pima County Medical Examiner confirmed that heat was the primary cause of death for three adult males, one on the western reaches of the Tohono O'odham Nation, one west of Douglas and one near Kino Springs.",254
912441,SOUTH CENTRAL PINAL COUNTY (ZONE), ,07/10/2020,1000,Excessive Heat, , ,0,0,0,0,AZ,MST-7, ,151406,Z,505,TWC,0,0,Mesonet, , , , , , , , ,07/13/2020,2000, , , , ,"Very hot temperatures 6 to 18 degrees above normal occurred in the lower elevations of southeast Arizona, causing the High Heat Risk category to be reached July 10 through July 13.  A number of daily high temperature records were tied or broken. Safford Airport recorded its highest temperature ever of 115 degrees on July 11 and set new daily record highs of 111 on July 10 and 112 on July 12.  Tucson International Airport set a new daily high temperature record of 113 on July 12, which was just one degree shy of the all time hottest temperature for July.  The Tucson Airport also recorded its highest minimum temperature ever when it only dropped to 89 degrees on July 13.  On July 11 new record highs included 113 degrees at Duncan, 110 at Fort Thomas, 109 at Willcox and 103 at Sierra Vista. On July 12 new record highs included 115 degrees (tie) at Ajo, 113 at Picacho, 112 at Fort Thomas, 110 at Nogales Airport, San Simon and Willcox, 109 at McNeal and 108 at San Manuel. On July 13 new record highs included 114 degrees at Fort Thomas, 113 (tie) at Organ Pipe Cactus National Monument, 109 at Green Valley (tie) and Willcox and 107 at San Simon (tie) and Tombstone. The Pima County Medical Examiner confirmed that heat was the primary cause of death for three adult males, one near Kino Springs on the 10th, another 10 miles west of Douglas on the 11th, and a third near Sweetwater in the western part of the Tohono O'odham Nation on the 13th.","Very hot temperatures were experienced in southeast Arizona from July 10th through July 13th.  Many locations exceeded 110 degrees and set new daily record high temperatures. The Pima County Medical Examiner confirmed that heat was the primary cause of death for three adult males, one on the western reaches of the Tohono O'odham Nation, one west of Douglas and one near Kino Springs.",255
912437,WESTERN PIMA COUNTY (ZONE), ,07/10/2020,1000,Excessive Heat, , ,0,0,0,0,AZ,MST-7, ,151406,Z,501,TWC,0,0,Mesonet, , , , , , , , ,07/13/2020,2000, , , , ,"Very hot temperatures 6 to 18 degrees above normal occurred in the lower elevations of southeast Arizona, causing the High Heat Risk category to be reached July 10 through July 13.  A number of daily high temperature records were tied or broken. Safford Airport recorded its highest temperature ever of 115 degrees on July 11 and set new daily record highs of 111 on July 10 and 112 on July 12.  Tucson International Airport set a new daily high temperature record of 113 on July 12, which was just one degree shy of the all time hottest temperature for July.  The Tucson Airport also recorded its highest minimum temperature ever when it only dropped to 89 degrees on July 13.  On July 11 new record highs included 113 degrees at Duncan, 110 at Fort Thomas, 109 at Willcox and 103 at Sierra Vista. On July 12 new record highs included 115 degrees (tie) at Ajo, 113 at Picacho, 112 at Fort Thomas, 110 at Nogales Airport, San Simon and Willcox, 109 at McNeal and 108 at San Manuel. On July 13 new record highs included 114 degrees at Fort Thomas, 113 (tie) at Organ Pipe Cactus National Monument, 109 at Green Valley (tie) and Willcox and 107 at San Simon (tie) and Tombstone. The Pima County Medical Examiner confirmed that heat was the primary cause of death for three adult males, one near Kino Springs on the 10th, another 10 miles west of Douglas on the 11th, and a third near Sweetwater in the western part of the Tohono O'odham Nation on the 13th.","Very hot temperatures were experienced in southeast Arizona from July 10th through July 13th.  Many locations exceeded 110 degrees and set new daily record high temperatures. The Pima County Medical Examiner confirmed that heat was the primary cause of death for three adult males, one on the western reaches of the Tohono O'odham Nation, one west of Douglas and one near Kino Springs.",256
912438,TOHONO O ODHAM NATION (ZONE), ,07/10/2020,1000,Excessive Heat, , ,1,0,0,0,AZ,MST-7, ,151406,Z,502,TWC,0,0,County Official, , , , , , , , ,07/13/2020,2000, , , , ,"Very hot temperatures 6 to 18 degrees above normal occurred in the lower elevations of southeast Arizona, causing the High Heat Risk category to be reached July 10 through July 13.  A number of daily high temperature records were tied or broken. Safford Airport recorded its highest temperature ever of 115 degrees on July 11 and set new daily record highs of 111 on July 10 and 112 on July 12.  Tucson International Airport set a new daily high temperature record of 113 on July 12, which was just one degree shy of the all time hottest temperature for July.  The Tucson Airport also recorded its highest minimum temperature ever when it only dropped to 89 degrees on July 13.  On July 11 new record highs included 113 degrees at Duncan, 110 at Fort Thomas, 109 at Willcox and 103 at Sierra Vista. On July 12 new record highs included 115 degrees (tie) at Ajo, 113 at Picacho, 112 at Fort Thomas, 110 at Nogales Airport, San Simon and Willcox, 109 at McNeal and 108 at San Manuel. On July 13 new record highs included 114 degrees at Fort Thomas, 113 (tie) at Organ Pipe Cactus National Monument, 109 at Green Valley (tie) and Willcox and 107 at San Simon (tie) and Tombstone. The Pima County Medical Examiner confirmed that heat was the primary cause of death for three adult males, one near Kino Springs on the 10th, another 10 miles west of Douglas on the 11th, and a third near Sweetwater in the western part of the Tohono O'odham Nation on the 13th.","Very hot temperatures were experienced in southeast Arizona from July 10th through July 13th.  Many locations exceeded 110 degrees and set new daily record high temperatures. The Pima County Medical Examiner confirmed that heat was the primary cause of death for three adult males, one on the western reaches of the Tohono O'odham Nation, one west of Douglas and one near Kino Springs.",257
912439,UPPER SANTA CRUZ RIVER AND ALTAR VALLEYS (ZONE), ,07/10/2020,1000,Excessive Heat, , ,1,0,0,0,AZ,MST-7, ,151406,Z,503,TWC,0,0,County Official, , , , , , , , ,07/13/2020,2000, , , , ,"Very hot temperatures 6 to 18 degrees above normal occurred in the lower elevations of southeast Arizona, causing the High Heat Risk category to be reached July 10 through July 13.  A number of daily high temperature records were tied or broken. Safford Airport recorded its highest temperature ever of 115 degrees on July 11 and set new daily record highs of 111 on July 10 and 112 on July 12.  Tucson International Airport set a new daily high temperature record of 113 on July 12, which was just one degree shy of the all time hottest temperature for July.  The Tucson Airport also recorded its highest minimum temperature ever when it only dropped to 89 degrees on July 13.  On July 11 new record highs included 113 degrees at Duncan, 110 at Fort Thomas, 109 at Willcox and 103 at Sierra Vista. On July 12 new record highs included 115 degrees (tie) at Ajo, 113 at Picacho, 112 at Fort Thomas, 110 at Nogales Airport, San Simon and Willcox, 109 at McNeal and 108 at San Manuel. On July 13 new record highs included 114 degrees at Fort Thomas, 113 (tie) at Organ Pipe Cactus National Monument, 109 at Green Valley (tie) and Willcox and 107 at San Simon (tie) and Tombstone. The Pima County Medical Examiner confirmed that heat was the primary cause of death for three adult males, one near Kino Springs on the 10th, another 10 miles west of Douglas on the 11th, and a third near Sweetwater in the western part of the Tohono O'odham Nation on the 13th.","Very hot temperatures were experienced in southeast Arizona from July 10th through July 13th.  Many locations exceeded 110 degrees and set new daily record high temperatures. The Pima County Medical Examiner confirmed that heat was the primary cause of death for three adult males, one on the western reaches of the Tohono O'odham Nation, one west of Douglas and one near Kino Springs.",258
992793,NORTHWEST VALLEY (ZONE), ,07/10/2020,1000,Excessive Heat, , ,0,0,0,0,AZ,MST-7, ,164332,Z,537,PSR,0,0,County Official, , , , , , , , ,07/13/2020,2000, , , , ,"","A very strong area of high pressure strengthened over the southwest United States, leading to excessive heat conditions across the region. Temperatures in Phoenix exceeded 110 degrees each day with afternoon highs reaching or exceeding 115 degrees on the 11th and the 12th. According to the Maricopa County Department of Public Health, 47 heat-associated fatalities occurred during this event.",259
992800,FOUNTAIN HILLS/EAST MESA (ZONE), ,07/10/2020,1000,Excessive Heat, , ,0,0,0,0,AZ,MST-7, ,164332,Z,549,PSR,0,0,County Official, , , , , , , , ,07/13/2020,2000, , , , ,"","A very strong area of high pressure strengthened over the southwest United States, leading to excessive heat conditions across the region. Temperatures in Phoenix exceeded 110 degrees each day with afternoon highs reaching or exceeding 115 degrees on the 11th and the 12th. According to the Maricopa County Department of Public Health, 47 heat-associated fatalities occurred during this event.",260
992801,SOUTH MOUNTAIN/AHWATUKEE (ZONE), ,07/10/2020,1000,Excessive Heat, , ,0,0,0,0,AZ,MST-7, ,164332,Z,550,PSR,0,0,County Official, , , , , , , , ,07/13/2020,2000, , , , ,"","A very strong area of high pressure strengthened over the southwest United States, leading to excessive heat conditions across the region. Temperatures in Phoenix exceeded 110 degrees each day with afternoon highs reaching or exceeding 115 degrees on the 11th and the 12th. According to the Maricopa County Department of Public Health, 47 heat-associated fatalities occurred during this event.",261
992802,SOUTHEAST VALLEY/QUEEN CREEK (ZONE), ,07/10/2020,1000,Excessive Heat, , ,0,0,0,0,AZ,MST-7, ,164332,Z,551,PSR,0,0,County Official, , , , , , , , ,07/13/2020,2000, , , , ,"","A very strong area of high pressure strengthened over the southwest United States, leading to excessive heat conditions across the region. Temperatures in Phoenix exceeded 110 degrees each day with afternoon highs reaching or exceeding 115 degrees on the 11th and the 12th. According to the Maricopa County Department of Public Health, 47 heat-associated fatalities occurred during this event.",262
992803,SAN CARLOS (ZONE), ,07/10/2020,1000,Excessive Heat, , ,0,0,0,0,AZ,MST-7, ,164332,Z,560,PSR,0,0,County Official, , , , , , , , ,07/13/2020,2000, , , , ,"","A very strong area of high pressure strengthened over the southwest United States, leading to excessive heat conditions across the region. Temperatures in Phoenix exceeded 110 degrees each day with afternoon highs reaching or exceeding 115 degrees on the 11th and the 12th. According to the Maricopa County Department of Public Health, 47 heat-associated fatalities occurred during this event.",263
992003,CENTRAL PHOENIX (ZONE), ,07/10/2020,1000,Excessive Heat, , ,32,0,0,0,AZ,MST-7, ,164332,Z,543,PSR,0,0,County Official, , , , , , , , ,07/13/2020,2000, , , , ,"Thirty-two heat-associated fatalities were reported by the Maricopa County Department of Public Health, with their details, such as age, gender, circumstances and location unavailable.","A very strong area of high pressure strengthened over the southwest United States, leading to excessive heat conditions across the region. Temperatures in Phoenix exceeded 110 degrees each day with afternoon highs reaching or exceeding 115 degrees on the 11th and the 12th. According to the Maricopa County Department of Public Health, 47 heat-associated fatalities occurred during this event.",264
992794,BUCKEYE/AVONDALE (ZONE), ,07/10/2020,1000,Excessive Heat, , ,0,0,0,0,AZ,MST-7, ,164332,Z,540,PSR,0,0,County Official, , , , , , , , ,07/13/2020,2000, , , , ,"","A very strong area of high pressure strengthened over the southwest United States, leading to excessive heat conditions across the region. Temperatures in Phoenix exceeded 110 degrees each day with afternoon highs reaching or exceeding 115 degrees on the 11th and the 12th. According to the Maricopa County Department of Public Health, 47 heat-associated fatalities occurred during this event.",265
992795,CAVE CREEK/NEW RIVER (ZONE), ,07/10/2020,1000,Excessive Heat, , ,0,0,0,0,AZ,MST-7, ,164332,Z,541,PSR,0,0,County Official, , , , , , , , ,07/13/2020,2000, , , , ,"","A very strong area of high pressure strengthened over the southwest United States, leading to excessive heat conditions across the region. Temperatures in Phoenix exceeded 110 degrees each day with afternoon highs reaching or exceeding 115 degrees on the 11th and the 12th. According to the Maricopa County Department of Public Health, 47 heat-associated fatalities occurred during this event.",266
992796,DEER VALLEY (ZONE), ,07/10/2020,1000,Excessive Heat, , ,0,0,0,0,AZ,MST-7, ,164332,Z,542,PSR,0,0,County Official, , , , , , , , ,07/13/2020,2000, , , , ,"","A very strong area of high pressure strengthened over the southwest United States, leading to excessive heat conditions across the region. Temperatures in Phoenix exceeded 110 degrees each day with afternoon highs reaching or exceeding 115 degrees on the 11th and the 12th. According to the Maricopa County Department of Public Health, 47 heat-associated fatalities occurred during this event.",267
992797,NORTH PHOENIX/GLENDALE (ZONE), ,07/10/2020,1000,Excessive Heat, , ,0,0,0,0,AZ,MST-7, ,164332,Z,544,PSR,0,0,County Official, , , , , , , , ,07/13/2020,2000, , , , ,"","A very strong area of high pressure strengthened over the southwest United States, leading to excessive heat conditions across the region. Temperatures in Phoenix exceeded 110 degrees each day with afternoon highs reaching or exceeding 115 degrees on the 11th and the 12th. According to the Maricopa County Department of Public Health, 47 heat-associated fatalities occurred during this event.",268
992798,SCOTTSDALE/PARADISE VALLEY (ZONE), ,07/10/2020,1000,Excessive Heat, , ,0,0,0,0,AZ,MST-7, ,164332,Z,546,PSR,0,0,County Official, , , , , , , , ,07/13/2020,2000, , , , ,"","A very strong area of high pressure strengthened over the southwest United States, leading to excessive heat conditions across the region. Temperatures in Phoenix exceeded 110 degrees each day with afternoon highs reaching or exceeding 115 degrees on the 11th and the 12th. According to the Maricopa County Department of Public Health, 47 heat-associated fatalities occurred during this event.",269
992799,EAST VALLEY (ZONE), ,07/10/2020,1000,Excessive Heat, , ,0,0,0,0,AZ,MST-7, ,164332,Z,548,PSR,0,0,County Official, , , , , , , , ,07/13/2020,2000, , , , ,"","A very strong area of high pressure strengthened over the southwest United States, leading to excessive heat conditions across the region. Temperatures in Phoenix exceeded 110 degrees each day with afternoon highs reaching or exceeding 115 degrees on the 11th and the 12th. According to the Maricopa County Department of Public Health, 47 heat-associated fatalities occurred during this event.",270
992806,YUMA (ZONE), ,07/11/2020,1000,Excessive Heat, , ,0,0,0,0,AZ,MST-7, ,164332,Z,532,PSR,0,0,County Official, , , , , , , , ,07/13/2020,2000, , , , ,"","A very strong area of high pressure strengthened over the southwest United States, leading to excessive heat conditions across the region. Temperatures in Phoenix exceeded 110 degrees each day with afternoon highs reaching or exceeding 115 degrees on the 11th and the 12th. According to the Maricopa County Department of Public Health, 47 heat-associated fatalities occurred during this event.",271
992807,CENTRAL LA PAZ (ZONE), ,07/11/2020,1000,Excessive Heat, , ,0,0,0,0,AZ,MST-7, ,164332,Z,533,PSR,0,0,County Official, , , , , , , , ,07/13/2020,2000, , , , ,"","A very strong area of high pressure strengthened over the southwest United States, leading to excessive heat conditions across the region. Temperatures in Phoenix exceeded 110 degrees each day with afternoon highs reaching or exceeding 115 degrees on the 11th and the 12th. According to the Maricopa County Department of Public Health, 47 heat-associated fatalities occurred during this event.",272
992808,AGUILA VALLEY (ZONE), ,07/11/2020,1000,Excessive Heat, , ,0,0,0,0,AZ,MST-7, ,164332,Z,534,PSR,0,0,County Official, , , , , , , , ,07/13/2020,2000, , , , ,"","A very strong area of high pressure strengthened over the southwest United States, leading to excessive heat conditions across the region. Temperatures in Phoenix exceeded 110 degrees each day with afternoon highs reaching or exceeding 115 degrees on the 11th and the 12th. According to the Maricopa County Department of Public Health, 47 heat-associated fatalities occurred during this event.",273
992809,SOUTHEAST YUMA COUNTY (ZONE), ,07/11/2020,1000,Excessive Heat, , ,0,0,0,0,AZ,MST-7, ,164332,Z,535,PSR,0,0,County Official, , , , , , , , ,07/13/2020,2000, , , , ,"","A very strong area of high pressure strengthened over the southwest United States, leading to excessive heat conditions across the region. Temperatures in Phoenix exceeded 110 degrees each day with afternoon highs reaching or exceeding 115 degrees on the 11th and the 12th. According to the Maricopa County Department of Public Health, 47 heat-associated fatalities occurred during this event.",274
992810,GILA RIVER VALLEY (ZONE), ,07/11/2020,1000,Excessive Heat, , ,0,0,0,0,AZ,MST-7, ,164332,Z,536,PSR,0,0,County Official, , , , , , , , ,07/13/2020,2000, , , , ,"","A very strong area of high pressure strengthened over the southwest United States, leading to excessive heat conditions across the region. Temperatures in Phoenix exceeded 110 degrees each day with afternoon highs reaching or exceeding 115 degrees on the 11th and the 12th. According to the Maricopa County Department of Public Health, 47 heat-associated fatalities occurred during this event.",275
992811,TONOPAH DESERT (ZONE), ,07/11/2020,1000,Excessive Heat, , ,0,0,0,0,AZ,MST-7, ,164332,Z,538,PSR,0,0,County Official, , , , , , , , ,07/13/2020,2000, , , , ,"","A very strong area of high pressure strengthened over the southwest United States, leading to excessive heat conditions across the region. Temperatures in Phoenix exceeded 110 degrees each day with afternoon highs reaching or exceeding 115 degrees on the 11th and the 12th. According to the Maricopa County Department of Public Health, 47 heat-associated fatalities occurred during this event.",276
992812,GILA BEND (ZONE), ,07/11/2020,1000,Excessive Heat, , ,0,0,0,0,AZ,MST-7, ,164332,Z,539,PSR,0,0,County Official, , , , , , , , ,07/13/2020,2000, , , , ,"","A very strong area of high pressure strengthened over the southwest United States, leading to excessive heat conditions across the region. Temperatures in Phoenix exceeded 110 degrees each day with afternoon highs reaching or exceeding 115 degrees on the 11th and the 12th. According to the Maricopa County Department of Public Health, 47 heat-associated fatalities occurred during this event.",277
992813,NEW RIVER MESA (ZONE), ,07/11/2020,1000,Excessive Heat, , ,0,0,0,0,AZ,MST-7, ,164332,Z,545,PSR,0,0,County Official, , , , , , , , ,07/13/2020,2000, , , , ,"","A very strong area of high pressure strengthened over the southwest United States, leading to excessive heat conditions across the region. Temperatures in Phoenix exceeded 110 degrees each day with afternoon highs reaching or exceeding 115 degrees on the 11th and the 12th. According to the Maricopa County Department of Public Health, 47 heat-associated fatalities occurred during this event.",278
992814,RIO VERDE/SALT RIVER (ZONE), ,07/11/2020,1000,Excessive Heat, , ,0,0,0,0,AZ,MST-7, ,164332,Z,547,PSR,0,0,County Official, , , , , , , , ,07/13/2020,2000, , , , ,"","A very strong area of high pressure strengthened over the southwest United States, leading to excessive heat conditions across the region. Temperatures in Phoenix exceeded 110 degrees each day with afternoon highs reaching or exceeding 115 degrees on the 11th and the 12th. According to the Maricopa County Department of Public Health, 47 heat-associated fatalities occurred during this event.",279
992815,SUPERIOR (ZONE), ,07/11/2020,1000,Excessive Heat, , ,0,0,0,0,AZ,MST-7, ,164332,Z,552,PSR,0,0,County Official, , , , , , , , ,07/13/2020,2000, , , , ,"","A very strong area of high pressure strengthened over the southwest United States, leading to excessive heat conditions across the region. Temperatures in Phoenix exceeded 110 degrees each day with afternoon highs reaching or exceeding 115 degrees on the 11th and the 12th. According to the Maricopa County Department of Public Health, 47 heat-associated fatalities occurred during this event.",280
992816,NORTHWEST PINAL COUNTY (ZONE), ,07/11/2020,1000,Excessive Heat, , ,0,0,0,0,AZ,MST-7, ,164332,Z,553,PSR,0,0,County Official, , , , , , , , ,07/13/2020,2000, , , , ,"","A very strong area of high pressure strengthened over the southwest United States, leading to excessive heat conditions across the region. Temperatures in Phoenix exceeded 110 degrees each day with afternoon highs reaching or exceeding 115 degrees on the 11th and the 12th. According to the Maricopa County Department of Public Health, 47 heat-associated fatalities occurred during this event.",281
992817,WEST PINAL COUNTY (ZONE), ,07/11/2020,1000,Excessive Heat, , ,0,0,0,0,AZ,MST-7, ,164332,Z,554,PSR,0,0,County Official, , , , , , , , ,07/13/2020,2000, , , , ,"","A very strong area of high pressure strengthened over the southwest United States, leading to excessive heat conditions across the region. Temperatures in Phoenix exceeded 110 degrees each day with afternoon highs reaching or exceeding 115 degrees on the 11th and the 12th. According to the Maricopa County Department of Public Health, 47 heat-associated fatalities occurred during this event.",282
992820,MAZATZAL MOUNTAINS (ZONE), ,07/11/2020,1000,Excessive Heat, , ,0,0,0,0,AZ,MST-7, ,164332,Z,557,PSR,0,0,County Official, , , , , , , , ,07/13/2020,2000, , , , ,"","A very strong area of high pressure strengthened over the southwest United States, leading to excessive heat conditions across the region. Temperatures in Phoenix exceeded 110 degrees each day with afternoon highs reaching or exceeding 115 degrees on the 11th and the 12th. According to the Maricopa County Department of Public Health, 47 heat-associated fatalities occurred during this event.",283
992804,PARKER VALLEY (ZONE), ,07/11/2020,1000,Excessive Heat, , ,0,0,0,0,AZ,MST-7, ,164332,Z,530,PSR,0,0,County Official, , , , , , , , ,07/13/2020,2000, , , , ,"","A very strong area of high pressure strengthened over the southwest United States, leading to excessive heat conditions across the region. Temperatures in Phoenix exceeded 110 degrees each day with afternoon highs reaching or exceeding 115 degrees on the 11th and the 12th. According to the Maricopa County Department of Public Health, 47 heat-associated fatalities occurred during this event.",284
992805,KOFA (ZONE), ,07/11/2020,1000,Excessive Heat, , ,0,0,0,0,AZ,MST-7, ,164332,Z,531,PSR,0,0,County Official, , , , , , , , ,07/13/2020,2000, , , , ,"","A very strong area of high pressure strengthened over the southwest United States, leading to excessive heat conditions across the region. Temperatures in Phoenix exceeded 110 degrees each day with afternoon highs reaching or exceeding 115 degrees on the 11th and the 12th. According to the Maricopa County Department of Public Health, 47 heat-associated fatalities occurred during this event.",285
992818,APACHE JUNCTION/GOLD CANYON (ZONE), ,07/11/2020,1000,Excessive Heat, , ,0,0,0,0,AZ,MST-7, ,164332,Z,555,PSR,0,0,County Official, , , , , , , , ,07/13/2020,2000, , , , ,"","A very strong area of high pressure strengthened over the southwest United States, leading to excessive heat conditions across the region. Temperatures in Phoenix exceeded 110 degrees each day with afternoon highs reaching or exceeding 115 degrees on the 11th and the 12th. According to the Maricopa County Department of Public Health, 47 heat-associated fatalities occurred during this event.",286
992819,TONTO BASIN (ZONE), ,07/11/2020,1000,Excessive Heat, , ,0,0,0,0,AZ,MST-7, ,164332,Z,556,PSR,0,0,County Official, , , , , , , , ,07/13/2020,2000, , , , ,"","A very strong area of high pressure strengthened over the southwest United States, leading to excessive heat conditions across the region. Temperatures in Phoenix exceeded 110 degrees each day with afternoon highs reaching or exceeding 115 degrees on the 11th and the 12th. According to the Maricopa County Department of Public Health, 47 heat-associated fatalities occurred during this event.",287
992821,PINAL/SUPERSTITION MOUNTAINS (ZONE), ,07/11/2020,1000,Excessive Heat, , ,0,0,0,0,AZ,MST-7, ,164332,Z,558,PSR,0,0,County Official, , , , , , , , ,07/13/2020,2000, , , , ,"","A very strong area of high pressure strengthened over the southwest United States, leading to excessive heat conditions across the region. Temperatures in Phoenix exceeded 110 degrees each day with afternoon highs reaching or exceeding 115 degrees on the 11th and the 12th. According to the Maricopa County Department of Public Health, 47 heat-associated fatalities occurred during this event.",288
992822,SONORAN DESERT NATL MONUMENT (ZONE), ,07/11/2020,1000,Excessive Heat, , ,0,0,0,0,AZ,MST-7, ,164332,Z,559,PSR,0,0,County Official, , , , , , , , ,07/13/2020,2000, , , , ,"","A very strong area of high pressure strengthened over the southwest United States, leading to excessive heat conditions across the region. Temperatures in Phoenix exceeded 110 degrees each day with afternoon highs reaching or exceeding 115 degrees on the 11th and the 12th. According to the Maricopa County Department of Public Health, 47 heat-associated fatalities occurred during this event.",289
992823,DRIPPING SPRINGS (ZONE), ,07/11/2020,1000,Excessive Heat, , ,0,0,0,0,AZ,MST-7, ,164332,Z,561,PSR,0,0,County Official, , , , , , , , ,07/13/2020,2000, , , , ,"","A very strong area of high pressure strengthened over the southwest United States, leading to excessive heat conditions across the region. Temperatures in Phoenix exceeded 110 degrees each day with afternoon highs reaching or exceeding 115 degrees on the 11th and the 12th. According to the Maricopa County Department of Public Health, 47 heat-associated fatalities occurred during this event.",290
992824,GLOBE/MIAMI (ZONE), ,07/11/2020,1000,Excessive Heat, , ,0,0,0,0,AZ,MST-7, ,164332,Z,562,PSR,0,0,County Official, , , , , , , , ,07/13/2020,2000, , , , ,"","A very strong area of high pressure strengthened over the southwest United States, leading to excessive heat conditions across the region. Temperatures in Phoenix exceeded 110 degrees each day with afternoon highs reaching or exceeding 115 degrees on the 11th and the 12th. According to the Maricopa County Department of Public Health, 47 heat-associated fatalities occurred during this event.",291
992825,SOUTHEAST GILA COUNTY (ZONE), ,07/11/2020,1000,Excessive Heat, , ,0,0,0,0,AZ,MST-7, ,164332,Z,563,PSR,0,0,County Official, , , , , , , , ,07/13/2020,2000, , , , ,"","A very strong area of high pressure strengthened over the southwest United States, leading to excessive heat conditions across the region. Temperatures in Phoenix exceeded 110 degrees each day with afternoon highs reaching or exceeding 115 degrees on the 11th and the 12th. According to the Maricopa County Department of Public Health, 47 heat-associated fatalities occurred during this event.",292
900082,LAKE HAVASU AND FORT MOHAVE (ZONE), ,07/11/2020,1200,Excessive Heat, , ,0,0,0,0,AZ,MST-7, ,149330,Z,2,VEF,0,0,Official NWS Observations, , , , , , , , ,07/13/2020,2000, , , , ,"Excessive Heat Warning criteria were reached three days in a row.","Strong high pressure brought dangerously hot temperatures to the Mojave Desert.",293
900083,NORTHWEST DESERTS (ZONE), ,07/11/2020,1200,Excessive Heat, , ,0,0,0,0,AZ,MST-7, ,149330,Z,3,VEF,0,0,Official NWS Observations, , , , , , , , ,07/13/2020,2000, , , , ,"Excessive Heat Warning criteria were reached three days in a row.","Strong high pressure brought dangerously hot temperatures to the Mojave Desert.",294
900084,LAKE MEAD NATIONAL RECREATION AREA (ZONE), ,07/11/2020,1200,Excessive Heat, , ,0,0,0,0,AZ,MST-7, ,149330,Z,36,VEF,0,0,Official NWS Observations, , , , , , , , ,07/13/2020,2000, , , , ,"Excessive Heat Warning criteria were reached three days in a row.","Strong high pressure brought dangerously hot temperatures to the Mojave Desert.",295
912877,EASTERN COCHISE COUNTY BELOW 5000 FEET (ZONE), ,07/11/2020,1715,Dust Storm, , ,0,0,0,0,AZ,MST-7, ,151483,Z,508,TWC,0,0,Law Enforcement, , , , , , , , ,07/11/2020,1805, , , , ,"Strong thunderstorm winds initiated a dust storm near the Willcox Playa that moved west restricting visibility to less than a quarter mile along Interstate 10 between Willcox and Texas Canyon, temporarily halting traffic.","Isolated to scattered thunderstorms developed and moved north across southeast Arizona, primarily south of Interstate 10. One storm caused flash flooding in southern Cochise County and another produced severe wind gusts in the Empire Mountains.",296
912878,COCHISE CO.,SIERRA VISTA,07/11/2020,1728,Thunderstorm Wind,69.00, ,0,0,10000,0,AZ,MST-7,MG,151483,C,3,TWC,0,0,ASOS, , , ,0,N,5,WNW,(FHU)FT HUACHUCA AFB,07/11/2020,1746,31.5521,-110.3,31.6031,-110.4367,"Thunderstorm wind gusts downed six power poles in Sierra Vista near Willcox Rd. and S Carmichael Ave.  Wind gusts of 61 mph were reported at KFHU Libby Field ASOS and 79 mph at KALK Pioneer Field ASOS.","Isolated to scattered thunderstorms developed and moved north across southeast Arizona, primarily south of Interstate 10. One storm caused flash flooding in southern Cochise County and another produced severe wind gusts in the Empire Mountains.",297
911705,GALIURO AND PINALENO MOUNTAINS (ZONE), ,07/11/2020,1800,Wildfire, , ,0,0,0,0,AZ,MST-7, ,151246,Z,511,TWC,0,0,Other Federal Agency, , , , , , , , ,07/22/2020,1200, , , , ,"Lightning started the Jackson Fire in the Santa Teresa Mountains southwest of Fort Thomas on July 11th. The fire was spread by strong winds and consumed 2946 acres before becoming fully contained July 22nd.","Lightning started the Jackson Fire in the Santa Teresa Mountains in western Graham County on July 11th. The fire was spread by strong winds and consumed 2946 acres before becoming fully contained July 22nd. Fire suppression costs were estimated at $1 million.",298
912881,COCHISE CO.,BENSON,07/11/2020,1820,Thunderstorm Wind,52.00, ,0,0,1000,0,AZ,MST-7,EG,151483,C,3,TWC,0,0,Local Official, , , ,0,ESE,0,ESE,BENSON,07/11/2020,1820,31.9681,-110.295,31.9681,-110.295,"Thunderstorm winds downed a tree at the Benson Visitor Center.  The falling tree also damaged a pole-mounted gaslight.","Isolated to scattered thunderstorms developed and moved north across southeast Arizona, primarily south of Interstate 10. One storm caused flash flooding in southern Cochise County and another produced severe wind gusts in the Empire Mountains.",299
912883,PIMA CO.,SABINO,07/11/2020,1932,Thunderstorm Wind,56.00, ,0,0,100000,0,AZ,MST-7,EG,151483,C,19,TWC,0,0,Broadcast Media, , , ,4,S,3,S,ORO VLY,07/11/2020,2000,32.2392,-110.8239,32.3703,-110.9731,"Thunderstorms rolled northwest across the Tucson Metro area with thunderstorm outflow winds downing numerous trees and ten power poles.  Power was out for several hours for at least 12,000 customers due to downed poles and lines as well as damaged transformers.  Power poles were reported down at Broadway and Craycroft, Prince and Flowing Wells and Ina and Oracle.  Fallen trees caused damage to the Mission Palms Apartments near Orange Grove and La Cholla. Trees also fell onto a vehicle at River and Craycroft and two cars in Oro Valley. A wind gust to 59 mph was recorded at KDMA Davis-Monthan AFB ASOS.","Isolated to scattered thunderstorms developed and moved north across southeast Arizona, primarily south of Interstate 10. One storm caused flash flooding in southern Cochise County and another produced severe wind gusts in the Empire Mountains.",300
912885,PIMA CO.,(DMA)DAVIS MONTHAN A,07/11/2020,2000,Lightning, , ,0,0,50000,0,AZ,MST-7, ,151483,C,19,TWC,0,0,Broadcast Media, , , ,5,ENE,5,ENE,(DMA)DAVIS MONTHAN A,07/11/2020,2000,32.2011,-110.8055,32.2011,-110.8055,"Lightning struck a house in 26th St and Camino Seco in Tucson.  Lightning only caused a small hole in the roof, but fire caused considerable damage to at least one room in the house.","Isolated to scattered thunderstorms developed and moved north across southeast Arizona, primarily south of Interstate 10. One storm caused flash flooding in southern Cochise County and another produced severe wind gusts in the Empire Mountains.",301
911700,UPPER SANTA CRUZ RIVER AND ALTAR VALLEYS (ZONE), ,07/11/2020,2000,Wildfire, , ,0,0,0,0,AZ,MST-7, ,151242,Z,503,TWC,0,0,State Official, , , , , , , , ,07/15/2020,900, , , , ,"Lightning started the Navarro Fire in the Sierrita Mountains 10 miles west northwest of Green Valley during the evening hours of July 11th. The fire was spread by strong winds and consumed 2306 acres before becoming fully contained the morning of July 15th.","Lightning started the Navarro Fire in the Sierrita Mountains in southeast Pima County on July 11th. The fire was spread by strong winds and consumed 2306 acres before becoming fully contained July 15th. Fire suppression costs were estimated at $675,000.",302
912884,TUCSON METRO AREA (ZONE), ,07/11/2020,2010,Dust Storm, , ,0,0,0,0,AZ,MST-7, ,151483,Z,504,TWC,0,0,NWS Employee, , , , , , , , ,07/11/2020,2030, , , , ,"Thunderstorm outflow winds produced blowing dust that restricted visibility to less than a quarter mile along Interstate 10 in northwest portions of the Tucson Metro area, temporarily halting traffic.","Isolated to scattered thunderstorms developed and moved north across southeast Arizona, primarily south of Interstate 10. One storm caused flash flooding in southern Cochise County and another produced severe wind gusts in the Empire Mountains.",303
911704,UPPER GILA RIVER AND ARAVAIPA VALLEYS (ZONE), ,07/12/2020,1530,Wildfire, , ,0,0,0,0,AZ,MST-7, ,151244,Z,509,TWC,0,0,Other Federal Agency, , , , , , , , ,07/18/2020,1200, , , , ,"Lightning started the Valley Fire on the San Carlos Apache Tribe lands northeast of Peridot on July 12th. The fire was spread rapidly by strong winds and consumed 29,639 acres before becoming fully contained July 18th. Point O' Pines Road was closed for several days.","Lightning started the Valley Fire on the San Carlos Apache Tribe lands in Graham County on July 12th. The fire was spread rapidly by strong winds and consumed 29,639 acres before becoming fully contained July 18th. Fire suppression costs were estimated at $2 million.",304
913211,PIMA CO.,RILLITO,07/12/2020,1735,Lightning, , ,0,0,15000,0,AZ,MST-7, ,151518,C,19,TWC,0,0,Fire Department/Rescue, , , ,4,NNE,4,NNE,RILLITO,07/12/2020,1735,32.4653,-111.1204,32.4653,-111.1204,"Lightning started an attic fire in a house near Dove Mountain and Golden Barrel.","Isolated thunderstorms developed and moved west northwest across southeast Arizona.  Lightning started a house fire in the Dove Mountain area north of Tucson while other storms kicked up blowing dust in southeast Pinal County reducing visibility on Interstate 10 to a half mile.",305
899699,APACHE CO.,RICE,07/13/2020,1352,Thunderstorm Wind,56.00, ,0,0,0,0,AZ,MST-7,MG,149267,C,1,FGZ,0,0,Mesonet, , , ,4,NE,9,NW,PINTA,07/13/2020,1352,35.06,-109.78,35.1748,-109.7747,"An Arizona Department of Transportation wind sensor near Petrified Forest National Park  reported a peak wind gust of 64 MPH along Interstate 40.","Monsoon moisture fueled a thunderstorm that caused wind damage.",306
992004,CENTRAL PHOENIX (ZONE), ,07/14/2020,0,Excessive Heat, , ,12,0,0,0,AZ,MST-7, ,164332,Z,543,PSR,0,0,County Official, , , , , , , , ,07/14/2020,2359, , , , ,"Twelve heat-associated fatalities were reported by the Maricopa County Department of Public Health, with their details, such as age, gender, circumstances and location unavailable.","A very strong area of high pressure strengthened over the southwest United States, leading to excessive heat conditions across the region. Temperatures in Phoenix exceeded 110 degrees each day with afternoon highs reaching or exceeding 115 degrees on the 11th and the 12th. According to the Maricopa County Department of Public Health, 47 heat-associated fatalities occurred during this event.",307
913212,COCHISE CO.,ST DAVID,07/14/2020,1430,Thunderstorm Wind,52.00, ,0,0,0,0,AZ,MST-7,EG,151519,C,3,TWC,0,0,Trained Spotter, , , ,0,N,0,N,ST DAVID,07/14/2020,1430,31.9,-110.22,31.9,-110.22,"Thunderstorm winds downed several mesquite tree branches in Saint David.","Isolated thunderstorms developed over Cochise and Graham counties and moved northeast. One storm downed large tree branches in Saint David.",308
992006,CENTRAL PHOENIX (ZONE), ,07/15/2020,0,Heat, , ,8,0,0,0,AZ,MST-7, ,164333,Z,543,PSR,0,0,County Official, , , , , , , , ,07/15/2020,2359, , , , ,"Eight heat-associated fatalities were reported by the Maricopa County Department of Public Health, with their details, such as age, gender, circumstances and location unavailable.","The Desert Southwest remained under the influence of persistent strong high pressure during the middle part of July. During this time, temperatures peaked around 110 degrees each day. According to the Maricopa County Department of Public Health, 24 heat-associated fatalities occurred during this time.",309
913213,PIMA CO.,GREATERVILLE,07/15/2020,1250,Thunderstorm Wind,58.00, ,0,0,0,0,AZ,MST-7,MG,151520,C,19,TWC,0,0,RAWS, , , ,7,ENE,7,ENE,GREATERVILLE,07/15/2020,1250,31.78,-110.64,31.78,-110.64,"A thunderstorm wind gust of 67 mph was recorded at Empire RAWS.","Isolated slow and erratic moving thunderstorms occurred across parts of southeast Arizona from Tucson and Nogales eastward. One storm produced severe wind gusts southeast of Tucson and another storm produced heavy rain that led to debris flows on the Bighorn Fire burn scar area.",310
913214,PIMA CO.,SUMMERHAVEN,07/15/2020,1600,Debris Flow, , ,0,0,0,0,AZ,MST-7, ,151520,C,19,TWC,0,0,County Official,Heavy Rain / Burn Area, , ,2,NNE,7,WNW,MT LEMMON,07/15/2020,1815,32.4832,-110.7611,32.5003,-110.8809,"A debris flow of mud, ash, branches and brush was caused by rainfall between 0.75 and 1.25 in less than 1 hour on the northern part of the Bighorn Fire burn scar. A flow of nearly 5 feet was measured at the upper reaches of the Canada Del Oro Wash and a debris flow as deep as 3 feet was observed downstream crossing Edwin Road.","Isolated slow and erratic moving thunderstorms occurred across parts of southeast Arizona from Tucson and Nogales eastward. One storm produced severe wind gusts southeast of Tucson and another storm produced heavy rain that led to debris flows on the Bighorn Fire burn scar area.",311
913215,PINAL CO.,CAMP BONITO,07/15/2020,1600,Debris Flow, , ,0,0,0,0,AZ,MST-7, ,151520,C,21,TWC,0,0,County Official,Heavy Rain / Burn Area, , ,4,SSW,7,NW,MT LEMMON,07/15/2020,1800,32.5146,-110.736,32.5115,-110.8736,"A debris flow of mud, ash, branches and brush was caused by rainfall between 0.75 and 1.25 in less than 1 hour on the northern part of the Bighorn Fire burn scar. A flow of nearly 5 feet was measured at the upper reaches of the Canada Del Oro Wash and a debris flow as deep as 3 feet was observed downstream crossing Edwin Road.","Isolated slow and erratic moving thunderstorms occurred across parts of southeast Arizona from Tucson and Nogales eastward. One storm produced severe wind gusts southeast of Tucson and another storm produced heavy rain that led to debris flows on the Bighorn Fire burn scar area.",312
992007,CENTRAL PHOENIX (ZONE), ,07/16/2020,0,Heat, , ,14,0,0,0,AZ,MST-7, ,164333,Z,543,PSR,0,0,County Official, , , , , , , , ,07/16/2020,2359, , , , ,"Fourteen heat-associated fatalities were reported by the Maricopa County Department of Public Health, with their details, such as age, gender, circumstances and location unavailable.","The Desert Southwest remained under the influence of persistent strong high pressure during the middle part of July. During this time, temperatures peaked around 110 degrees each day. According to the Maricopa County Department of Public Health, 24 heat-associated fatalities occurred during this time.",313
896893,GRAND CANYON COUNTRY (ZONE), ,07/16/2020,600,Wildfire, , ,0,0,0,0,AZ,MST-7, ,148861,Z,6,FGZ,0,0,Other Federal Agency, , , , , , , , ,07/27/2020,1800, , , , ,"The Thumb Butte Fire was caused by lightning burned 8,354 acres of Havasupai Nation and Grand Canyon National Park Land.","The Thumb Butte Fire was started by lightning at around 6 AM on July 16 on the South Rim of the Grand Canyon. It eventually burned 8,354 acres before rain stopped the fire from moving.",314
912466,UPPER SAN PEDRO RIVER VALLEY (ZONE), ,07/16/2020,1100,Heat, , ,1,0,0,0,AZ,MST-7, ,151414,Z,507,TWC,0,0,County Official, , , , , , , , ,07/16/2020,1500, , , , ,"Above normal temperatures occurred in southwest Cochise County on July 16th. High temperatures included 98 at Hereford and 95 at Tombstone.  US Border Patrol and Cochise County Sheriff personnel responded to a call about a companion who was suffering from heat exhaustion near Hereford.  The teenage male was found deceased. The Pima County Medical Examiner confirmed that heat was the primary cause of death.","Above normal temperatures occurred in southeast Arizona on July 16th with high temperatures of 95 to 100 degrees in southwest Cochise County. The Pima County Medical Examiner confirmed that heat was the primary cause of death for one teenage male near Hereford.",315
992008,CENTRAL PHOENIX (ZONE), ,07/17/2020,0,Heat, , ,2,0,0,0,AZ,MST-7, ,164333,Z,543,PSR,0,0,County Official, , , , , , , , ,07/17/2020,2359, , , , ,"Two heat-associated fatalities were reported by the Maricopa County Department of Public Health, with their details, such as age, gender, circumstances and location unavailable.","The Desert Southwest remained under the influence of persistent strong high pressure during the middle part of July. During this time, temperatures peaked around 110 degrees each day. According to the Maricopa County Department of Public Health, 24 heat-associated fatalities occurred during this time.",316
992009,CENTRAL PHOENIX (ZONE), ,07/18/2020,0,Heat, , ,4,0,0,0,AZ,MST-7, ,164334,Z,543,PSR,0,0,County Official, , , , , , , , ,07/18/2020,2359, , , , ,"Four heat-associated fatalities were reported by the Maricopa County Department of Public Health, with their details, such as age, gender, circumstances and location unavailable.","Strong high pressure led to temperatures climbing near to slightly above 110 degrees during a several day period for the latter part of July. According to the Maricopa County Department of Public Health, 31 heat-associated fatalities occurred during this time.",317
992837,AGUILA VALLEY (ZONE), ,07/19/2020,1000,Excessive Heat, , ,0,0,0,0,AZ,MST-7, ,164334,Z,534,PSR,0,0,County Official, , , , , , , , ,07/19/2020,2000, , , , ,"","Strong high pressure led to temperatures climbing near to slightly above 110 degrees during a several day period for the latter part of July. According to the Maricopa County Department of Public Health, 31 heat-associated fatalities occurred during this time.",318
992838,NORTHWEST VALLEY (ZONE), ,07/19/2020,1000,Excessive Heat, , ,0,0,0,0,AZ,MST-7, ,164334,Z,537,PSR,0,0,County Official, , , , , , , , ,07/19/2020,2000, , , , ,"","Strong high pressure led to temperatures climbing near to slightly above 110 degrees during a several day period for the latter part of July. According to the Maricopa County Department of Public Health, 31 heat-associated fatalities occurred during this time.",319
992839,TONOPAH DESERT (ZONE), ,07/19/2020,1000,Excessive Heat, , ,0,0,0,0,AZ,MST-7, ,164334,Z,538,PSR,0,0,County Official, , , , , , , , ,07/19/2020,2000, , , , ,"","Strong high pressure led to temperatures climbing near to slightly above 110 degrees during a several day period for the latter part of July. According to the Maricopa County Department of Public Health, 31 heat-associated fatalities occurred during this time.",320
992846,FOUNTAIN HILLS/EAST MESA (ZONE), ,07/19/2020,1000,Excessive Heat, , ,0,0,0,0,AZ,MST-7, ,164334,Z,549,PSR,0,0,County Official, , , , , , , , ,07/19/2020,2000, , , , ,"","Strong high pressure led to temperatures climbing near to slightly above 110 degrees during a several day period for the latter part of July. According to the Maricopa County Department of Public Health, 31 heat-associated fatalities occurred during this time.",321
992847,SOUTH MOUNTAIN/AHWATUKEE (ZONE), ,07/19/2020,1000,Excessive Heat, , ,0,0,0,0,AZ,MST-7, ,164334,Z,550,PSR,0,0,County Official, , , , , , , , ,07/19/2020,2000, , , , ,"","Strong high pressure led to temperatures climbing near to slightly above 110 degrees during a several day period for the latter part of July. According to the Maricopa County Department of Public Health, 31 heat-associated fatalities occurred during this time.",322
992849,YUMA (ZONE), ,07/19/2020,1000,Excessive Heat, , ,0,0,0,0,AZ,MST-7, ,164334,Z,532,PSR,0,0,County Official, , , , , , , , ,07/19/2020,2000, , , , ,"","Strong high pressure led to temperatures climbing near to slightly above 110 degrees during a several day period for the latter part of July. According to the Maricopa County Department of Public Health, 31 heat-associated fatalities occurred during this time.",323
992840,BUCKEYE/AVONDALE (ZONE), ,07/19/2020,1000,Excessive Heat, , ,0,0,0,0,AZ,MST-7, ,164334,Z,540,PSR,0,0,County Official, , , , , , , , ,07/19/2020,2000, , , , ,"","Strong high pressure led to temperatures climbing near to slightly above 110 degrees during a several day period for the latter part of July. According to the Maricopa County Department of Public Health, 31 heat-associated fatalities occurred during this time.",324
992841,CAVE CREEK/NEW RIVER (ZONE), ,07/19/2020,1000,Excessive Heat, , ,0,0,0,0,AZ,MST-7, ,164334,Z,541,PSR,0,0,County Official, , , , , , , , ,07/19/2020,2000, , , , ,"","Strong high pressure led to temperatures climbing near to slightly above 110 degrees during a several day period for the latter part of July. According to the Maricopa County Department of Public Health, 31 heat-associated fatalities occurred during this time.",325
992843,NORTH PHOENIX/GLENDALE (ZONE), ,07/19/2020,1000,Excessive Heat, , ,0,0,0,0,AZ,MST-7, ,164334,Z,544,PSR,0,0,County Official, , , , , , , , ,07/19/2020,2000, , , , ,"","Strong high pressure led to temperatures climbing near to slightly above 110 degrees during a several day period for the latter part of July. According to the Maricopa County Department of Public Health, 31 heat-associated fatalities occurred during this time.",326
992844,SCOTTSDALE/PARADISE VALLEY (ZONE), ,07/19/2020,1000,Excessive Heat, , ,0,0,0,0,AZ,MST-7, ,164334,Z,546,PSR,0,0,County Official, , , , , , , , ,07/19/2020,2000, , , , ,"","Strong high pressure led to temperatures climbing near to slightly above 110 degrees during a several day period for the latter part of July. According to the Maricopa County Department of Public Health, 31 heat-associated fatalities occurred during this time.",327
992845,EAST VALLEY (ZONE), ,07/19/2020,1000,Excessive Heat, , ,0,0,0,0,AZ,MST-7, ,164334,Z,548,PSR,0,0,County Official, , , , , , , , ,07/19/2020,2000, , , , ,"","Strong high pressure led to temperatures climbing near to slightly above 110 degrees during a several day period for the latter part of July. According to the Maricopa County Department of Public Health, 31 heat-associated fatalities occurred during this time.",328
992010,CENTRAL PHOENIX (ZONE), ,07/19/2020,1000,Excessive Heat, , ,13,0,0,0,AZ,MST-7, ,164334,Z,543,PSR,0,0,County Official, , , , , , , , ,07/19/2020,2000, , , , ,"Thirteen heat-associated fatalities were reported by the Maricopa County Department of Public Health, with their details, such as age, gender, circumstances and location unavailable.","Strong high pressure led to temperatures climbing near to slightly above 110 degrees during a several day period for the latter part of July. According to the Maricopa County Department of Public Health, 31 heat-associated fatalities occurred during this time.",329
992842,DEER VALLEY (ZONE), ,07/19/2020,1000,Excessive Heat, , ,0,0,0,0,AZ,MST-7, ,164334,Z,542,PSR,0,0,County Official, , , , , , , , ,07/19/2020,2000, , , , ,"","Strong high pressure led to temperatures climbing near to slightly above 110 degrees during a several day period for the latter part of July. According to the Maricopa County Department of Public Health, 31 heat-associated fatalities occurred during this time.",330
992848,SOUTHEAST VALLEY/QUEEN CREEK (ZONE), ,07/19/2020,1000,Excessive Heat, , ,0,0,0,0,AZ,MST-7, ,164334,Z,551,PSR,0,0,County Official, , , , , , , , ,07/19/2020,2000, , , , ,"","Strong high pressure led to temperatures climbing near to slightly above 110 degrees during a several day period for the latter part of July. According to the Maricopa County Department of Public Health, 31 heat-associated fatalities occurred during this time.",331
992011,CENTRAL PHOENIX (ZONE), ,07/20/2020,0,Heat, , ,7,0,0,0,AZ,MST-7, ,164334,Z,543,PSR,0,0,County Official, , , , , , , , ,07/20/2020,2359, , , , ,"Seven heat-associated fatalities were reported by the Maricopa County Department of Public Health, with their details, such as age, gender, circumstances and location unavailable.","Strong high pressure led to temperatures climbing near to slightly above 110 degrees during a several day period for the latter part of July. According to the Maricopa County Department of Public Health, 31 heat-associated fatalities occurred during this time.",332
992012,CENTRAL PHOENIX (ZONE), ,07/21/2020,0,Heat, , ,6,0,0,0,AZ,MST-7, ,164334,Z,543,PSR,0,0,County Official, , , , , , , , ,07/21/2020,2359, , , , ,"Six heat-associated fatalities were reported by the Maricopa County Department of Public Health, with their details, such as age, gender, circumstances and location unavailable.","Strong high pressure led to temperatures climbing near to slightly above 110 degrees during a several day period for the latter part of July. According to the Maricopa County Department of Public Health, 31 heat-associated fatalities occurred during this time.",333
912467,TOHONO O ODHAM NATION (ZONE), ,07/21/2020,1000,Heat, , ,1,0,0,0,AZ,MST-7, ,151416,Z,502,TWC,0,0,County Official, , , , , , , , ,07/21/2020,2000, , , , ,"Above normal temperatures occurred in Pima County on July 21st. High temperatures included 103 degrees at the Tucson International Airport, 102 at Sells and 101 at Sasabe. The Pima County Medical Examiner confirmed that heat was the primary cause of death for an adult male 4 miles southeast of Kitt Peak and another 7 miles northwest of Sells.","Above normal temperatures occurred in southeast Arizona on July 21st with high temperatures just over 100 degrees in central Pima County. The Pima County Medical Examiner confirmed that heat was the primary cause of death for two males, one northwest of Sells on the Tohono O'odham Nation and another southeast of Kitt Peak.",334
912468,UPPER SANTA CRUZ RIVER AND ALTAR VALLEYS (ZONE), ,07/21/2020,1000,Heat, , ,1,0,0,0,AZ,MST-7, ,151416,Z,503,TWC,0,0,County Official, , , , , , , , ,07/21/2020,2000, , , , ,"Above normal temperatures occurred in Pima County on July 21st. High temperatures included 103 degrees at the Tucson International Airport, 102 at Sells and 101 at Sasabe. The Pima County Medical Examiner confirmed that heat was the primary cause of death for an adult male 4 miles southeast of Kitt Peak and another 7 miles northwest of Sells.","Above normal temperatures occurred in southeast Arizona on July 21st with high temperatures just over 100 degrees in central Pima County. The Pima County Medical Examiner confirmed that heat was the primary cause of death for two males, one northwest of Sells on the Tohono O'odham Nation and another southeast of Kitt Peak.",335
992013,CENTRAL PHOENIX (ZONE), ,07/22/2020,0,Heat, , ,1,0,0,0,AZ,MST-7, ,164334,Z,543,PSR,0,0,County Official, , , , , , , , ,07/22/2020,2359, , , , ,"One heat-associated fatality was reported by the Maricopa County Department of Public Health, with their details, such as age, gender, circumstances and location unavailable.","Strong high pressure led to temperatures climbing near to slightly above 110 degrees during a several day period for the latter part of July. According to the Maricopa County Department of Public Health, 31 heat-associated fatalities occurred during this time.",336
913217,PINAL CO.,CAMP BONITO,07/22/2020,1330,Debris Flow, , ,0,0,0,0,AZ,MST-7, ,151521,C,21,TWC,0,0,County Official,Heavy Rain / Burn Area, , ,4,SSW,10,SW,ORACLE,07/22/2020,1550,32.5146,-110.736,32.5115,-110.8736,"A debris flow of mud, ash, branches and brush was caused by rainfall between 0.75 and 1.25 in just over 30 minutes on the northern part of the Bighorn Fire burn scar. A flow of around 2 feet was measured at the upper reaches of the Canada Del Oro Wash and a debris flow as deep as 2 feet was also observed downstream crossing Edwin Road.","Isolated slow and erratic moving thunderstorms occurred across parts of southeast Arizona from Tucson and Nogales eastward. One storm produced heavy rain that led to debris flows on the Bighorn Fire burn scar area.",337
913216,PIMA CO.,SUMMERHAVEN,07/22/2020,1330,Debris Flow, , ,0,0,0,0,AZ,MST-7, ,151521,C,19,TWC,0,0,County Official,Heavy Rain / Burn Area, , ,2,NNE,7,WNW,MT LEMMON,07/22/2020,1600,32.485,-110.7595,32.5003,-110.8809,"A debris flow of mud, ash, branches and brush was caused by rainfall between 0.75 and 1.25 in just over 30 minutes on the northern part of the Bighorn Fire burn scar. A flow of around 2 feet was measured at the upper reaches of the Canada Del Oro Wash and a debris flow as deep as 2 feet was also observed downstream crossing Edwin Road.","Isolated slow and erratic moving thunderstorms occurred across parts of southeast Arizona from Tucson and Nogales eastward. One storm produced heavy rain that led to debris flows on the Bighorn Fire burn scar area.",338
913288,PIMA CO.,TUCSON,07/23/2020,1000,Flash Flood, , ,0,0,2000,0,AZ,MST-7, ,151543,C,19,TWC,0,0,Fire Department/Rescue,Heavy Rain, , ,3,ENE,3,NNE,TUCSON,07/23/2020,1100,32.2476,-110.8753,32.272,-110.9178,"Thunderstorms produced heavy rain of 1 to 2 inches in one hour in northern Tucson and the Catalina Foothills. At Glenn and Craycroft Rd. flood waters were 2 feet deep causing stalled vehicles. Alamo Wash experienced a nearly 3 foot rise near Glenn St. and the Rillito at Dodge rose 2 feet.","Scattered thunderstorms developed and moved west across southeast Arizona from the predawn hours through early afternoon.  Some storms produced heavy rain and flash flooding in and around the Tucson Metro area, including the Bighorn Fire burn scar area. Several swift water rescues were performed. One man drowned after a rapid rise in the normally dry Santa Cruz River.",339
913363,PIMA CO.,TUCSON,07/23/2020,1000,Flash Flood, , ,1,0,50000,0,AZ,MST-7, ,151543,C,19,TWC,0,0,Fire Department/Rescue,Heavy Rain, , ,4,N,2,SSE,CORTARO,07/23/2020,1300,32.2838,-110.9218,32.322,-111.0647,"Flash flooding occurred across a large part of central and southwest Tucson.  Around 2 inches of rain fell in 60-90 minutes from the Catalina Foothills near Alvernon Way west through Flowing Wells and south to Tucson Estates, Drexel Heights and the Pascua Pueblo. Rain totals of at least 3 to 4 inches in southwest Tucson caused numerous road closures, including San Xavier Rd near the Mission.  Interstate 10 at Sunset Road was also closed briefly. Multiple vehicles became stranded in flood waters and several swift water rescues occurred in midtown. Vehicle rescues were noted on Fort Lowell Rd. at Tuscon Blvd and Stone Ave. and also near Glenn and Fairview.  A man was also rescued from the Rillito River near the Tucson Mall.  Farther south and west, a truck became stuck in Camino De Oeste Wash at Lloyd Bush Dr.  A two to three foot wall of water progressed down the normally dry Santa Cruz River.  The Pima County Medical Examiner determined that the cause of death was drowning for a man pulled from the Santa Cruz River near Speedway.","Scattered thunderstorms developed and moved west across southeast Arizona from the predawn hours through early afternoon.  Some storms produced heavy rain and flash flooding in and around the Tucson Metro area, including the Bighorn Fire burn scar area. Several swift water rescues were performed. One man drowned after a rapid rise in the normally dry Santa Cruz River.",340
913355,PIMA CO.,CASAS ADOBES,07/23/2020,1030,Flash Flood, , ,0,0,0,0,AZ,MST-7, ,151543,C,19,TWC,0,0,County Official,Heavy Rain, , ,4,NE,3,SE,CASAS ADOBES,07/23/2020,1300,32.3501,-110.9299,32.2803,-110.9434,"Around an inch of rain in 30 minutes fell during the early morning hours near the headwaters of Pima Wash and Ventana Canyon Wash, within the Bighorn Fire burn scar area. Additional heavy rain of 0.75 to 1.5 fell in the urbanized area downstream of the burn area later that morning which caused combined runoff sufficient to cause a 2 foot sooty flow in Ventana Canyon Wash at Sunrise Drive and the closure of Snyder Road.","Scattered thunderstorms developed and moved west across southeast Arizona from the predawn hours through early afternoon.  Some storms produced heavy rain and flash flooding in and around the Tucson Metro area, including the Bighorn Fire burn scar area. Several swift water rescues were performed. One man drowned after a rapid rise in the normally dry Santa Cruz River.",341
913704,PIMA CO.,TUSCON MARANA NW AIRPORT,07/23/2020,1030,Flash Flood, , ,0,0,0,0,AZ,MST-7, ,151543,C,19,TWC,0,0,Local Official,Heavy Rain, , ,4,S,1,SE,MARANA,07/23/2020,1130,32.3555,-111.2102,32.4404,-111.2115,"Pockets of heavy rain on the order of 1 inch in just over an hour caused isolated areas of flash flooding in parts of Picture Rocks and Marana.  Road closures due to flooding were noted on Emigh Rd. near Sandario and Sanders.","Scattered thunderstorms developed and moved west across southeast Arizona from the predawn hours through early afternoon.  Some storms produced heavy rain and flash flooding in and around the Tucson Metro area, including the Bighorn Fire burn scar area. Several swift water rescues were performed. One man drowned after a rapid rise in the normally dry Santa Cruz River.",342
899708,APACHE CO.,VERNON,07/23/2020,1130,Heavy Rain, , ,0,0,0,0,AZ,MST-7, ,149270,C,1,FGZ,0,0,Trained Spotter, , , ,6,W,7,N,VERNON,07/23/2020,1315,34.28,-109.78,34.37,-109.68,"There were several reports of between 1.00 and 2.20 inches of rain that fell in just over an hour in the Vernon area.  Hail (0.70 inch diameter) was also reported.","Thunderstorms brought heavy rain to parts of Arizona on July 23.",343
904685,MARICOPA CO.,COTTON CENTER,07/23/2020,1500,Flash Flood, , ,0,0,0,0,AZ,MST-7, ,150038,C,13,PSR,0,0,Mesonet,Heavy Rain, , ,5,NNW,4,S,ARLINGTON,07/23/2020,1900,33.1414,-112.7165,33.256,-112.7544,"Thunderstorms with heavy rain developed to the southwest of Phoenix during the afternoon hours on July 23rd, resulting in an episode of flash flooding approximately 15 miles to the southwest of the town of Buckeye. Flash flooding resulted in the closure of old US 80 at Rainbow Wash at about 1515MST. The wash quickly rose over 3.5 feet. The timing of the flooding was based on stream gage data from the Maricopa County Flood Control network. Flash flooding was observed on video by a trained weather spotter; he could see the flood waters moving through the wash and approaching highway 80. There were no reports of accidents or injury due to the flash flooding.","Thunderstorms developed over the deserts to the west of Phoenix during the afternoon hours on July 23rd and some of the stronger storms generated locally heavy rainfall. The heavy rain was sufficient to lead to an episode of flash flooding to the southwest of Phoenix, between Gila Bend and Buckeye, just to the west of Highway 85. The flash flooding resulted in the closure of old Highway 80 about 15 miles southwest of Buckeye. The highway was closed by Rainbow Wash and the flooding was captured on video by a trained spotter. There were no reports of accidents or injury due to the flash flooding.",344
899709,COCONINO CO.,FOREST LAKES,07/23/2020,1550,Heavy Rain, , ,0,0,0,0,AZ,MST-7, ,149270,C,5,FGZ,0,0,Trained Spotter, , , ,1,N,12,NE,FOREST LAKES,07/23/2020,1615,34.34,-110.8,34.4517,-110.6383,"A trained spotter reported 0.82 inches of rainfall in 25 minutes in Forest Lakes.","Thunderstorms brought heavy rain to parts of Arizona on July 23.",345
900103,MOHAVE CO.,(IGM)MOJAVE CO ARPT,07/24/2020,1055,Tornado, ,EF0,0,0,0,0,AZ,MST-7, ,149336,C,15,VEF,0,0,Emergency Manager, ,0.98,50,4,E,4,E,(IGM)MOJAVE CO ARPT,07/24/2020,1103,35.222,-113.8609,35.236,-113.8579,"Numerous photos and videos, from the Mohave County Emergency Manager and social media among other sources, documented a weak tornado which touched down over open desert, moved one mile north over the course of eight minutes, and dissipated. The tornado did not cause any damage; thus, it was rated EF-0.","A weak, rope-like tornado touched down in open desert east of Kingman, tracked north for eight miles, and dissipated without causing any damage.",346
912469,WESTERN PIMA COUNTY (ZONE), ,07/24/2020,1100,Heat, , ,1,0,0,0,AZ,MST-7, ,151417,Z,501,TWC,0,0,County Official, , , , , , , , ,07/24/2020,2000, , , , ,"Above normal temperatures occurred in western Pima County on July 24th. High temperatures included 103 degrees at Ajo and 101 at Organ Pipe Cactus National Monument.  The Pima County Medical Examiner confirmed that heat was the primary cause of death of the unidentified male found 20 miles west of Ajo.","Above normal temperatures occurred in southeast Arizona on July 24th with high temperatures just over 100 degrees in western Pima County. The Pima County Medical Examiner confirmed that heat was the primary cause of death for a male individual west of Ajo.",347
905050,MARICOPA CO.,FT MCDOWELL,07/24/2020,1600,Tornado, ,EF0,0,0,0,0,AZ,MST-7, ,150106,C,13,PSR,0,0,Broadcast Media, ,0.36,50,7,E,7,E,FT MCDOWELL,07/24/2020,1605,33.63,-111.56,33.6262,-111.5643,"Thunderstorms developed to the northeast of Phoenix and near Saguaro Lake, during the afternoon hours on July 24. As a strong outflow boundary from the parent storm moved to the southwest and away from the storm, dynamical stretching of updrafts along the boundary resulted in a landspout tornado. The non-supercellular tornado was captured on video and provided to a local broadcaster. The tornado occurred at about 1605MST and was located along State Highway 87 near the Bush Highway Junction, about 4 miles northwest of Saguaro Lake. No damage was reported as a result of the tornado.","Thunderstorms developed over higher terrain to the northeast of Phoenix during the afternoon hours on July 24th. One of stronger storms developed near Saguaro Lake; the storm generated strong outflow boundaries that moved to the southwest and away from the parent storm. As the boundary moved away, dynamical stretching occurred which resulted in the formation of a landspout tornado. The tornado occurred along State Highway 87 near the Bush Highway junction; it was captured on video by a member of the public. No damage was reported due to the tornado, which formed in association with a non-supercellular thunderstorm. No tornado warning or severe thunderstorm warning was in effect at the time of the tornado.",348
899700,NAVAJO CO.,CASTLE BUTTE,07/25/2020,1130,Funnel Cloud, , ,0,0,0,0,AZ,MST-7, ,149268,C,17,FGZ,0,0,Public, , , ,6,E,5,SW,NA AH TEE,07/25/2020,1135,35.29,-110.25,35.4225,-110.2034,"Multiple people reported seeing a funnel cloud near the community of Indian Wells.","A thunderstorm produced a funnel cloud.",349
992158,AGUILA VALLEY (ZONE), ,07/26/2020,0,Heat, , ,1,0,0,0,AZ,MST-7, ,164362,Z,534,PSR,0,0,County Official, , , , , , , , ,07/26/2020,2359, , , , ,"One heat-associated fatality was reported by the Maricopa County Department of Public Health, with their details, such as age, gender, circumstances and location unavailable.","Anomalously strong high pressure over the Southwest led to temperatures climbing at or above 115 degrees. Temperatures peaked in Phoenix on the 30th at 118 degrees, which ended up being the hottest day of the year. Record high temperatures were set in Phoenix on the 29th, 30th, and 31st. According to the Maricopa County Department of Public Health, 26 heat-associated fatalities occurred with this heat wave. Excessive heat persisted into the beginning of August, leading to additional heat-associated fatalities.",350
992155,CENTRAL PHOENIX (ZONE), ,07/27/2020,0,Heat, , ,2,0,0,0,AZ,MST-7, ,164362,Z,543,PSR,0,0,County Official, , , , , , , , ,07/27/2020,2359, , , , ,"Two heat-associated fatalities were reported by the Maricopa County Department of Public Health, with their details, such as age, gender, circumstances and location unavailable.","Anomalously strong high pressure over the Southwest led to temperatures climbing at or above 115 degrees. Temperatures peaked in Phoenix on the 30th at 118 degrees, which ended up being the hottest day of the year. Record high temperatures were set in Phoenix on the 29th, 30th, and 31st. According to the Maricopa County Department of Public Health, 26 heat-associated fatalities occurred with this heat wave. Excessive heat persisted into the beginning of August, leading to additional heat-associated fatalities.",351
899698,GILA CO.,CARRIZO,07/27/2020,1557,Flash Flood, , ,0,0,0,0,AZ,MST-7, ,149264,C,7,FGZ,0,0,Other Federal Agency,Heavy Rain, , ,8,NE,1,ENE,CARRIZO,07/27/2020,1657,34.0582,-110.1846,33.9843,-110.2569,"A stream gauge on Carrizo Creek reported a 2.4 foot rise in water.","Deep monsoon moisture and unstable air moved over northern Arizona.  This triggered thunderstorms with heavy rain.",352
899696,APACHE CO.,CORNFIELD,07/27/2020,1900,Flash Flood, , ,0,0,0,0,AZ,MST-7, ,149264,C,1,FGZ,0,0,Fire Department/Rescue,Heavy Rain, , ,7,N,2,W,SUNRISE SPGS,07/27/2020,1930,35.7502,-109.6714,35.6039,-109.7876,"Flooding was reported along Indian Route 15 between Sunrise Springs and Burnside. Water and mud covered the road between 5 and 10 inches deep. Time and location are best estimates.","Deep monsoon moisture and unstable air moved over northern Arizona.  This triggered thunderstorms with heavy rain.",353
913755,GILA CO.,GOVERNMENT HILL,07/27/2020,2107,Debris Flow, , ,0,0,50000,0,AZ,MST-7, ,149015,C,7,PSR,0,0,Department of Highways,Heavy Rain / Burn Area, , ,8,NW,8,NW,GOVERNMENT HILL,07/27/2020,2122,33.7561,-111.2508,33.7559,-111.2501,"Debris flow pushed over State Route 188 and into Roosevelt Lake in Gila county after a radar estimated 1.5-3 inches of rain fell over a portion of the 2020 Bush Fire burn scar. The debris flow was near mile post 253 and led to the closing of a 13 mile stretch of SR-188 in order for heavy equipment to remove roughly 20,000 cubic yards of sediment and boulders and to repair guard rails on both sides of the road. It was determined through collaboration between NWS and Arizona Geological Survey (AZGS) that this event was classified as debris flow. For information only, labor costs, fuel costs, and costs to remove the sediment and reopen the road, in addition to the property damage, was estimated around $500,000 for this and the other event location.","An axis of deep moisture over eastern Arizona and hot afternoon temperatures led to the development of strong thunderstorms in southern Gila county. Weak environmental winds resulted in slow storm motions and some back building of storms. This led to prolonged heavy rain over the same hilly terrain areas and localized flash flooding of typically dry channels. Storms impacted the recent 2020 Bush fire which led to debris flow.",354
913754,GILA CO.,PUNKIN CENTER,07/27/2020,2107,Debris Flow, , ,0,0,50000,0,AZ,MST-7, ,149015,C,7,PSR,0,0,Department of Highways,Heavy Rain / Burn Area, , ,8,SSE,8,SSE,PUNKIN CENTER,07/27/2020,2122,33.7628,-111.2573,33.7624,-111.2569,"Debris flow pushed over State Route 188 and into Roosevelt Lake in Gila county after a radar estimated 1.5-3 inches of rain fell over a portion of the 2020 Bush Fire burn scar. The debris flow was near mile post 253 and led to the closing of a 13 mile stretch of SR-188 in order for heavy equipment to remove roughly 20,000 cubic yards of sediment and boulders and to repair guard railing on one side of the road. It was determined through collaboration between NWS and Arizona Geological Survey (AZGS) that this event was classified as debris flow. For information only, labor costs, fuel costs, and costs to remove the sediment and reopen the road, in addition to the property damage, was estimated around $500,000 for this and the other event location.","An axis of deep moisture over eastern Arizona and hot afternoon temperatures led to the development of strong thunderstorms in southern Gila county. Weak environmental winds resulted in slow storm motions and some back building of storms. This led to prolonged heavy rain over the same hilly terrain areas and localized flash flooding of typically dry channels. Storms impacted the recent 2020 Bush fire which led to debris flow.",355
992156,CENTRAL PHOENIX (ZONE), ,07/28/2020,0,Excessive Heat, , ,8,0,0,0,AZ,MST-7, ,164362,Z,543,PSR,0,0,County Official, , , , , , , , ,07/28/2020,2359, , , , ,"Eight heat-associated fatalities were reported by the Maricopa County Department of Public Health, with their details, such as age, gender, circumstances and location unavailable.","Anomalously strong high pressure over the Southwest led to temperatures climbing at or above 115 degrees. Temperatures peaked in Phoenix on the 30th at 118 degrees, which ended up being the hottest day of the year. Record high temperatures were set in Phoenix on the 29th, 30th, and 31st. According to the Maricopa County Department of Public Health, 26 heat-associated fatalities occurred with this heat wave. Excessive heat persisted into the beginning of August, leading to additional heat-associated fatalities.",356
992854,BUCKEYE/AVONDALE (ZONE), ,07/29/2020,1000,Excessive Heat, , ,0,0,0,0,AZ,MST-7, ,164362,Z,540,PSR,0,0,County Official, , , , , , , , ,07/31/2020,2359, , , , ,"","Anomalously strong high pressure over the Southwest led to temperatures climbing at or above 115 degrees. Temperatures peaked in Phoenix on the 30th at 118 degrees, which ended up being the hottest day of the year. Record high temperatures were set in Phoenix on the 29th, 30th, and 31st. According to the Maricopa County Department of Public Health, 26 heat-associated fatalities occurred with this heat wave. Excessive heat persisted into the beginning of August, leading to additional heat-associated fatalities.",357
992157,CENTRAL PHOENIX (ZONE), ,07/29/2020,1000,Excessive Heat, , ,15,0,0,0,AZ,MST-7, ,164362,Z,543,PSR,0,0,County Official, , , , , , , , ,07/31/2020,2359, , , , ,"Fifteen heat-associated fatalities were reported by the Maricopa County Department of Public Health, with their details, such as age, gender, circumstances and location unavailable.","Anomalously strong high pressure over the Southwest led to temperatures climbing at or above 115 degrees. Temperatures peaked in Phoenix on the 30th at 118 degrees, which ended up being the hottest day of the year. Record high temperatures were set in Phoenix on the 29th, 30th, and 31st. According to the Maricopa County Department of Public Health, 26 heat-associated fatalities occurred with this heat wave. Excessive heat persisted into the beginning of August, leading to additional heat-associated fatalities.",358
992850,AGUILA VALLEY (ZONE), ,07/29/2020,1000,Excessive Heat, , ,0,0,0,0,AZ,MST-7, ,164362,Z,534,PSR,0,0,County Official, , , , , , , , ,07/31/2020,2359, , , , ,"","Anomalously strong high pressure over the Southwest led to temperatures climbing at or above 115 degrees. Temperatures peaked in Phoenix on the 30th at 118 degrees, which ended up being the hottest day of the year. Record high temperatures were set in Phoenix on the 29th, 30th, and 31st. According to the Maricopa County Department of Public Health, 26 heat-associated fatalities occurred with this heat wave. Excessive heat persisted into the beginning of August, leading to additional heat-associated fatalities.",359
992851,NORTHWEST VALLEY (ZONE), ,07/29/2020,1000,Excessive Heat, , ,0,0,0,0,AZ,MST-7, ,164362,Z,537,PSR,0,0,County Official, , , , , , , , ,07/31/2020,2359, , , , ,"","Anomalously strong high pressure over the Southwest led to temperatures climbing at or above 115 degrees. Temperatures peaked in Phoenix on the 30th at 118 degrees, which ended up being the hottest day of the year. Record high temperatures were set in Phoenix on the 29th, 30th, and 31st. According to the Maricopa County Department of Public Health, 26 heat-associated fatalities occurred with this heat wave. Excessive heat persisted into the beginning of August, leading to additional heat-associated fatalities.",360
992852,TONOPAH DESERT (ZONE), ,07/29/2020,1000,Excessive Heat, , ,0,0,0,0,AZ,MST-7, ,164362,Z,538,PSR,0,0,County Official, , , , , , , , ,07/31/2020,2359, , , , ,"","Anomalously strong high pressure over the Southwest led to temperatures climbing at or above 115 degrees. Temperatures peaked in Phoenix on the 30th at 118 degrees, which ended up being the hottest day of the year. Record high temperatures were set in Phoenix on the 29th, 30th, and 31st. According to the Maricopa County Department of Public Health, 26 heat-associated fatalities occurred with this heat wave. Excessive heat persisted into the beginning of August, leading to additional heat-associated fatalities.",361
992853,GILA BEND (ZONE), ,07/29/2020,1000,Excessive Heat, , ,0,0,0,0,AZ,MST-7, ,164362,Z,539,PSR,0,0,County Official, , , , , , , , ,07/31/2020,2359, , , , ,"","Anomalously strong high pressure over the Southwest led to temperatures climbing at or above 115 degrees. Temperatures peaked in Phoenix on the 30th at 118 degrees, which ended up being the hottest day of the year. Record high temperatures were set in Phoenix on the 29th, 30th, and 31st. According to the Maricopa County Department of Public Health, 26 heat-associated fatalities occurred with this heat wave. Excessive heat persisted into the beginning of August, leading to additional heat-associated fatalities.",362
992855,CAVE CREEK/NEW RIVER (ZONE), ,07/29/2020,1000,Excessive Heat, , ,0,0,0,0,AZ,MST-7, ,164362,Z,541,PSR,0,0,County Official, , , , , , , , ,07/31/2020,2359, , , , ,"","Anomalously strong high pressure over the Southwest led to temperatures climbing at or above 115 degrees. Temperatures peaked in Phoenix on the 30th at 118 degrees, which ended up being the hottest day of the year. Record high temperatures were set in Phoenix on the 29th, 30th, and 31st. According to the Maricopa County Department of Public Health, 26 heat-associated fatalities occurred with this heat wave. Excessive heat persisted into the beginning of August, leading to additional heat-associated fatalities.",363
992856,DEER VALLEY (ZONE), ,07/29/2020,1000,Excessive Heat, , ,0,0,0,0,AZ,MST-7, ,164362,Z,542,PSR,0,0,County Official, , , , , , , , ,07/31/2020,2359, , , , ,"","Anomalously strong high pressure over the Southwest led to temperatures climbing at or above 115 degrees. Temperatures peaked in Phoenix on the 30th at 118 degrees, which ended up being the hottest day of the year. Record high temperatures were set in Phoenix on the 29th, 30th, and 31st. According to the Maricopa County Department of Public Health, 26 heat-associated fatalities occurred with this heat wave. Excessive heat persisted into the beginning of August, leading to additional heat-associated fatalities.",364
992857,NORTH PHOENIX/GLENDALE (ZONE), ,07/29/2020,1000,Excessive Heat, , ,0,0,0,0,AZ,MST-7, ,164362,Z,544,PSR,0,0,County Official, , , , , , , , ,07/31/2020,2359, , , , ,"","Anomalously strong high pressure over the Southwest led to temperatures climbing at or above 115 degrees. Temperatures peaked in Phoenix on the 30th at 118 degrees, which ended up being the hottest day of the year. Record high temperatures were set in Phoenix on the 29th, 30th, and 31st. According to the Maricopa County Department of Public Health, 26 heat-associated fatalities occurred with this heat wave. Excessive heat persisted into the beginning of August, leading to additional heat-associated fatalities.",365
992858,NEW RIVER MESA (ZONE), ,07/29/2020,1000,Excessive Heat, , ,0,0,0,0,AZ,MST-7, ,164362,Z,545,PSR,0,0,County Official, , , , , , , , ,07/31/2020,2359, , , , ,"","Anomalously strong high pressure over the Southwest led to temperatures climbing at or above 115 degrees. Temperatures peaked in Phoenix on the 30th at 118 degrees, which ended up being the hottest day of the year. Record high temperatures were set in Phoenix on the 29th, 30th, and 31st. According to the Maricopa County Department of Public Health, 26 heat-associated fatalities occurred with this heat wave. Excessive heat persisted into the beginning of August, leading to additional heat-associated fatalities.",366
992868,SONORAN DESERT NATL MONUMENT (ZONE), ,07/29/2020,1000,Excessive Heat, , ,0,0,0,0,AZ,MST-7, ,164362,Z,559,PSR,0,0,County Official, , , , , , , , ,07/31/2020,2359, , , , ,"","Anomalously strong high pressure over the Southwest led to temperatures climbing at or above 115 degrees. Temperatures peaked in Phoenix on the 30th at 118 degrees, which ended up being the hottest day of the year. Record high temperatures were set in Phoenix on the 29th, 30th, and 31st. According to the Maricopa County Department of Public Health, 26 heat-associated fatalities occurred with this heat wave. Excessive heat persisted into the beginning of August, leading to additional heat-associated fatalities.",367
992869,SAN CARLOS (ZONE), ,07/29/2020,1000,Excessive Heat, , ,0,0,0,0,AZ,MST-7, ,164362,Z,560,PSR,0,0,County Official, , , , , , , , ,07/31/2020,2359, , , , ,"","Anomalously strong high pressure over the Southwest led to temperatures climbing at or above 115 degrees. Temperatures peaked in Phoenix on the 30th at 118 degrees, which ended up being the hottest day of the year. Record high temperatures were set in Phoenix on the 29th, 30th, and 31st. According to the Maricopa County Department of Public Health, 26 heat-associated fatalities occurred with this heat wave. Excessive heat persisted into the beginning of August, leading to additional heat-associated fatalities.",368
992870,DRIPPING SPRINGS (ZONE), ,07/29/2020,1000,Excessive Heat, , ,0,0,0,0,AZ,MST-7, ,164362,Z,561,PSR,0,0,County Official, , , , , , , , ,07/31/2020,2359, , , , ,"","Anomalously strong high pressure over the Southwest led to temperatures climbing at or above 115 degrees. Temperatures peaked in Phoenix on the 30th at 118 degrees, which ended up being the hottest day of the year. Record high temperatures were set in Phoenix on the 29th, 30th, and 31st. According to the Maricopa County Department of Public Health, 26 heat-associated fatalities occurred with this heat wave. Excessive heat persisted into the beginning of August, leading to additional heat-associated fatalities.",369
992859,SCOTTSDALE/PARADISE VALLEY (ZONE), ,07/29/2020,1000,Excessive Heat, , ,0,0,0,0,AZ,MST-7, ,164362,Z,546,PSR,0,0,County Official, , , , , , , , ,07/31/2020,2359, , , , ,"","Anomalously strong high pressure over the Southwest led to temperatures climbing at or above 115 degrees. Temperatures peaked in Phoenix on the 30th at 118 degrees, which ended up being the hottest day of the year. Record high temperatures were set in Phoenix on the 29th, 30th, and 31st. According to the Maricopa County Department of Public Health, 26 heat-associated fatalities occurred with this heat wave. Excessive heat persisted into the beginning of August, leading to additional heat-associated fatalities.",370
992860,EAST VALLEY (ZONE), ,07/29/2020,1000,Excessive Heat, , ,0,0,0,0,AZ,MST-7, ,164362,Z,548,PSR,0,0,County Official, , , , , , , , ,07/31/2020,2359, , , , ,"","Anomalously strong high pressure over the Southwest led to temperatures climbing at or above 115 degrees. Temperatures peaked in Phoenix on the 30th at 118 degrees, which ended up being the hottest day of the year. Record high temperatures were set in Phoenix on the 29th, 30th, and 31st. According to the Maricopa County Department of Public Health, 26 heat-associated fatalities occurred with this heat wave. Excessive heat persisted into the beginning of August, leading to additional heat-associated fatalities.",371
992861,FOUNTAIN HILLS/EAST MESA (ZONE), ,07/29/2020,1000,Excessive Heat, , ,0,0,0,0,AZ,MST-7, ,164362,Z,549,PSR,0,0,County Official, , , , , , , , ,07/31/2020,2359, , , , ,"","Anomalously strong high pressure over the Southwest led to temperatures climbing at or above 115 degrees. Temperatures peaked in Phoenix on the 30th at 118 degrees, which ended up being the hottest day of the year. Record high temperatures were set in Phoenix on the 29th, 30th, and 31st. According to the Maricopa County Department of Public Health, 26 heat-associated fatalities occurred with this heat wave. Excessive heat persisted into the beginning of August, leading to additional heat-associated fatalities.",372
992862,SOUTH MOUNTAIN/AHWATUKEE (ZONE), ,07/29/2020,1000,Excessive Heat, , ,0,0,0,0,AZ,MST-7, ,164362,Z,550,PSR,0,0,County Official, , , , , , , , ,07/31/2020,2359, , , , ,"","Anomalously strong high pressure over the Southwest led to temperatures climbing at or above 115 degrees. Temperatures peaked in Phoenix on the 30th at 118 degrees, which ended up being the hottest day of the year. Record high temperatures were set in Phoenix on the 29th, 30th, and 31st. According to the Maricopa County Department of Public Health, 26 heat-associated fatalities occurred with this heat wave. Excessive heat persisted into the beginning of August, leading to additional heat-associated fatalities.",373
992863,SOUTHEAST VALLEY/QUEEN CREEK (ZONE), ,07/29/2020,1000,Excessive Heat, , ,0,0,0,0,AZ,MST-7, ,164362,Z,551,PSR,0,0,County Official, , , , , , , , ,07/31/2020,2359, , , , ,"","Anomalously strong high pressure over the Southwest led to temperatures climbing at or above 115 degrees. Temperatures peaked in Phoenix on the 30th at 118 degrees, which ended up being the hottest day of the year. Record high temperatures were set in Phoenix on the 29th, 30th, and 31st. According to the Maricopa County Department of Public Health, 26 heat-associated fatalities occurred with this heat wave. Excessive heat persisted into the beginning of August, leading to additional heat-associated fatalities.",374
992864,SUPERIOR (ZONE), ,07/29/2020,1000,Excessive Heat, , ,0,0,0,0,AZ,MST-7, ,164362,Z,552,PSR,0,0,County Official, , , , , , , , ,07/31/2020,2359, , , , ,"","Anomalously strong high pressure over the Southwest led to temperatures climbing at or above 115 degrees. Temperatures peaked in Phoenix on the 30th at 118 degrees, which ended up being the hottest day of the year. Record high temperatures were set in Phoenix on the 29th, 30th, and 31st. According to the Maricopa County Department of Public Health, 26 heat-associated fatalities occurred with this heat wave. Excessive heat persisted into the beginning of August, leading to additional heat-associated fatalities.",375
992865,NORTHWEST PINAL COUNTY (ZONE), ,07/29/2020,1000,Excessive Heat, , ,0,0,0,0,AZ,MST-7, ,164362,Z,553,PSR,0,0,County Official, , , , , , , , ,07/31/2020,2359, , , , ,"","Anomalously strong high pressure over the Southwest led to temperatures climbing at or above 115 degrees. Temperatures peaked in Phoenix on the 30th at 118 degrees, which ended up being the hottest day of the year. Record high temperatures were set in Phoenix on the 29th, 30th, and 31st. According to the Maricopa County Department of Public Health, 26 heat-associated fatalities occurred with this heat wave. Excessive heat persisted into the beginning of August, leading to additional heat-associated fatalities.",376
992866,WEST PINAL COUNTY (ZONE), ,07/29/2020,1000,Excessive Heat, , ,0,0,0,0,AZ,MST-7, ,164362,Z,554,PSR,0,0,County Official, , , , , , , , ,07/31/2020,2359, , , , ,"","Anomalously strong high pressure over the Southwest led to temperatures climbing at or above 115 degrees. Temperatures peaked in Phoenix on the 30th at 118 degrees, which ended up being the hottest day of the year. Record high temperatures were set in Phoenix on the 29th, 30th, and 31st. According to the Maricopa County Department of Public Health, 26 heat-associated fatalities occurred with this heat wave. Excessive heat persisted into the beginning of August, leading to additional heat-associated fatalities.",377
992867,APACHE JUNCTION/GOLD CANYON (ZONE), ,07/29/2020,1000,Excessive Heat, , ,0,0,0,0,AZ,MST-7, ,164362,Z,555,PSR,0,0,County Official, , , , , , , , ,07/31/2020,2359, , , , ,"","Anomalously strong high pressure over the Southwest led to temperatures climbing at or above 115 degrees. Temperatures peaked in Phoenix on the 30th at 118 degrees, which ended up being the hottest day of the year. Record high temperatures were set in Phoenix on the 29th, 30th, and 31st. According to the Maricopa County Department of Public Health, 26 heat-associated fatalities occurred with this heat wave. Excessive heat persisted into the beginning of August, leading to additional heat-associated fatalities.",378
912491,SOUTH CENTRAL PINAL COUNTY (ZONE), ,07/29/2020,1100,Excessive Heat, , ,0,0,0,0,AZ,MST-7, ,151421,Z,505,TWC,0,0,Mesonet, , , , , , , , ,07/31/2020,2359, , , , ,"Very hot temperatures 7 to 18 degrees above normal occurred in the lower elevations of southeast Arizona, causing the High Heat Risk category to be reached July 29 through July 31. High temperatures on July 29 included 113 degrees at Ajo, 110 at Sells, and 109 at Picacho and Safford Airport. On July 30 highs included 115 degrees at Ajo, 113 (records) at Duncan and Safford Airport, 112 at Picacho, 111 (tie) at Sells, 110 at Tucson International Airport and 107 (record) at Nogales Airport.  On July 31 highs included 113 degrees at Ajo, 112 at Picacho and Fort Thomas (record), and 110 at Tucson International Airport and Duncan. Very hot temperatures continued on August 1st. The Pima County Medical Examiner confirmed that heat was the primary cause of death for two adult males on the Tohono O'odham Nation on July 30th, one near Topawa and another near San Miguel.","Very hot temperatures were experienced in southeast Arizona from July 29th through August 1st. Many locations approached or exceeded 110 degrees and set new daily record high temperatures. The Pima County Medical Examiner confirmed that heat was the primary cause of death for two adult males on the Tohono O'odham Nation on July 30th.",379
912492,SOUTHEAST PINAL COUNTY (ZONE), ,07/29/2020,1100,Excessive Heat, , ,0,0,0,0,AZ,MST-7, ,151421,Z,506,TWC,0,0,Mesonet, , , , , , , , ,07/31/2020,2359, , , , ,"Very hot temperatures 7 to 18 degrees above normal occurred in the lower elevations of southeast Arizona, causing the High Heat Risk category to be reached July 29 through July 31. High temperatures on July 29 included 113 degrees at Ajo, 110 at Sells, and 109 at Picacho and Safford Airport. On July 30 highs included 115 degrees at Ajo, 113 (records) at Duncan and Safford Airport, 112 at Picacho, 111 (tie) at Sells, 110 at Tucson International Airport and 107 (record) at Nogales Airport.  On July 31 highs included 113 degrees at Ajo, 112 at Picacho and Fort Thomas (record), and 110 at Tucson International Airport and Duncan. Very hot temperatures continued on August 1st. The Pima County Medical Examiner confirmed that heat was the primary cause of death for two adult males on the Tohono O'odham Nation on July 30th, one near Topawa and another near San Miguel.","Very hot temperatures were experienced in southeast Arizona from July 29th through August 1st. Many locations approached or exceeded 110 degrees and set new daily record high temperatures. The Pima County Medical Examiner confirmed that heat was the primary cause of death for two adult males on the Tohono O'odham Nation on July 30th.",380
912481,TOHONO O ODHAM NATION (ZONE), ,07/29/2020,1100,Excessive Heat, , ,2,0,0,0,AZ,MST-7, ,151421,Z,502,TWC,0,0,County Official, , , , , , , , ,07/31/2020,2359, , , , ,"Very hot temperatures 7 to 18 degrees above normal occurred in the lower elevations of southeast Arizona, causing the High Heat Risk category to be reached July 29 through July 31. High temperatures on July 29 included 113 degrees at Ajo, 110 at Sells, and 109 at Picacho and Safford Airport. On July 30 highs included 115 degrees at  Ajo, 113 (records) at Duncan and Safford Airport, 112 at Picacho, 111 (tie) at Sells, 110 at Tucson International Airport and 107 (record) at Nogales Airport.  On July 31 highs included 113 degrees at Ajo, 112 at Picacho and Fort Thomas (record), and 110 at Tucson International Airport and Duncan. Very hot temperatures continued on August 1st. The Pima County Medical Examiner confirmed that heat was the primary cause of death for two adult males on the Tohono O'odham Nation on July 30th, one near Topawa and another near San Miguel.","Very hot temperatures were experienced in southeast Arizona from July 29th through August 1st. Many locations approached or exceeded 110 degrees and set new daily record high temperatures. The Pima County Medical Examiner confirmed that heat was the primary cause of death for two adult males on the Tohono O'odham Nation on July 30th.",381
912480,WESTERN PIMA COUNTY (ZONE), ,07/29/2020,1100,Excessive Heat, , ,0,0,0,0,AZ,MST-7, ,151421,Z,501,TWC,0,0,Mesonet, , , , , , , , ,07/31/2020,2359, , , , ,"Very hot temperatures 7 to 18 degrees above normal occurred in the lower elevations of southeast Arizona, causing the High Heat Risk category to be reached July 29 through July 31. High temperatures on July 29 included 113 degrees at Ajo, 110 at Sells, and 109 at Picacho and Safford Airport. On July 30 highs included 115 degrees at  Ajo, 113 (records) at Duncan and Safford Airport, 112 at Picacho, 111 (tie) at Sells, 110 at Tucson International Airport and 107 (record) at Nogales Airport.  On July 31 highs included 113 degrees at Ajo, 112 at Picacho and Fort Thomas (record), and 110 at Tucson International Airport and Duncan. Very hot temperatures continued on August 1st. The Pima County Medical Examiner confirmed that heat was the primary cause of death for two adult males on the Tohono O'odham Nation on July 30th, one near Topawa and another near San Miguel.","Very hot temperatures were experienced in southeast Arizona from July 29th through August 1st. Many locations approached or exceeded 110 degrees and set new daily record high temperatures. The Pima County Medical Examiner confirmed that heat was the primary cause of death for two adult males on the Tohono O'odham Nation on July 30th.",382
912482,UPPER SANTA CRUZ RIVER AND ALTAR VALLEYS (ZONE), ,07/29/2020,1100,Excessive Heat, , ,0,0,0,0,AZ,MST-7, ,151421,Z,503,TWC,0,0,Mesonet, , , , , , , , ,07/31/2020,2359, , , , ,"Very hot temperatures 7 to 18 degrees above normal occurred in the lower elevations of southeast Arizona, causing the High Heat Risk category to be reached July 29 through July 31. High temperatures on July 29 included 113 degrees at Ajo, 110 at Sells, and 109 at Picacho and Safford Airport. On July 30 highs included 115 degrees at Ajo, 113 (records) at Duncan and Safford Airport, 112 at Picacho, 111 (tie) at Sells, 110 at Tucson International Airport and 107 (record) at Nogales Airport.  On July 31 highs included 113 degrees at Ajo, 112 at Picacho and Fort Thomas (record), and 110 at Tucson International Airport and Duncan. Very hot temperatures continued on August 1st. The Pima County Medical Examiner confirmed that heat was the primary cause of death for two adult males on the Tohono O'odham Nation on July 30th, one near Topawa and another near San Miguel.","Very hot temperatures were experienced in southeast Arizona from July 29th through August 1st. Many locations approached or exceeded 110 degrees and set new daily record high temperatures. The Pima County Medical Examiner confirmed that heat was the primary cause of death for two adult males on the Tohono O'odham Nation on July 30th.",383
912490,TUCSON METRO AREA (ZONE), ,07/29/2020,1100,Excessive Heat, , ,0,0,0,0,AZ,MST-7, ,151421,Z,504,TWC,0,0,Mesonet, , , , , , , , ,07/31/2020,2359, , , , ,"Very hot temperatures 7 to 18 degrees above normal occurred in the lower elevations of southeast Arizona, causing the High Heat Risk category to be reached July 29 through July 31. High temperatures on July 29 included 113 degrees at Ajo, 110 at Sells, and 109 at Picacho and Safford Airport. On July 30 highs included 115 degrees at Ajo, 113 (records) at Duncan and Safford Airport, 112 at Picacho, 111 (tie) at Sells, 110 at Tucson International Airport and 107 (record) at Nogales Airport.  On July 31 highs included 113 degrees at Ajo, 112 at Picacho and Fort Thomas (record), and 110 at Tucson International Airport and Duncan. Very hot temperatures continued on August 1st. The Pima County Medical Examiner confirmed that heat was the primary cause of death for two adult males on the Tohono O'odham Nation on July 30th, one near Topawa and another near San Miguel.","Very hot temperatures were experienced in southeast Arizona from July 29th through August 1st. Many locations approached or exceeded 110 degrees and set new daily record high temperatures. The Pima County Medical Examiner confirmed that heat was the primary cause of death for two adult males on the Tohono O'odham Nation on July 30th.",384
912493,UPPER GILA RIVER AND ARAVAIPA VALLEYS (ZONE), ,07/29/2020,1100,Excessive Heat, , ,0,0,0,0,AZ,MST-7, ,151421,Z,509,TWC,0,0,Mesonet, , , , , , , , ,07/31/2020,2359, , , , ,"Very hot temperatures 7 to 18 degrees above normal occurred in the lower elevations of southeast Arizona, causing the High Heat Risk category to be reached July 29 through July 31. High temperatures on July 29 included 113 degrees at Ajo, 110 at Sells, and 109 at Picacho and Safford Airport. On July 30 highs included 115 degrees at Ajo, 113 (records) at Duncan and Safford Airport, 112 at Picacho, 111 (tie) at Sells, 110 at Tucson International Airport and 107 (record) at Nogales Airport.  On July 31 highs included 113 degrees at Ajo, 112 at Picacho and Fort Thomas (record), and 110 at Tucson International Airport and Duncan. Very hot temperatures continued on August 1st. The Pima County Medical Examiner confirmed that heat was the primary cause of death for two adult males on the Tohono O'odham Nation on July 30th, one near Topawa and another near San Miguel.","Very hot temperatures were experienced in southeast Arizona from July 29th through August 1st. Many locations approached or exceeded 110 degrees and set new daily record high temperatures. The Pima County Medical Examiner confirmed that heat was the primary cause of death for two adult males on the Tohono O'odham Nation on July 30th.",385
992871,RIO VERDE/SALT RIVER (ZONE), ,07/30/2020,1000,Excessive Heat, , ,0,0,0,0,AZ,MST-7, ,164362,Z,547,PSR,0,0,County Official, , , , , , , , ,07/31/2020,2359, , , , ,"","Anomalously strong high pressure over the Southwest led to temperatures climbing at or above 115 degrees. Temperatures peaked in Phoenix on the 30th at 118 degrees, which ended up being the hottest day of the year. Record high temperatures were set in Phoenix on the 29th, 30th, and 31st. According to the Maricopa County Department of Public Health, 26 heat-associated fatalities occurred with this heat wave. Excessive heat persisted into the beginning of August, leading to additional heat-associated fatalities.",386
992872,TONTO BASIN (ZONE), ,07/30/2020,1000,Excessive Heat, , ,0,0,0,0,AZ,MST-7, ,164362,Z,556,PSR,0,0,County Official, , , , , , , , ,07/31/2020,2359, , , , ,"","Anomalously strong high pressure over the Southwest led to temperatures climbing at or above 115 degrees. Temperatures peaked in Phoenix on the 30th at 118 degrees, which ended up being the hottest day of the year. Record high temperatures were set in Phoenix on the 29th, 30th, and 31st. According to the Maricopa County Department of Public Health, 26 heat-associated fatalities occurred with this heat wave. Excessive heat persisted into the beginning of August, leading to additional heat-associated fatalities.",387
992873,GLOBE/MIAMI (ZONE), ,07/30/2020,1000,Excessive Heat, , ,0,0,0,0,AZ,MST-7, ,164362,Z,562,PSR,0,0,County Official, , , , , , , , ,07/31/2020,2359, , , , ,"","Anomalously strong high pressure over the Southwest led to temperatures climbing at or above 115 degrees. Temperatures peaked in Phoenix on the 30th at 118 degrees, which ended up being the hottest day of the year. Record high temperatures were set in Phoenix on the 29th, 30th, and 31st. According to the Maricopa County Department of Public Health, 26 heat-associated fatalities occurred with this heat wave. Excessive heat persisted into the beginning of August, leading to additional heat-associated fatalities.",388
992874,SOUTHEAST GILA COUNTY (ZONE), ,07/30/2020,1000,Excessive Heat, , ,0,0,0,0,AZ,MST-7, ,164362,Z,563,PSR,0,0,County Official, , , , , , , , ,07/31/2020,2359, , , , ,"","Anomalously strong high pressure over the Southwest led to temperatures climbing at or above 115 degrees. Temperatures peaked in Phoenix on the 30th at 118 degrees, which ended up being the hottest day of the year. Record high temperatures were set in Phoenix on the 29th, 30th, and 31st. According to the Maricopa County Department of Public Health, 26 heat-associated fatalities occurred with this heat wave. Excessive heat persisted into the beginning of August, leading to additional heat-associated fatalities.",389
992875,PARKER VALLEY (ZONE), ,07/30/2020,1000,Excessive Heat, , ,0,0,0,0,AZ,MST-7, ,164362,Z,530,PSR,0,0,County Official, , , , , , , , ,07/31/2020,2359, , , , ,"","Anomalously strong high pressure over the Southwest led to temperatures climbing at or above 115 degrees. Temperatures peaked in Phoenix on the 30th at 118 degrees, which ended up being the hottest day of the year. Record high temperatures were set in Phoenix on the 29th, 30th, and 31st. According to the Maricopa County Department of Public Health, 26 heat-associated fatalities occurred with this heat wave. Excessive heat persisted into the beginning of August, leading to additional heat-associated fatalities.",390
992876,KOFA (ZONE), ,07/30/2020,1000,Excessive Heat, , ,0,0,0,0,AZ,MST-7, ,164362,Z,531,PSR,0,0,County Official, , , , , , , , ,07/31/2020,2359, , , , ,"","Anomalously strong high pressure over the Southwest led to temperatures climbing at or above 115 degrees. Temperatures peaked in Phoenix on the 30th at 118 degrees, which ended up being the hottest day of the year. Record high temperatures were set in Phoenix on the 29th, 30th, and 31st. According to the Maricopa County Department of Public Health, 26 heat-associated fatalities occurred with this heat wave. Excessive heat persisted into the beginning of August, leading to additional heat-associated fatalities.",391
992877,YUMA (ZONE), ,07/30/2020,1000,Excessive Heat, , ,0,0,0,0,AZ,MST-7, ,164362,Z,532,PSR,0,0,County Official, , , , , , , , ,07/31/2020,2359, , , , ,"","Anomalously strong high pressure over the Southwest led to temperatures climbing at or above 115 degrees. Temperatures peaked in Phoenix on the 30th at 118 degrees, which ended up being the hottest day of the year. Record high temperatures were set in Phoenix on the 29th, 30th, and 31st. According to the Maricopa County Department of Public Health, 26 heat-associated fatalities occurred with this heat wave. Excessive heat persisted into the beginning of August, leading to additional heat-associated fatalities.",392
992878,CENTRAL LA PAZ (ZONE), ,07/30/2020,1000,Excessive Heat, , ,0,0,0,0,AZ,MST-7, ,164362,Z,533,PSR,0,0,County Official, , , , , , , , ,07/31/2020,2359, , , , ,"","Anomalously strong high pressure over the Southwest led to temperatures climbing at or above 115 degrees. Temperatures peaked in Phoenix on the 30th at 118 degrees, which ended up being the hottest day of the year. Record high temperatures were set in Phoenix on the 29th, 30th, and 31st. According to the Maricopa County Department of Public Health, 26 heat-associated fatalities occurred with this heat wave. Excessive heat persisted into the beginning of August, leading to additional heat-associated fatalities.",393
992879,SOUTHEAST YUMA COUNTY (ZONE), ,07/30/2020,1000,Excessive Heat, , ,0,0,0,0,AZ,MST-7, ,164362,Z,535,PSR,0,0,County Official, , , , , , , , ,07/31/2020,2359, , , , ,"","Anomalously strong high pressure over the Southwest led to temperatures climbing at or above 115 degrees. Temperatures peaked in Phoenix on the 30th at 118 degrees, which ended up being the hottest day of the year. Record high temperatures were set in Phoenix on the 29th, 30th, and 31st. According to the Maricopa County Department of Public Health, 26 heat-associated fatalities occurred with this heat wave. Excessive heat persisted into the beginning of August, leading to additional heat-associated fatalities.",394
992880,GILA RIVER VALLEY (ZONE), ,07/30/2020,1000,Excessive Heat, , ,0,0,0,0,AZ,MST-7, ,164362,Z,536,PSR,0,0,County Official, , , , , , , , ,07/31/2020,2359, , , , ,"","Anomalously strong high pressure over the Southwest led to temperatures climbing at or above 115 degrees. Temperatures peaked in Phoenix on the 30th at 118 degrees, which ended up being the hottest day of the year. Record high temperatures were set in Phoenix on the 29th, 30th, and 31st. According to the Maricopa County Department of Public Health, 26 heat-associated fatalities occurred with this heat wave. Excessive heat persisted into the beginning of August, leading to additional heat-associated fatalities.",395
912488,UPPER SAN PEDRO RIVER VALLEY (ZONE), ,07/30/2020,1100,Excessive Heat, , ,0,0,0,0,AZ,MST-7, ,151421,Z,507,TWC,0,0,Mesonet, , , , , , , , ,07/31/2020,2359, , , , ,"Very hot temperatures 7 to 16 degrees above normal occurred in Cochise County, causing the High Heat Risk category to be reached July 30 and July 31. On July 30 highs included 110 degrees at Cascabel and 107 (record) at McNeal.  On July 31 record highs included 111 degrees (tie) at Cascabel, 109 at San Simon and 106 at Tombstone. Very hot temperatures continued on August 1st.","Very hot temperatures were experienced in southeast Arizona from July 29th through August 1st. Many locations approached or exceeded 110 degrees and set new daily record high temperatures. The Pima County Medical Examiner confirmed that heat was the primary cause of death for two adult males on the Tohono O'odham Nation on July 30th.",396
912489,EASTERN COCHISE COUNTY BELOW 5000 FEET (ZONE), ,07/30/2020,1100,Excessive Heat, , ,0,0,0,0,AZ,MST-7, ,151421,Z,508,TWC,0,0,Mesonet, , , , , , , , ,07/31/2020,2359, , , , ,"Very hot temperatures 7 to 16 degrees above normal occurred in Cochise County, causing the High Heat Risk category to be reached July 30 and July 31. On July 30 highs included 110 degrees at Cascabel and 107 (record) at McNeal.  On July 31 record highs included 111 degrees (tie) at Cascabel, 109 at San Simon and 106 at Tombstone. Very hot temperatures continued on August 1st.","Very hot temperatures were experienced in southeast Arizona from July 29th through August 1st. Many locations approached or exceeded 110 degrees and set new daily record high temperatures. The Pima County Medical Examiner confirmed that heat was the primary cause of death for two adult males on the Tohono O'odham Nation on July 30th.",397
900109,NORTHWEST PLATEAU (ZONE), ,07/30/2020,1200,Excessive Heat, , ,0,0,0,0,AZ,MST-7, ,149337,Z,1,VEF,0,0,Official NWS Observations, , , , , , , , ,07/31/2020,2359, , , , ,"Excessive Heat Warning criteria were reached on the last two days of the month. The event continued into August.","Strong high pressure built over the Mojave Desert, leading to dangerously hot temperatures. This episode continued into August.",398
900110,LAKE HAVASU AND FORT MOHAVE (ZONE), ,07/30/2020,1200,Excessive Heat, , ,0,0,0,0,AZ,MST-7, ,149337,Z,2,VEF,0,0,Official NWS Observations, , , , , , , , ,07/31/2020,2359, , , , ,"Excessive Heat Warning criteria were reached on the last two days of the month. The event continued into August.","Strong high pressure built over the Mojave Desert, leading to dangerously hot temperatures. This episode continued into August.",399
900112,NORTHWEST DESERTS (ZONE), ,07/30/2020,1200,Excessive Heat, , ,0,0,0,0,AZ,MST-7, ,149337,Z,3,VEF,0,0,Official NWS Observations, , , , , , , , ,07/31/2020,2359, , , , ,"Excessive Heat Warning criteria were reached on the last two days of the month. The event continued into August.","Strong high pressure built over the Mojave Desert, leading to dangerously hot temperatures. This episode continued into August.",400
900113,LAKE MEAD NATIONAL RECREATION AREA (ZONE), ,07/30/2020,1200,Excessive Heat, , ,0,0,0,0,AZ,MST-7, ,149337,Z,36,VEF,0,0,Official NWS Observations, , , , , , , , ,07/31/2020,2359, , , , ,"Excessive Heat Warning criteria were reached on the last two days of the month. The event continued into August.","Strong high pressure built over the Mojave Desert, leading to dangerously hot temperatures. This episode continued into August.",401
992897,SCOTTSDALE/PARADISE VALLEY (ZONE), ,08/01/2020,0,Excessive Heat, , ,0,0,0,0,AZ,MST-7, ,164451,Z,546,PSR,0,0,County Official, , , , , , , , ,08/04/2020,2000, , , , ,"","A very strong area of high pressure parked over the Southwest United States led to continued excessive heat conditions across the region from the end of July into the beginning of August. Temperatures each day climbed near or above 110 degrees with a daily record high of 114 degrees being set in Phoenix on the 3rd. According to the Maricopa County Department of Public Health, 40 heat-associated fatalities occurred with this event for the beginning of August.",402
992898,EAST VALLEY (ZONE), ,08/01/2020,0,Excessive Heat, , ,0,0,0,0,AZ,MST-7, ,164451,Z,548,PSR,0,0,County Official, , , , , , , , ,08/04/2020,2000, , , , ,"","A very strong area of high pressure parked over the Southwest United States led to continued excessive heat conditions across the region from the end of July into the beginning of August. Temperatures each day climbed near or above 110 degrees with a daily record high of 114 degrees being set in Phoenix on the 3rd. According to the Maricopa County Department of Public Health, 40 heat-associated fatalities occurred with this event for the beginning of August.",403
992894,CAVE CREEK/NEW RIVER (ZONE), ,08/01/2020,0,Excessive Heat, , ,0,0,0,0,AZ,MST-7, ,164451,Z,541,PSR,0,0,County Official, , , , , , , , ,08/04/2020,2000, , , , ,"","A very strong area of high pressure parked over the Southwest United States led to continued excessive heat conditions across the region from the end of July into the beginning of August. Temperatures each day climbed near or above 110 degrees with a daily record high of 114 degrees being set in Phoenix on the 3rd. According to the Maricopa County Department of Public Health, 40 heat-associated fatalities occurred with this event for the beginning of August.",404
992895,DEER VALLEY (ZONE), ,08/01/2020,0,Excessive Heat, , ,0,0,0,0,AZ,MST-7, ,164451,Z,542,PSR,0,0,County Official, , , , , , , , ,08/04/2020,2000, , , , ,"","A very strong area of high pressure parked over the Southwest United States led to continued excessive heat conditions across the region from the end of July into the beginning of August. Temperatures each day climbed near or above 110 degrees with a daily record high of 114 degrees being set in Phoenix on the 3rd. According to the Maricopa County Department of Public Health, 40 heat-associated fatalities occurred with this event for the beginning of August.",405
992896,NORTH PHOENIX/GLENDALE (ZONE), ,08/01/2020,0,Excessive Heat, , ,0,0,0,0,AZ,MST-7, ,164451,Z,544,PSR,0,0,County Official, , , , , , , , ,08/04/2020,2000, , , , ,"","A very strong area of high pressure parked over the Southwest United States led to continued excessive heat conditions across the region from the end of July into the beginning of August. Temperatures each day climbed near or above 110 degrees with a daily record high of 114 degrees being set in Phoenix on the 3rd. According to the Maricopa County Department of Public Health, 40 heat-associated fatalities occurred with this event for the beginning of August.",406
992899,FOUNTAIN HILLS/EAST MESA (ZONE), ,08/01/2020,0,Excessive Heat, , ,0,0,0,0,AZ,MST-7, ,164451,Z,549,PSR,0,0,County Official, , , , , , , , ,08/04/2020,2000, , , , ,"","A very strong area of high pressure parked over the Southwest United States led to continued excessive heat conditions across the region from the end of July into the beginning of August. Temperatures each day climbed near or above 110 degrees with a daily record high of 114 degrees being set in Phoenix on the 3rd. According to the Maricopa County Department of Public Health, 40 heat-associated fatalities occurred with this event for the beginning of August.",407
992900,SOUTH MOUNTAIN/AHWATUKEE (ZONE), ,08/01/2020,0,Excessive Heat, , ,0,0,0,0,AZ,MST-7, ,164451,Z,550,PSR,0,0,County Official, , , , , , , , ,08/04/2020,2000, , , , ,"","A very strong area of high pressure parked over the Southwest United States led to continued excessive heat conditions across the region from the end of July into the beginning of August. Temperatures each day climbed near or above 110 degrees with a daily record high of 114 degrees being set in Phoenix on the 3rd. According to the Maricopa County Department of Public Health, 40 heat-associated fatalities occurred with this event for the beginning of August.",408
992902,AGUILA VALLEY (ZONE), ,08/01/2020,0,Excessive Heat, , ,0,0,0,0,AZ,MST-7, ,164451,Z,534,PSR,0,0,County Official, , , , , , , , ,08/04/2020,2000, , , , ,"","A very strong area of high pressure parked over the Southwest United States led to continued excessive heat conditions across the region from the end of July into the beginning of August. Temperatures each day climbed near or above 110 degrees with a daily record high of 114 degrees being set in Phoenix on the 3rd. According to the Maricopa County Department of Public Health, 40 heat-associated fatalities occurred with this event for the beginning of August.",409
992892,NORTHWEST VALLEY (ZONE), ,08/01/2020,0,Excessive Heat, , ,0,0,0,0,AZ,MST-7, ,164451,Z,537,PSR,0,0,County Official, , , , , , , , ,08/04/2020,2000, , , , ,"","A very strong area of high pressure parked over the Southwest United States led to continued excessive heat conditions across the region from the end of July into the beginning of August. Temperatures each day climbed near or above 110 degrees with a daily record high of 114 degrees being set in Phoenix on the 3rd. According to the Maricopa County Department of Public Health, 40 heat-associated fatalities occurred with this event for the beginning of August.",410
992893,BUCKEYE/AVONDALE (ZONE), ,08/01/2020,0,Excessive Heat, , ,0,0,0,0,AZ,MST-7, ,164451,Z,540,PSR,0,0,County Official, , , , , , , , ,08/04/2020,2000, , , , ,"","A very strong area of high pressure parked over the Southwest United States led to continued excessive heat conditions across the region from the end of July into the beginning of August. Temperatures each day climbed near or above 110 degrees with a daily record high of 114 degrees being set in Phoenix on the 3rd. According to the Maricopa County Department of Public Health, 40 heat-associated fatalities occurred with this event for the beginning of August.",411
992903,TONOPAH DESERT (ZONE), ,08/01/2020,0,Excessive Heat, , ,0,0,0,0,AZ,MST-7, ,164451,Z,538,PSR,0,0,County Official, , , , , , , , ,08/04/2020,2000, , , , ,"","A very strong area of high pressure parked over the Southwest United States led to continued excessive heat conditions across the region from the end of July into the beginning of August. Temperatures each day climbed near or above 110 degrees with a daily record high of 114 degrees being set in Phoenix on the 3rd. According to the Maricopa County Department of Public Health, 40 heat-associated fatalities occurred with this event for the beginning of August.",412
992904,GILA BEND (ZONE), ,08/01/2020,0,Excessive Heat, , ,0,0,0,0,AZ,MST-7, ,164451,Z,539,PSR,0,0,County Official, , , , , , , , ,08/04/2020,2000, , , , ,"","A very strong area of high pressure parked over the Southwest United States led to continued excessive heat conditions across the region from the end of July into the beginning of August. Temperatures each day climbed near or above 110 degrees with a daily record high of 114 degrees being set in Phoenix on the 3rd. According to the Maricopa County Department of Public Health, 40 heat-associated fatalities occurred with this event for the beginning of August.",413
992933,SOUTHEAST YUMA COUNTY (ZONE), ,08/01/2020,0,Excessive Heat, , ,0,0,0,0,AZ,MST-7, ,164451,Z,535,PSR,0,0,County Official, , , , , , , , ,08/01/2020,2000, , , , ,"","A very strong area of high pressure parked over the Southwest United States led to continued excessive heat conditions across the region from the end of July into the beginning of August. Temperatures each day climbed near or above 110 degrees with a daily record high of 114 degrees being set in Phoenix on the 3rd. According to the Maricopa County Department of Public Health, 40 heat-associated fatalities occurred with this event for the beginning of August.",414
992935,PARKER VALLEY (ZONE), ,08/01/2020,0,Excessive Heat, , ,0,0,0,0,AZ,MST-7, ,164451,Z,530,PSR,0,0,County Official, , , , , , , , ,08/01/2020,2000, , , , ,"","A very strong area of high pressure parked over the Southwest United States led to continued excessive heat conditions across the region from the end of July into the beginning of August. Temperatures each day climbed near or above 110 degrees with a daily record high of 114 degrees being set in Phoenix on the 3rd. According to the Maricopa County Department of Public Health, 40 heat-associated fatalities occurred with this event for the beginning of August.",415
992707,CENTRAL PHOENIX (ZONE), ,08/01/2020,0,Excessive Heat, , ,26,0,0,0,AZ,MST-7, ,164451,Z,543,PSR,0,0,County Official, , , , , , , , ,08/04/2020,2000, , , , ,"Twenty-six heat-associated fatalities were reported by the Maricopa County Department of Public Health, with their details, such as age, gender, circumstances and location unavailable.","A very strong area of high pressure parked over the Southwest United States led to continued excessive heat conditions across the region from the end of July into the beginning of August. Temperatures each day climbed near or above 110 degrees with a daily record high of 114 degrees being set in Phoenix on the 3rd. According to the Maricopa County Department of Public Health, 40 heat-associated fatalities occurred with this event for the beginning of August.",416
913742,SOUTH CENTRAL PINAL COUNTY (ZONE), ,08/01/2020,0,Excessive Heat, , ,0,0,0,0,AZ,MST-7, ,151481,Z,505,TWC,0,0,Mesonet, , , , , , , , ,08/01/2020,2000, , , , ,"Very hot temperatures 7 to 16 degrees above normal occurred in the lower elevations of southeast Arizona, causing the High Heat Risk category, which was attained July 29 through July 31, to continue on August 1.  High temperatures on August 1 included 111 degrees at Picacho and Fort Thomas; 108 at Ajo, Green Valley (tie) and Willcox (record); and 105 (tie) at Douglas.","Very hot temperatures were experienced in southeast Arizona from July 29th through August 1st. Many locations approached or exceeded 110 degrees and set new daily record high temperatures. The Pima County Medical Examiner confirmed that heat was the primary cause of death for two adult males on the Tohono O'odham Nation on July 30th.",417
913738,WESTERN PIMA COUNTY (ZONE), ,08/01/2020,0,Excessive Heat, , ,0,0,0,0,AZ,MST-7, ,151481,Z,501,TWC,0,0,Mesonet, , , , , , , , ,08/01/2020,2000, , , , ,"Very hot temperatures 7 to 16 degrees above normal occurred in the lower elevations of southeast Arizona, causing the High Heat Risk category, which was attained July 29 through July 31, to continue on August 1.  High temperatures on August 1 included 111 degrees at Picacho and Fort Thomas; 108 at Ajo, Green Valley (tie) and Willcox (record); and 105 (tie) at Douglas.","Very hot temperatures were experienced in southeast Arizona from July 29th through August 1st. Many locations approached or exceeded 110 degrees and set new daily record high temperatures. The Pima County Medical Examiner confirmed that heat was the primary cause of death for two adult males on the Tohono O'odham Nation on July 30th.",418
913739,TOHONO O ODHAM NATION (ZONE), ,08/01/2020,0,Excessive Heat, , ,0,0,0,0,AZ,MST-7, ,151481,Z,502,TWC,0,0,Mesonet, , , , , , , , ,08/01/2020,2000, , , , ,"Very hot temperatures 7 to 16 degrees above normal occurred in the lower elevations of southeast Arizona, causing the High Heat Risk category, which was attained July 29 through July 31, to continue on August 1.  High temperatures on August 1 included 111 degrees at Picacho and Fort Thomas; 108 at Ajo, Green Valley (tie) and Willcox (record); and 105 (tie) at Douglas.","Very hot temperatures were experienced in southeast Arizona from July 29th through August 1st. Many locations approached or exceeded 110 degrees and set new daily record high temperatures. The Pima County Medical Examiner confirmed that heat was the primary cause of death for two adult males on the Tohono O'odham Nation on July 30th.",419
913740,UPPER SANTA CRUZ RIVER AND ALTAR VALLEYS (ZONE), ,08/01/2020,0,Excessive Heat, , ,0,0,0,0,AZ,MST-7, ,151481,Z,503,TWC,0,0,Mesonet, , , , , , , , ,08/01/2020,2000, , , , ,"Very hot temperatures 7 to 16 degrees above normal occurred in the lower elevations of southeast Arizona, causing the High Heat Risk category, which was attained July 29 through July 31, to continue on August 1.  High temperatures on August 1 included 111 degrees at Picacho and Fort Thomas; 108 at Ajo, Green Valley (tie) and Willcox (record); and 105 (tie) at Douglas.","Very hot temperatures were experienced in southeast Arizona from July 29th through August 1st. Many locations approached or exceeded 110 degrees and set new daily record high temperatures. The Pima County Medical Examiner confirmed that heat was the primary cause of death for two adult males on the Tohono O'odham Nation on July 30th.",420
913741,TUCSON METRO AREA (ZONE), ,08/01/2020,0,Excessive Heat, , ,0,0,0,0,AZ,MST-7, ,151481,Z,504,TWC,0,0,Mesonet, , , , , , , , ,08/01/2020,2000, , , , ,"Very hot temperatures 7 to 16 degrees above normal occurred in the lower elevations of southeast Arizona, causing the High Heat Risk category, which was attained July 29 through July 31, to continue on August 1.  High temperatures on August 1 included 111 degrees at Picacho and Fort Thomas; 108 at Ajo, Green Valley (tie) and Willcox (record); and 105 (tie) at Douglas.","Very hot temperatures were experienced in southeast Arizona from July 29th through August 1st. Many locations approached or exceeded 110 degrees and set new daily record high temperatures. The Pima County Medical Examiner confirmed that heat was the primary cause of death for two adult males on the Tohono O'odham Nation on July 30th.",421
913743,SOUTHEAST PINAL COUNTY (ZONE), ,08/01/2020,0,Excessive Heat, , ,0,0,0,0,AZ,MST-7, ,151481,Z,506,TWC,0,0,Mesonet, , , , , , , , ,08/01/2020,2000, , , , ,"Very hot temperatures 7 to 16 degrees above normal occurred in the lower elevations of southeast Arizona, causing the High Heat Risk category, which was attained July 29 through July 31, to continue on August 1.  High temperatures on August 1 included 111 degrees at Picacho and Fort Thomas; 108 at Ajo, Green Valley (tie) and Willcox (record); and 105 (tie) at Douglas.","Very hot temperatures were experienced in southeast Arizona from July 29th through August 1st. Many locations approached or exceeded 110 degrees and set new daily record high temperatures. The Pima County Medical Examiner confirmed that heat was the primary cause of death for two adult males on the Tohono O'odham Nation on July 30th.",422
913744,UPPER SAN PEDRO RIVER VALLEY (ZONE), ,08/01/2020,0,Excessive Heat, , ,0,0,0,0,AZ,MST-7, ,151481,Z,507,TWC,0,0,Mesonet, , , , , , , , ,08/01/2020,2000, , , , ,"Very hot temperatures 7 to 16 degrees above normal occurred in the lower elevations of southeast Arizona, causing the High Heat Risk category, which was attained July 29 through July 31, to continue on August 1.  High temperatures on August 1 included 111 degrees at Picacho and Fort Thomas; 108 at Ajo, Green Valley (tie) and Willcox (record); and 105 (tie) at Douglas.","Very hot temperatures were experienced in southeast Arizona from July 29th through August 1st. Many locations approached or exceeded 110 degrees and set new daily record high temperatures. The Pima County Medical Examiner confirmed that heat was the primary cause of death for two adult males on the Tohono O'odham Nation on July 30th.",423
913745,EASTERN COCHISE COUNTY BELOW 5000 FEET (ZONE), ,08/01/2020,0,Excessive Heat, , ,0,0,0,0,AZ,MST-7, ,151481,Z,508,TWC,0,0,Mesonet, , , , , , , , ,08/01/2020,2000, , , , ,"Very hot temperatures 7 to 16 degrees above normal occurred in the lower elevations of southeast Arizona, causing the High Heat Risk category, which was attained July 29 through July 31, to continue on August 1.  High temperatures on August 1 included 111 degrees at Picacho and Fort Thomas; 108 at Ajo, Green Valley (tie) and Willcox (record); and 105 (tie) at Douglas.","Very hot temperatures were experienced in southeast Arizona from July 29th through August 1st. Many locations approached or exceeded 110 degrees and set new daily record high temperatures. The Pima County Medical Examiner confirmed that heat was the primary cause of death for two adult males on the Tohono O'odham Nation on July 30th.",424
913746,UPPER GILA RIVER AND ARAVAIPA VALLEYS (ZONE), ,08/01/2020,0,Excessive Heat, , ,0,0,0,0,AZ,MST-7, ,151481,Z,509,TWC,0,0,Mesonet, , , , , , , , ,08/01/2020,2000, , , , ,"Very hot temperatures 7 to 16 degrees above normal occurred in the lower elevations of southeast Arizona, causing the High Heat Risk category, which was attained July 29 through July 31, to continue on August 1.  High temperatures on August 1 included 111 degrees at Picacho and Fort Thomas; 108 at Ajo, Green Valley (tie) and Willcox (record); and 105 (tie) at Douglas.","Very hot temperatures were experienced in southeast Arizona from July 29th through August 1st. Many locations approached or exceeded 110 degrees and set new daily record high temperatures. The Pima County Medical Examiner confirmed that heat was the primary cause of death for two adult males on the Tohono O'odham Nation on July 30th.",425
992926,TONTO BASIN (ZONE), ,08/01/2020,0,Excessive Heat, , ,0,0,0,0,AZ,MST-7, ,164451,Z,556,PSR,0,0,County Official, , , , , , , , ,08/01/2020,2000, , , , ,"","A very strong area of high pressure parked over the Southwest United States led to continued excessive heat conditions across the region from the end of July into the beginning of August. Temperatures each day climbed near or above 110 degrees with a daily record high of 114 degrees being set in Phoenix on the 3rd. According to the Maricopa County Department of Public Health, 40 heat-associated fatalities occurred with this event for the beginning of August.",426
992927,SAN CARLOS (ZONE), ,08/01/2020,0,Excessive Heat, , ,0,0,0,0,AZ,MST-7, ,164451,Z,560,PSR,0,0,County Official, , , , , , , , ,08/01/2020,2000, , , , ,"","A very strong area of high pressure parked over the Southwest United States led to continued excessive heat conditions across the region from the end of July into the beginning of August. Temperatures each day climbed near or above 110 degrees with a daily record high of 114 degrees being set in Phoenix on the 3rd. According to the Maricopa County Department of Public Health, 40 heat-associated fatalities occurred with this event for the beginning of August.",427
992928,DRIPPING SPRINGS (ZONE), ,08/01/2020,0,Excessive Heat, , ,0,0,0,0,AZ,MST-7, ,164451,Z,561,PSR,0,0,County Official, , , , , , , , ,08/01/2020,2000, , , , ,"","A very strong area of high pressure parked over the Southwest United States led to continued excessive heat conditions across the region from the end of July into the beginning of August. Temperatures each day climbed near or above 110 degrees with a daily record high of 114 degrees being set in Phoenix on the 3rd. According to the Maricopa County Department of Public Health, 40 heat-associated fatalities occurred with this event for the beginning of August.",428
992929,GLOBE/MIAMI (ZONE), ,08/01/2020,0,Excessive Heat, , ,0,0,0,0,AZ,MST-7, ,164451,Z,562,PSR,0,0,County Official, , , , , , , , ,08/01/2020,2000, , , , ,"","A very strong area of high pressure parked over the Southwest United States led to continued excessive heat conditions across the region from the end of July into the beginning of August. Temperatures each day climbed near or above 110 degrees with a daily record high of 114 degrees being set in Phoenix on the 3rd. According to the Maricopa County Department of Public Health, 40 heat-associated fatalities occurred with this event for the beginning of August.",429
992931,KOFA (ZONE), ,08/01/2020,0,Excessive Heat, , ,0,0,0,0,AZ,MST-7, ,164451,Z,531,PSR,0,0,County Official, , , , , , , , ,08/01/2020,2000, , , , ,"","A very strong area of high pressure parked over the Southwest United States led to continued excessive heat conditions across the region from the end of July into the beginning of August. Temperatures each day climbed near or above 110 degrees with a daily record high of 114 degrees being set in Phoenix on the 3rd. According to the Maricopa County Department of Public Health, 40 heat-associated fatalities occurred with this event for the beginning of August.",430
992932,CENTRAL LA PAZ (ZONE), ,08/01/2020,0,Excessive Heat, , ,0,0,0,0,AZ,MST-7, ,164451,Z,533,PSR,0,0,County Official, , , , , , , , ,08/01/2020,2000, , , , ,"","A very strong area of high pressure parked over the Southwest United States led to continued excessive heat conditions across the region from the end of July into the beginning of August. Temperatures each day climbed near or above 110 degrees with a daily record high of 114 degrees being set in Phoenix on the 3rd. According to the Maricopa County Department of Public Health, 40 heat-associated fatalities occurred with this event for the beginning of August.",431
992905,NORTHWEST PINAL COUNTY (ZONE), ,08/01/2020,0,Excessive Heat, , ,0,0,0,0,AZ,MST-7, ,164451,Z,553,PSR,0,0,County Official, , , , , , , , ,08/04/2020,2000, , , , ,"","A very strong area of high pressure parked over the Southwest United States led to continued excessive heat conditions across the region from the end of July into the beginning of August. Temperatures each day climbed near or above 110 degrees with a daily record high of 114 degrees being set in Phoenix on the 3rd. According to the Maricopa County Department of Public Health, 40 heat-associated fatalities occurred with this event for the beginning of August.",432
992906,WEST PINAL COUNTY (ZONE), ,08/01/2020,0,Excessive Heat, , ,0,0,0,0,AZ,MST-7, ,164451,Z,554,PSR,0,0,County Official, , , , , , , , ,08/04/2020,2000, , , , ,"","A very strong area of high pressure parked over the Southwest United States led to continued excessive heat conditions across the region from the end of July into the beginning of August. Temperatures each day climbed near or above 110 degrees with a daily record high of 114 degrees being set in Phoenix on the 3rd. According to the Maricopa County Department of Public Health, 40 heat-associated fatalities occurred with this event for the beginning of August.",433
992922,NEW RIVER MESA (ZONE), ,08/01/2020,0,Excessive Heat, , ,0,0,0,0,AZ,MST-7, ,164451,Z,545,PSR,0,0,County Official, , , , , , , , ,08/01/2020,2000, , , , ,"","A very strong area of high pressure parked over the Southwest United States led to continued excessive heat conditions across the region from the end of July into the beginning of August. Temperatures each day climbed near or above 110 degrees with a daily record high of 114 degrees being set in Phoenix on the 3rd. According to the Maricopa County Department of Public Health, 40 heat-associated fatalities occurred with this event for the beginning of August.",434
992923,RIO VERDE/SALT RIVER (ZONE), ,08/01/2020,0,Excessive Heat, , ,0,0,0,0,AZ,MST-7, ,164451,Z,547,PSR,0,0,County Official, , , , , , , , ,08/01/2020,2000, , , , ,"","A very strong area of high pressure parked over the Southwest United States led to continued excessive heat conditions across the region from the end of July into the beginning of August. Temperatures each day climbed near or above 110 degrees with a daily record high of 114 degrees being set in Phoenix on the 3rd. According to the Maricopa County Department of Public Health, 40 heat-associated fatalities occurred with this event for the beginning of August.",435
992924,SUPERIOR (ZONE), ,08/01/2020,0,Excessive Heat, , ,0,0,0,0,AZ,MST-7, ,164451,Z,552,PSR,0,0,County Official, , , , , , , , ,08/01/2020,2000, , , , ,"","A very strong area of high pressure parked over the Southwest United States led to continued excessive heat conditions across the region from the end of July into the beginning of August. Temperatures each day climbed near or above 110 degrees with a daily record high of 114 degrees being set in Phoenix on the 3rd. According to the Maricopa County Department of Public Health, 40 heat-associated fatalities occurred with this event for the beginning of August.",436
992925,APACHE JUNCTION/GOLD CANYON (ZONE), ,08/01/2020,0,Excessive Heat, , ,0,0,0,0,AZ,MST-7, ,164451,Z,555,PSR,0,0,County Official, , , , , , , , ,08/01/2020,2000, , , , ,"","A very strong area of high pressure parked over the Southwest United States led to continued excessive heat conditions across the region from the end of July into the beginning of August. Temperatures each day climbed near or above 110 degrees with a daily record high of 114 degrees being set in Phoenix on the 3rd. According to the Maricopa County Department of Public Health, 40 heat-associated fatalities occurred with this event for the beginning of August.",437
911490,NORTHWEST PLATEAU (ZONE), ,08/01/2020,0,Excessive Heat, , ,0,0,0,0,AZ,MST-7, ,149341,Z,1,VEF,0,0,Official NWS Observations, , , , , , , , ,08/01/2020,2000, , , , ,"Excessive Heat Warning criteria were reached for one more day. The event began in July.","Strong high pressure continued to bring dangerously hot temperatures to the Mojave Desert. The episode began in July.",438
911492,LAKE HAVASU AND FORT MOHAVE (ZONE), ,08/01/2020,0,Excessive Heat, , ,0,0,0,0,AZ,MST-7, ,149341,Z,2,VEF,0,0,Official NWS Observations, , , , , , , , ,08/01/2020,2000, , , , ,"Excessive Heat Warning criteria were reached for one more day. The event began in July.","Strong high pressure continued to bring dangerously hot temperatures to the Mojave Desert. The episode began in July.",439
911493,NORTHWEST DESERTS (ZONE), ,08/01/2020,0,Excessive Heat, , ,0,0,0,0,AZ,MST-7, ,149341,Z,3,VEF,0,0,Official NWS Observations, , , , , , , , ,08/01/2020,2000, , , , ,"Excessive Heat Warning criteria were reached for one more day. The event began in July.","Strong high pressure continued to bring dangerously hot temperatures to the Mojave Desert. The episode began in July.",440
911494,LAKE MEAD NATIONAL RECREATION AREA (ZONE), ,08/01/2020,0,Excessive Heat, , ,0,0,0,0,AZ,MST-7, ,149341,Z,36,VEF,0,0,Official NWS Observations, , , , , , , , ,08/01/2020,2000, , , , ,"Excessive Heat Warning criteria were reached for one more day. The event began in July.","Strong high pressure continued to bring dangerously hot temperatures to the Mojave Desert. The episode began in July.",441
992907,SONORAN DESERT NATL MONUMENT (ZONE), ,08/01/2020,0,Excessive Heat, , ,0,0,0,0,AZ,MST-7, ,164451,Z,559,PSR,0,0,County Official, , , , , , , , ,08/04/2020,2000, , , , ,"","A very strong area of high pressure parked over the Southwest United States led to continued excessive heat conditions across the region from the end of July into the beginning of August. Temperatures each day climbed near or above 110 degrees with a daily record high of 114 degrees being set in Phoenix on the 3rd. According to the Maricopa County Department of Public Health, 40 heat-associated fatalities occurred with this event for the beginning of August.",442
992901,SOUTHEAST VALLEY/QUEEN CREEK (ZONE), ,08/01/2020,0,Excessive Heat, , ,0,0,0,0,AZ,MST-7, ,164451,Z,551,PSR,0,0,County Official, , , , , , , , ,08/04/2020,2000, , , , ,"","A very strong area of high pressure parked over the Southwest United States led to continued excessive heat conditions across the region from the end of July into the beginning of August. Temperatures each day climbed near or above 110 degrees with a daily record high of 114 degrees being set in Phoenix on the 3rd. According to the Maricopa County Department of Public Health, 40 heat-associated fatalities occurred with this event for the beginning of August.",443
992908,YUMA (ZONE), ,08/01/2020,0,Excessive Heat, , ,0,0,0,0,AZ,MST-7, ,164451,Z,532,PSR,0,0,County Official, , , , , , , , ,08/03/2020,2000, , , , ,"","A very strong area of high pressure parked over the Southwest United States led to continued excessive heat conditions across the region from the end of July into the beginning of August. Temperatures each day climbed near or above 110 degrees with a daily record high of 114 degrees being set in Phoenix on the 3rd. According to the Maricopa County Department of Public Health, 40 heat-associated fatalities occurred with this event for the beginning of August.",444
992934,GILA RIVER VALLEY (ZONE), ,08/01/2020,0,Excessive Heat, , ,0,0,0,0,AZ,MST-7, ,164451,Z,536,PSR,0,0,County Official, , , , , , , , ,08/01/2020,2000, , , , ,"","A very strong area of high pressure parked over the Southwest United States led to continued excessive heat conditions across the region from the end of July into the beginning of August. Temperatures each day climbed near or above 110 degrees with a daily record high of 114 degrees being set in Phoenix on the 3rd. According to the Maricopa County Department of Public Health, 40 heat-associated fatalities occurred with this event for the beginning of August.",445
992930,SOUTHEAST GILA COUNTY (ZONE), ,08/01/2020,0,Excessive Heat, , ,0,0,0,0,AZ,MST-7, ,164451,Z,563,PSR,0,0,County Official, , , , , , , , ,08/01/2020,2000, , , , ,"","A very strong area of high pressure parked over the Southwest United States led to continued excessive heat conditions across the region from the end of July into the beginning of August. Temperatures each day climbed near or above 110 degrees with a daily record high of 114 degrees being set in Phoenix on the 3rd. According to the Maricopa County Department of Public Health, 40 heat-associated fatalities occurred with this event for the beginning of August.",446
905055,GILA CO.,PERIDOT,08/01/2020,1633,Hail,1.00, ,0,0,1000,0,AZ,MST-7, ,150108,C,7,PSR,0,0,Public, , , ,2,WNW,2,WNW,PERIDOT,08/01/2020,1635,33.31,-110.46,33.31,-110.46,"Thunderstorms with large hail developed near the town of Peridot in southern Gila County during the afternoon hours on August 1st. At 1633MST, a teacher at a local school in Peridot reported quarter sized hail. Some of the largest stones had a diameter of one inch and were large enough to break a window at one of the residences on campus. At about the same time, penny to nickle sized hailstones were reported by the public in town, at the Bashas store along US Highway 70. No damage or injuries were reported from those hailstones.","Thunderstorms developed across portions of southern Gila County during the afternoon hours on August 1st. One of the stronger storms produced large hail with diameters of about one inch. The large hailstones fell in the town of Peridot, and in one instance window damage was reported due to the hail. A Severe Thunderstorm Warning was issued shortly after the large hail reports. No injuries were reported due to the large hail.",447
919394,GRAHAM CO.,CALVA,08/01/2020,1635,Hail,1.50, ,0,0,0,0,AZ,MST-7, ,152624,C,9,TWC,0,0,Public, , , ,17,WNW,17,WNW,CALVA,08/01/2020,1635,33.2954,-110.4447,33.2954,-110.4447,"","Scattered thunderstorms developed over the Mogollon Rim and moved southwest across Graham and Greenlee counties during the afternoon and Cochise and Santa Cruz counties during the evening. Several storms produced near severe wind gusts and one storm produced large hail in Peridot in Graham County.",448
912886,YAVAPAI CO.,CAMP VERDE ARPT,08/01/2020,1720,Hail,1.00, ,0,0,0,0,AZ,MST-7, ,151485,C,25,FGZ,0,0,Public, , , ,1,SW,3,NNW,MONTEZUMA CASTLE,08/01/2020,1720,34.52,-111.84,34.6606,-111.8459,"A thunderstorm produced one inch diameter hail on Silver Road in Camp Verde.","A surge of monsoonal moisture pushed north across Arizona. This allowed a thunderstorm to develop and it produced severe hail.",449
919410,SANTA CRUZ CO.,TUBAC,08/02/2020,1800,Thunderstorm Wind,56.00, ,0,0,2000,0,AZ,MST-7,EG,152625,C,23,TWC,0,0,Newspaper, , , ,1,SSE,1,SSE,TUBAC,08/02/2020,1800,31.6121,-111.0472,31.6121,-111.0472,"Thunderstorm winds downed two Chilean mesquite trees and uprooted a Ponderosa pine tree at the Tubac Presidio Historic Park.","Scattered thunderstorms developed over Santa Cruz and southwest Cochise County during the afternoon and moved southwest through the evening. Storms produced heavy rain and large hail in the Elgin/Sonoita area and one storm uprooted trees at Tubac Presidio State Historic Park.",450
919411,SANTA CRUZ CO.,TUBAC,08/02/2020,1800,Hail,1.00, ,0,0,0,0,AZ,MST-7, ,152625,C,23,TWC,0,0,Newspaper, , , ,1,SSE,1,SSE,TUBAC,08/02/2020,1800,31.6121,-111.0472,31.6121,-111.0472,"","Scattered thunderstorms developed over Santa Cruz and southwest Cochise County during the afternoon and moved southwest through the evening. Storms produced heavy rain and large hail in the Elgin/Sonoita area and one storm uprooted trees at Tubac Presidio State Historic Park.",451
919395,SANTA CRUZ CO.,ELGIN,08/02/2020,1808,Hail,1.00, ,0,0,0,0,AZ,MST-7, ,152625,C,23,TWC,0,0,CoCoRaHS, , , ,1,W,1,W,ELGIN,08/02/2020,1808,31.67,-110.53,31.67,-110.53,"","Scattered thunderstorms developed over Santa Cruz and southwest Cochise County during the afternoon and moved southwest through the evening. Storms produced heavy rain and large hail in the Elgin/Sonoita area and one storm uprooted trees at Tubac Presidio State Historic Park.",452
919414,SANTA CRUZ CO.,(OLS) NOGALES INTL ARPT,08/02/2020,1844,Thunderstorm Wind,51.00, ,0,0,0,0,AZ,MST-7,MG,152625,C,23,TWC,0,0,ASOS, , , ,0,N,0,N,(OLS) NOGALES INTL ARPT,08/02/2020,1844,31.42,-110.85,31.42,-110.85,"KOLS ASOS at Nogales Airport recorded a wind gust to 59 mph.","Scattered thunderstorms developed over Santa Cruz and southwest Cochise County during the afternoon and moved southwest through the evening. Storms produced heavy rain and large hail in the Elgin/Sonoita area and one storm uprooted trees at Tubac Presidio State Historic Park.",453
919418,SANTA CRUZ CO.,ELGIN,08/02/2020,1915,Hail,1.00, ,0,0,0,0,AZ,MST-7, ,152625,C,23,TWC,0,0,Trained Spotter, , , ,3,WNW,3,WNW,ELGIN,08/02/2020,1915,31.69,-110.56,31.69,-110.56,"","Scattered thunderstorms developed over Santa Cruz and southwest Cochise County during the afternoon and moved southwest through the evening. Storms produced heavy rain and large hail in the Elgin/Sonoita area and one storm uprooted trees at Tubac Presidio State Historic Park.",454
919429,SANTA CRUZ CO.,ELGIN,08/02/2020,1945,Flash Flood, , ,0,0,0,0,AZ,MST-7, ,152625,C,23,TWC,0,0,Trained Spotter,Heavy Rain, , ,3,WNW,2,ESE,ELGIN,08/02/2020,2030,31.69,-110.56,31.6601,-110.4951,"Around 1.5 of rain fell in less than an hour in the Elgin area causing 8 to 12 inches of water to flow across Elgin Road.","Scattered thunderstorms developed over Santa Cruz and southwest Cochise County during the afternoon and moved southwest through the evening. Storms produced heavy rain and large hail in the Elgin/Sonoita area and one storm uprooted trees at Tubac Presidio State Historic Park.",455
919432,PIMA CO.,CONTINENTAL,08/03/2020,1400,Hail,0.75, ,0,0,0,0,AZ,MST-7, ,152631,C,19,TWC,0,0,Fire Department/Rescue, , , ,2,SW,2,SW,CONTINENTAL,08/03/2020,1400,31.8278,-111.0111,31.8278,-111.0111,"","Scattered slow moving thunderstorms developed over portions of Santa Cruz, Pima and Pinal counties during the afternoon. Some storms produced strong winds and large hail. A power pole was downed near San Miguel and blowing dust was reported near Eloy.",456
919439,PIMA CO.,SAN MIGUEL,08/03/2020,1500,Thunderstorm Wind,52.00, ,0,0,2000,0,AZ,MST-7,EG,152631,C,19,TWC,0,0,Utility Company, , , ,0,ESE,0,ESE,SAN MIGUEL,08/03/2020,1500,31.6194,-111.7788,31.6194,-111.7788,"Thunderstorm winds downed a power pole near San Miguel. Power was out to several nearby villages for a number of hours as a result.","Scattered slow moving thunderstorms developed over portions of Santa Cruz, Pima and Pinal counties during the afternoon. Some storms produced strong winds and large hail. A power pole was downed near San Miguel and blowing dust was reported near Eloy.",457
992708,CENTRAL PHOENIX (ZONE), ,08/05/2020,0,Excessive Heat, , ,6,0,0,0,AZ,MST-7, ,164451,Z,543,PSR,0,0,County Official, , , , , , , , ,08/05/2020,2359, , , , ,"Six heat-associated fatalities were reported by the Maricopa County Department of Public Health, with their details, such as age, gender, circumstances and location unavailable.","A very strong area of high pressure parked over the Southwest United States led to continued excessive heat conditions across the region from the end of July into the beginning of August. Temperatures each day climbed near or above 110 degrees with a daily record high of 114 degrees being set in Phoenix on the 3rd. According to the Maricopa County Department of Public Health, 40 heat-associated fatalities occurred with this event for the beginning of August.",458
992709,CENTRAL PHOENIX (ZONE), ,08/06/2020,0,Heat, , ,8,0,0,0,AZ,MST-7, ,164451,Z,543,PSR,0,0,County Official, , , , , , , , ,08/06/2020,2359, , , , ,"Eight heat-associated fatalities were reported by the Maricopa County Department of Public Health, with their details, such as age, gender, circumstances and location unavailable.","A very strong area of high pressure parked over the Southwest United States led to continued excessive heat conditions across the region from the end of July into the beginning of August. Temperatures each day climbed near or above 110 degrees with a daily record high of 114 degrees being set in Phoenix on the 3rd. According to the Maricopa County Department of Public Health, 40 heat-associated fatalities occurred with this event for the beginning of August.",459
919146,TOHONO O ODHAM NATION (ZONE), ,08/08/2020,1000,Heat, , ,2,0,0,0,AZ,MST-7, ,152589,Z,502,TWC,0,0,County Official, , , , , , , , ,08/08/2020,2000, , , , ,"Above normal temperatures around 105 degrees occurred in central Pima County causing the Moderate Heat Risk category to be reached on August 8th. The Pima County Medical Examiner confirmed that heat was the primary cause of death for two adult males, one near Sells and another 15 miles southeast of Santa Rosa.","Hot temperatures were experienced on August 8th with high temperatures just over 105  degrees in central Pima County. The Pima County Medical Examiner confirmed that heat was the primary cause of death for two males on the Tohono O'odham Nation.",460
992710,CENTRAL PHOENIX (ZONE), ,08/09/2020,1000,Excessive Heat, , ,4,0,0,0,AZ,MST-7, ,164452,Z,543,PSR,0,0,County Official, , , , , , , , ,08/10/2020,2000, , , , ,"Four heat-associated fatalities were reported by the Maricopa County Department of Public Health, with their details, such as age, gender, circumstances and location unavailable.","Strong high pressure over the region allowed for temperatures to climb above 110 degrees on the 9th and 10th, promoting excessive heat conditions. According to the Maricopa County Department of Public Health, 5 heat-associated fatalities occurred during this event.",461
992936,NORTHWEST VALLEY (ZONE), ,08/09/2020,1000,Excessive Heat, , ,0,0,0,0,AZ,MST-7, ,164452,Z,537,PSR,0,0,County Official, , , , , , , , ,08/10/2020,2000, , , , ,"","Strong high pressure over the region allowed for temperatures to climb above 110 degrees on the 9th and 10th, promoting excessive heat conditions. According to the Maricopa County Department of Public Health, 5 heat-associated fatalities occurred during this event.",462
992937,BUCKEYE/AVONDALE (ZONE), ,08/09/2020,1000,Excessive Heat, , ,0,0,0,0,AZ,MST-7, ,164452,Z,540,PSR,0,0,County Official, , , , , , , , ,08/10/2020,2000, , , , ,"","Strong high pressure over the region allowed for temperatures to climb above 110 degrees on the 9th and 10th, promoting excessive heat conditions. According to the Maricopa County Department of Public Health, 5 heat-associated fatalities occurred during this event.",463
992938,DEER VALLEY (ZONE), ,08/09/2020,1000,Excessive Heat, , ,0,0,0,0,AZ,MST-7, ,164452,Z,542,PSR,0,0,County Official, , , , , , , , ,08/10/2020,2000, , , , ,"","Strong high pressure over the region allowed for temperatures to climb above 110 degrees on the 9th and 10th, promoting excessive heat conditions. According to the Maricopa County Department of Public Health, 5 heat-associated fatalities occurred during this event.",464
992939,NORTH PHOENIX/GLENDALE (ZONE), ,08/09/2020,1000,Excessive Heat, , ,0,0,0,0,AZ,MST-7, ,164452,Z,544,PSR,0,0,County Official, , , , , , , , ,08/10/2020,2000, , , , ,"","Strong high pressure over the region allowed for temperatures to climb above 110 degrees on the 9th and 10th, promoting excessive heat conditions. According to the Maricopa County Department of Public Health, 5 heat-associated fatalities occurred during this event.",465
992940,SCOTTSDALE/PARADISE VALLEY (ZONE), ,08/09/2020,1000,Excessive Heat, , ,0,0,0,0,AZ,MST-7, ,164452,Z,546,PSR,0,0,County Official, , , , , , , , ,08/10/2020,2000, , , , ,"","Strong high pressure over the region allowed for temperatures to climb above 110 degrees on the 9th and 10th, promoting excessive heat conditions. According to the Maricopa County Department of Public Health, 5 heat-associated fatalities occurred during this event.",466
992941,EAST VALLEY (ZONE), ,08/09/2020,1000,Excessive Heat, , ,0,0,0,0,AZ,MST-7, ,164452,Z,548,PSR,0,0,County Official, , , , , , , , ,08/10/2020,2000, , , , ,"","Strong high pressure over the region allowed for temperatures to climb above 110 degrees on the 9th and 10th, promoting excessive heat conditions. According to the Maricopa County Department of Public Health, 5 heat-associated fatalities occurred during this event.",467
992942,SOUTH MOUNTAIN/AHWATUKEE (ZONE), ,08/09/2020,1000,Excessive Heat, , ,0,0,0,0,AZ,MST-7, ,164452,Z,550,PSR,0,0,County Official, , , , , , , , ,08/10/2020,2000, , , , ,"","Strong high pressure over the region allowed for temperatures to climb above 110 degrees on the 9th and 10th, promoting excessive heat conditions. According to the Maricopa County Department of Public Health, 5 heat-associated fatalities occurred during this event.",468
992943,SOUTHEAST VALLEY/QUEEN CREEK (ZONE), ,08/09/2020,1000,Excessive Heat, , ,0,0,0,0,AZ,MST-7, ,164452,Z,551,PSR,0,0,County Official, , , , , , , , ,08/10/2020,2000, , , , ,"","Strong high pressure over the region allowed for temperatures to climb above 110 degrees on the 9th and 10th, promoting excessive heat conditions. According to the Maricopa County Department of Public Health, 5 heat-associated fatalities occurred during this event.",469
992944,TONTO BASIN (ZONE), ,08/09/2020,1000,Excessive Heat, , ,0,0,0,0,AZ,MST-7, ,164452,Z,556,PSR,0,0,County Official, , , , , , , , ,08/10/2020,2000, , , , ,"","Strong high pressure over the region allowed for temperatures to climb above 110 degrees on the 9th and 10th, promoting excessive heat conditions. According to the Maricopa County Department of Public Health, 5 heat-associated fatalities occurred during this event.",470
992945,SAN CARLOS (ZONE), ,08/09/2020,1000,Excessive Heat, , ,0,0,0,0,AZ,MST-7, ,164452,Z,560,PSR,0,0,County Official, , , , , , , , ,08/10/2020,2000, , , , ,"","Strong high pressure over the region allowed for temperatures to climb above 110 degrees on the 9th and 10th, promoting excessive heat conditions. According to the Maricopa County Department of Public Health, 5 heat-associated fatalities occurred during this event.",471
992946,GLOBE/MIAMI (ZONE), ,08/09/2020,1000,Excessive Heat, , ,0,0,0,0,AZ,MST-7, ,164452,Z,562,PSR,0,0,County Official, , , , , , , , ,08/10/2020,2000, , , , ,"","Strong high pressure over the region allowed for temperatures to climb above 110 degrees on the 9th and 10th, promoting excessive heat conditions. According to the Maricopa County Department of Public Health, 5 heat-associated fatalities occurred during this event.",472
919147,UPPER SANTA CRUZ RIVER AND ALTAR VALLEYS (ZONE), ,08/10/2020,1000,Heat, , ,1,0,0,0,AZ,MST-7, ,152591,Z,503,TWC,0,0,County Official, , , , , , , , ,08/10/2020,2000, , , , ,"Above normal temperatures around 105 degrees occurred in southeast Pima County causing the Moderate Heat Risk category to be reached on August 10th. The Pima County Medical Examiner confirmed that heat was the primary cause of death for one adult male just east of the Baboquivari Mountains.","Hot temperatures were experienced on August 8th with high temperatures just over 105 degrees in southeast Pima County. The Pima County Medical Examiner confirmed that heat was the primary cause of death for one male just east of the Baboquivari Mountains.",473
917332,CHIRICAHUA MOUNTAINS (ZONE), ,08/10/2020,1345,Wildfire, , ,0,0,0,0,AZ,MST-7, ,152297,Z,512,TWC,0,0,Park/Forest Service, , , , , , , , ,08/18/2020,1200, , , , ,"Lightning started the Klaus Fire in the Chiricahua Mountains in southeast Cochise County on August 10th. The fire was spread by strong winds and a lack of monsoon rainfall, and consumed 4864 acres before becoming contained August 18th. Fire suppression costs tallied $377,500.","Lightning started the Klaus Fire in the Chiricahua Mountains in southeast Cochise County on August 10th. The fire was spread by strong winds and a lack of monsoon rainfall, and consumed 4864 acres before becoming contained August 18th. Fire suppression costs tallied $377,500.",474
992711,CENTRAL PHOENIX (ZONE), ,08/11/2020,0,Heat, , ,1,0,0,0,AZ,MST-7, ,164452,Z,543,PSR,0,0,County Official, , , , , , , , ,08/11/2020,2359, , , , ,"One heat-associated fatality was reported by the Maricopa County Department of Public Health, with their details, such as age, gender, circumstances and location unavailable.","Strong high pressure over the region allowed for temperatures to climb above 110 degrees on the 9th and 10th, promoting excessive heat conditions. According to the Maricopa County Department of Public Health, 5 heat-associated fatalities occurred during this event.",475
905065,NORTHWEST PINAL COUNTY (ZONE), ,08/11/2020,1900,Dust Storm, , ,0,0,0,0,AZ,MST-7, ,150109,Z,553,PSR,0,0,Public, , , , , , , , ,08/11/2020,1930, , , , ,"Thunderstorms developed to the southeast of Phoenix during the evening hours on August 11th and some of the stronger storms generated gusty outflow winds which reached to about 40 mph. The winds were strong enough to generate areas of dense blowing dust that impacted portions of northwest Pinal County, from Casa Grande northwest to the Ak Chin Indian Reservation. At 1926MST, a member of the public located about 1 mile southeast of the town of Maricopa reported less than one quarter of a mile visibility in a dust storm. At about the same time, a trained weather spotter 4 miles north of Casa Grande reported visibility down to one eighth of a mile in a dust storm. A bit earlier at about 1910MST, the official AWOS weather station at the Ak Chin Airport measured one quarter of a mile visibility in blowing dust with wind gusts to 38 mph. A Dust Storm Warning was not issued; fortunately there were no reports of accidents or injury due to the dust storm and the sharply restricted visibilities.","Thunderstorms developed to the southeast of Phoenix and over portions of northern Pinal County during the evening hours on August 11th. Some of the stronger storms generated gusty outflow winds that reached to at least 40 mph; the winds were sufficient to cause areas of blowing dust that lowered visibility to one quarter mile or below. From about 1900MST to 1930MST, multiple spotter and public reports were taken between Casa Grande and the Ak Chin Indian Reservation indicating dense blowing dust lowering visibility to one quarter mile or below. There were no dust storm warnings issued and no accidents or injuries resulted from the severely restricted visibility.",476
992948,BUCKEYE/AVONDALE (ZONE), ,08/12/2020,1000,Excessive Heat, , ,0,0,0,0,AZ,MST-7, ,164453,Z,540,PSR,0,0,County Official, , , , , , , , ,08/20/2020,2000, , , , ,"","A very strong and expansive area of high pressure remained situated over the Desert Southwest for multiple days, allowing for temperatures to reach or exceed 115 degrees most days during this time. Record highs were set nearly everyday in Phoenix during this time with records broken on the 13th, 14th, 16th, 17th, 18th, and 19th. According to the Maricopa County Department of Public Health, 43 heat-associated fatalities occurred during this heat wave.",477
992949,DEER VALLEY (ZONE), ,08/12/2020,1000,Excessive Heat, , ,0,0,0,0,AZ,MST-7, ,164453,Z,542,PSR,0,0,County Official, , , , , , , , ,08/20/2020,2000, , , , ,"","A very strong and expansive area of high pressure remained situated over the Desert Southwest for multiple days, allowing for temperatures to reach or exceed 115 degrees most days during this time. Record highs were set nearly everyday in Phoenix during this time with records broken on the 13th, 14th, 16th, 17th, 18th, and 19th. According to the Maricopa County Department of Public Health, 43 heat-associated fatalities occurred during this heat wave.",478
992712,CENTRAL PHOENIX (ZONE), ,08/12/2020,1000,Excessive Heat, , ,43,0,0,0,AZ,MST-7, ,164453,Z,543,PSR,0,0,County Official, , , , , , , , ,08/20/2020,2000, , , , ,"Forty-three heat-associated fatalities were reported by the Maricopa County Department of Public Health, with their details, such as age, gender, circumstances and location unavailable.","A very strong and expansive area of high pressure remained situated over the Desert Southwest for multiple days, allowing for temperatures to reach or exceed 115 degrees most days during this time. Record highs were set nearly everyday in Phoenix during this time with records broken on the 13th, 14th, 16th, 17th, 18th, and 19th. According to the Maricopa County Department of Public Health, 43 heat-associated fatalities occurred during this heat wave.",479
992947,NORTHWEST VALLEY (ZONE), ,08/12/2020,1000,Excessive Heat, , ,0,0,0,0,AZ,MST-7, ,164453,Z,537,PSR,0,0,County Official, , , , , , , , ,08/20/2020,2000, , , , ,"","A very strong and expansive area of high pressure remained situated over the Desert Southwest for multiple days, allowing for temperatures to reach or exceed 115 degrees most days during this time. Record highs were set nearly everyday in Phoenix during this time with records broken on the 13th, 14th, 16th, 17th, 18th, and 19th. According to the Maricopa County Department of Public Health, 43 heat-associated fatalities occurred during this heat wave.",480
992950,NORTH PHOENIX/GLENDALE (ZONE), ,08/12/2020,1000,Excessive Heat, , ,0,0,0,0,AZ,MST-7, ,164453,Z,544,PSR,0,0,County Official, , , , , , , , ,08/20/2020,2000, , , , ,"","A very strong and expansive area of high pressure remained situated over the Desert Southwest for multiple days, allowing for temperatures to reach or exceed 115 degrees most days during this time. Record highs were set nearly everyday in Phoenix during this time with records broken on the 13th, 14th, 16th, 17th, 18th, and 19th. According to the Maricopa County Department of Public Health, 43 heat-associated fatalities occurred during this heat wave.",481
992951,SCOTTSDALE/PARADISE VALLEY (ZONE), ,08/12/2020,1000,Excessive Heat, , ,0,0,0,0,AZ,MST-7, ,164453,Z,546,PSR,0,0,County Official, , , , , , , , ,08/20/2020,2000, , , , ,"","A very strong and expansive area of high pressure remained situated over the Desert Southwest for multiple days, allowing for temperatures to reach or exceed 115 degrees most days during this time. Record highs were set nearly everyday in Phoenix during this time with records broken on the 13th, 14th, 16th, 17th, 18th, and 19th. According to the Maricopa County Department of Public Health, 43 heat-associated fatalities occurred during this heat wave.",482
992954,SOUTHEAST VALLEY/QUEEN CREEK (ZONE), ,08/12/2020,1000,Excessive Heat, , ,0,0,0,0,AZ,MST-7, ,164453,Z,551,PSR,0,0,County Official, , , , , , , , ,08/20/2020,2000, , , , ,"","A very strong and expansive area of high pressure remained situated over the Desert Southwest for multiple days, allowing for temperatures to reach or exceed 115 degrees most days during this time. Record highs were set nearly everyday in Phoenix during this time with records broken on the 13th, 14th, 16th, 17th, 18th, and 19th. According to the Maricopa County Department of Public Health, 43 heat-associated fatalities occurred during this heat wave.",483
992955,NORTHWEST PINAL COUNTY (ZONE), ,08/12/2020,1000,Excessive Heat, , ,0,0,0,0,AZ,MST-7, ,164453,Z,553,PSR,0,0,County Official, , , , , , , , ,08/20/2020,2000, , , , ,"","A very strong and expansive area of high pressure remained situated over the Desert Southwest for multiple days, allowing for temperatures to reach or exceed 115 degrees most days during this time. Record highs were set nearly everyday in Phoenix during this time with records broken on the 13th, 14th, 16th, 17th, 18th, and 19th. According to the Maricopa County Department of Public Health, 43 heat-associated fatalities occurred during this heat wave.",484
992956,TONTO BASIN (ZONE), ,08/12/2020,1000,Excessive Heat, , ,0,0,0,0,AZ,MST-7, ,164453,Z,556,PSR,0,0,County Official, , , , , , , , ,08/20/2020,2000, , , , ,"","A very strong and expansive area of high pressure remained situated over the Desert Southwest for multiple days, allowing for temperatures to reach or exceed 115 degrees most days during this time. Record highs were set nearly everyday in Phoenix during this time with records broken on the 13th, 14th, 16th, 17th, 18th, and 19th. According to the Maricopa County Department of Public Health, 43 heat-associated fatalities occurred during this heat wave.",485
992957,SAN CARLOS (ZONE), ,08/12/2020,1000,Excessive Heat, , ,0,0,0,0,AZ,MST-7, ,164453,Z,560,PSR,0,0,County Official, , , , , , , , ,08/20/2020,2000, , , , ,"","A very strong and expansive area of high pressure remained situated over the Desert Southwest for multiple days, allowing for temperatures to reach or exceed 115 degrees most days during this time. Record highs were set nearly everyday in Phoenix during this time with records broken on the 13th, 14th, 16th, 17th, 18th, and 19th. According to the Maricopa County Department of Public Health, 43 heat-associated fatalities occurred during this heat wave.",486
992952,EAST VALLEY (ZONE), ,08/12/2020,1000,Excessive Heat, , ,0,0,0,0,AZ,MST-7, ,164453,Z,548,PSR,0,0,County Official, , , , , , , , ,08/20/2020,2000, , , , ,"","A very strong and expansive area of high pressure remained situated over the Desert Southwest for multiple days, allowing for temperatures to reach or exceed 115 degrees most days during this time. Record highs were set nearly everyday in Phoenix during this time with records broken on the 13th, 14th, 16th, 17th, 18th, and 19th. According to the Maricopa County Department of Public Health, 43 heat-associated fatalities occurred during this heat wave.",487
992953,SOUTH MOUNTAIN/AHWATUKEE (ZONE), ,08/12/2020,1000,Excessive Heat, , ,0,0,0,0,AZ,MST-7, ,164453,Z,550,PSR,0,0,County Official, , , , , , , , ,08/20/2020,2000, , , , ,"","A very strong and expansive area of high pressure remained situated over the Desert Southwest for multiple days, allowing for temperatures to reach or exceed 115 degrees most days during this time. Record highs were set nearly everyday in Phoenix during this time with records broken on the 13th, 14th, 16th, 17th, 18th, and 19th. According to the Maricopa County Department of Public Health, 43 heat-associated fatalities occurred during this heat wave.",488
992958,GLOBE/MIAMI (ZONE), ,08/12/2020,1000,Excessive Heat, , ,0,0,0,0,AZ,MST-7, ,164453,Z,562,PSR,0,0,County Official, , , , , , , , ,08/20/2020,2000, , , , ,"","A very strong and expansive area of high pressure remained situated over the Desert Southwest for multiple days, allowing for temperatures to reach or exceed 115 degrees most days during this time. Record highs were set nearly everyday in Phoenix during this time with records broken on the 13th, 14th, 16th, 17th, 18th, and 19th. According to the Maricopa County Department of Public Health, 43 heat-associated fatalities occurred during this heat wave.",489
919168,UPPER GILA RIVER AND ARAVAIPA VALLEYS (ZONE), ,08/13/2020,1000,Excessive Heat, , ,0,0,0,0,AZ,MST-7, ,152592,Z,509,TWC,0,0,Mesonet, , , , , , , , ,08/16/2020,2000, , , , ,"Very hot temperatures 10 to 15 degrees above normal occurred in parts of southeast Arizona, causing the High Heat Risk category to be reached August 13 through August 16. Record high temperatures were tied or set at most locations on multiple days during the period. The hottest record temperatures during this stretch were 113 degrees at Safford Airport on August 15; 111 at both Fort Thomas on the 15th and 16th and Sasabe on the 14th; 110 at Duncan on the 15th; and 104 at Nogales Airport on the 13th and 15th.  The Pima County Medical Examiner confirmed that heat was the primary cause of death for one adult male near Ruby on August 16th.","An extended period of very hot temperatures were experienced in southeast Arizona from August 13th-19th. Many locations approached or exceeded 110 degrees and set new daily record high temperatures. The Pima County Medical Examiner confirmed that heat was the primary cause of death for four adult males during the period, two each in Pima and Santa Cruz counties.",490
919163,SOUTH CENTRAL PINAL COUNTY (ZONE), ,08/13/2020,1000,Excessive Heat, , ,0,0,0,0,AZ,MST-7, ,152592,Z,505,TWC,0,0,Mesonet, , , , , , , , ,08/19/2020,2000, , , , ,"Very hot temperatures 10 to 13 degrees above normal occurred in the lower elevations of southeast Arizona, causing the High Heat Risk category to be reached August 13 through August 19. Record high temperatures were tied or set at most locations on multiple days during the period.  The hottest record temperatures during this stretch were 115 degrees at Ajo on August 18; 114 at Organ Pipe Cactus National Monument on August 17 and 18; 113 at Picacho on the 18th; 111 at both Sells on the 16th and 17th and at Tucson International Airport on the 13th; 109 at Green Valley on the 17th; and 106 at San Manuel on the 14th and 15th. Low temperatures during this period were as warm as 84 at Tucson and 89 at Ajo. The Pima County Medical Examiner confirmed that heat was the primary cause of death for two adult males, one near Guvo  on the Tohono O'odham Nation on August 13th and one on the grounds of the Ironwood National Forest on August 14th.","An extended period of very hot temperatures were experienced in southeast Arizona from August 13th-19th. Many locations approached or exceeded 110 degrees and set new daily record high temperatures. The Pima County Medical Examiner confirmed that heat was the primary cause of death for four adult males during the period, two each in Pima and Santa Cruz counties.",491
919164,SOUTHEAST PINAL COUNTY (ZONE), ,08/13/2020,1000,Excessive Heat, , ,0,0,0,0,AZ,MST-7, ,152592,Z,506,TWC,0,0,Mesonet, , , , , , , , ,08/19/2020,2000, , , , ,"Very hot temperatures 10 to 13 degrees above normal occurred in the lower elevations of southeast Arizona, causing the High Heat Risk category to be reached August 13 through August 19. Record high temperatures were tied or set at most locations on multiple days during the period.  The hottest record temperatures during this stretch were 115 degrees at Ajo on August 18; 114 at Organ Pipe Cactus National Monument on August 17 and 18; 113 at Picacho on the 18th; 111 at both Sells on the 16th and 17th and at Tucson International Airport on the 13th; 109 at Green Valley on the 17th; and 106 at San Manuel on the 14th and 15th. Low temperatures during this period were as warm as 84 at Tucson and 89 at Ajo. The Pima County Medical Examiner confirmed that heat was the primary cause of death for two adult males, one near Guvo  on the Tohono O'odham Nation on August 13th and one on the grounds of the Ironwood National Forest on August 14th.","An extended period of very hot temperatures were experienced in southeast Arizona from August 13th-19th. Many locations approached or exceeded 110 degrees and set new daily record high temperatures. The Pima County Medical Examiner confirmed that heat was the primary cause of death for four adult males during the period, two each in Pima and Santa Cruz counties.",492
919161,TOHONO O ODHAM NATION (ZONE), ,08/13/2020,1000,Excessive Heat, , ,1,0,0,0,AZ,MST-7, ,152592,Z,502,TWC,0,0,County Official, , , , , , , , ,08/19/2020,2000, , , , ,"Very hot temperatures 10 to 13 degrees above normal occurred in the lower elevations of southeast Arizona, causing the High Heat Risk category to be reached August 13 through August 19. Record high temperatures were tied or set at most locations on multiple days during the period.  The hottest record temperatures during this stretch were 115 degrees at Ajo on August 18; 114 at Organ Pipe Cactus National Monument on August 17 and 18; 113 at Picacho on the 18th; 111 at both Sells on the 16th and 17th and at Tucson International Airport on the 13th; 109 at Green Valley on the 17th; and 106 at San Manuel on the 14th and 15th. Low temperatures during this period were as warm as 84 at Tucson and 89 at Ajo. The Pima County Medical Examiner confirmed that heat was the primary cause of death for two adult males, one near Guvo  on the Tohono O'odham Nation on August 13th and one on the grounds of the Ironwood National Forest on August 14th.","An extended period of very hot temperatures were experienced in southeast Arizona from August 13th-19th. Many locations approached or exceeded 110 degrees and set new daily record high temperatures. The Pima County Medical Examiner confirmed that heat was the primary cause of death for four adult males during the period, two each in Pima and Santa Cruz counties.",493
919162,TUCSON METRO AREA (ZONE), ,08/13/2020,1000,Excessive Heat, , ,1,0,0,0,AZ,MST-7, ,152592,Z,504,TWC,0,0,County Official, , , , , , , , ,08/19/2020,2000, , , , ,"Very hot temperatures 10 to 13 degrees above normal occurred in the lower elevations of southeast Arizona, causing the High Heat Risk category to be reached August 13 through August 19. Record high temperatures were tied or set at most locations on multiple days during the period.  The hottest record temperatures during this stretch were 115 degrees at Ajo on August 18; 114 at Organ Pipe Cactus National Monument on August 17 and 18; 113 at Picacho on the 18th; 111 at both Sells on the 16th and 17th and at Tucson International Airport on the 13th; 109 at Green Valley on the 17th; and 106 at San Manuel on the 14th and 15th. Low temperatures during this period were as warm as 84 at Tucson and 89 at Ajo. The Pima County Medical Examiner confirmed that heat was the primary cause of death for two adult males, one near Guvo  on the Tohono O'odham Nation on August 13th and one on the grounds of the Ironwood National Forest on August 14th.","An extended period of very hot temperatures were experienced in southeast Arizona from August 13th-19th. Many locations approached or exceeded 110 degrees and set new daily record high temperatures. The Pima County Medical Examiner confirmed that heat was the primary cause of death for four adult males during the period, two each in Pima and Santa Cruz counties.",494
919167,UPPER SANTA CRUZ RIVER AND ALTAR VALLEYS (ZONE), ,08/13/2020,1000,Excessive Heat, , ,1,0,0,0,AZ,MST-7, ,152592,Z,503,TWC,0,0,County Official, , , , , , , , ,08/16/2020,2000, , , , ,"Very hot temperatures 10 to 15 degrees above normal occurred in parts of southeast Arizona, causing the High Heat Risk category to be reached August 13 through August 16. Record high temperatures were tied or set at most locations on multiple days during the period. The hottest record temperatures during this stretch were 113 degrees at Safford Airport on August 15; 111 at both Fort Thomas on the 15th and 16th and Sasabe on the 14th; 110 at Duncan on the 15th; and 104 at Nogales Airport on the 13th and 15th.  The Pima County Medical Examiner confirmed that heat was the primary cause of death for one adult male near Ruby on August 16th.","An extended period of very hot temperatures were experienced in southeast Arizona from August 13th-19th. Many locations approached or exceeded 110 degrees and set new daily record high temperatures. The Pima County Medical Examiner confirmed that heat was the primary cause of death for four adult males during the period, two each in Pima and Santa Cruz counties.",495
919156,WESTERN PIMA COUNTY (ZONE), ,08/13/2020,1000,Excessive Heat, , ,0,0,0,0,AZ,MST-7, ,152592,Z,501,TWC,0,0,Mesonet, , , , , , , , ,08/19/2020,2000, , , , ,"Very hot temperatures 10 to 13 degrees above normal occurred in the lower elevations of southeast Arizona, causing the High Heat Risk category to be reached August 13 through August 19. Record high temperatures were tied or set at most locations on multiple days during the period.  The hottest record temperatures during this stretch were 115 degrees at Ajo on August 18; 114 at Organ Pipe Cactus National Monument on August 17 and 18; 113 at Picacho on the 18th; 111 at both Sells on the 16th and 17th and at Tucson International Airport on the 13th; 109 at Green Valley on the 17th; and 106 at San Manuel on the 14th and 15th. Low temperatures during this period were as warm as 84 at Tucson and 89 at Ajo. The Pima County Medical Examiner confirmed that heat was the primary cause of death for two adult males, one near Guvo  on the Tohono O'odham Nation on August 13th and one on the grounds of the Ironwood National Forest on August 14th.","An extended period of very hot temperatures were experienced in southeast Arizona from August 13th-19th. Many locations approached or exceeded 110 degrees and set new daily record high temperatures. The Pima County Medical Examiner confirmed that heat was the primary cause of death for four adult males during the period, two each in Pima and Santa Cruz counties.",496
992977,DRIPPING SPRINGS (ZONE), ,08/13/2020,1000,Excessive Heat, , ,0,0,0,0,AZ,MST-7, ,164453,Z,561,PSR,0,0,County Official, , , , , , , , ,08/20/2020,2000, , , , ,"","A very strong and expansive area of high pressure remained situated over the Desert Southwest for multiple days, allowing for temperatures to reach or exceed 115 degrees most days during this time. Record highs were set nearly everyday in Phoenix during this time with records broken on the 13th, 14th, 16th, 17th, 18th, and 19th. According to the Maricopa County Department of Public Health, 43 heat-associated fatalities occurred during this heat wave.",497
992968,GILA BEND (ZONE), ,08/13/2020,1000,Excessive Heat, , ,0,0,0,0,AZ,MST-7, ,164453,Z,539,PSR,0,0,County Official, , , , , , , , ,08/20/2020,2000, , , , ,"","A very strong and expansive area of high pressure remained situated over the Desert Southwest for multiple days, allowing for temperatures to reach or exceed 115 degrees most days during this time. Record highs were set nearly everyday in Phoenix during this time with records broken on the 13th, 14th, 16th, 17th, 18th, and 19th. According to the Maricopa County Department of Public Health, 43 heat-associated fatalities occurred during this heat wave.",498
992969,WEST PINAL COUNTY (ZONE), ,08/13/2020,1000,Excessive Heat, , ,0,0,0,0,AZ,MST-7, ,164453,Z,554,PSR,0,0,County Official, , , , , , , , ,08/20/2020,2000, , , , ,"","A very strong and expansive area of high pressure remained situated over the Desert Southwest for multiple days, allowing for temperatures to reach or exceed 115 degrees most days during this time. Record highs were set nearly everyday in Phoenix during this time with records broken on the 13th, 14th, 16th, 17th, 18th, and 19th. According to the Maricopa County Department of Public Health, 43 heat-associated fatalities occurred during this heat wave.",499
992970,SONORAN DESERT NATL MONUMENT (ZONE), ,08/13/2020,1000,Excessive Heat, , ,0,0,0,0,AZ,MST-7, ,164453,Z,559,PSR,0,0,County Official, , , , , , , , ,08/20/2020,2000, , , , ,"","A very strong and expansive area of high pressure remained situated over the Desert Southwest for multiple days, allowing for temperatures to reach or exceed 115 degrees most days during this time. Record highs were set nearly everyday in Phoenix during this time with records broken on the 13th, 14th, 16th, 17th, 18th, and 19th. According to the Maricopa County Department of Public Health, 43 heat-associated fatalities occurred during this heat wave.",500
