EVENT_ID,CZ_NAME_STR,BEGIN_LOCATION,BEGIN_DATE,BEGIN_TIME,EVENT_TYPE,MAGNITUDE,TOR_F_SCALE,DEATHS_DIRECT,INJURIES_DIRECT,DAMAGE_PROPERTY_NUM,DAMAGE_CROPS_NUM,STATE_ABBR,CZ_TIMEZONE,MAGNITUDE_TYPE,EPISODE_ID,CZ_TYPE,CZ_FIPS,WFO,INJURIES_INDIRECT,DEATHS_INDIRECT,SOURCE,FLOOD_CAUSE,TOR_LENGTH,TOR_WIDTH,BEGIN_RANGE,BEGIN_AZIMUTH,END_RANGE,END_AZIMUTH,END_LOCATION,END_DATE,END_TIME,BEGIN_LAT,BEGIN_LON,END_LAT,END_LON,EVENT_NARRATIVE,EPISODE_NARRATIVE,ABSOLUTE_ROWNUMBER
932136,UPPER SANTA CRUZ RIVER AND ALTAR VALLEYS (ZONE), ,01/01/2021,0,Drought, , ,0,0,0,0,AZ,MST-7, ,154723,Z,503,TWC,0,0,Drought Monitor, , , , , , , , ,01/31/2021,2359, , , , ,"The exceptional (D4) and extreme (D3) drought categories continued across a large part of southeast Arizona during January, with the exception of western Pima County. Precipitation totals for the month totaled 0.5 to 1.5 inches, with higher amounts in the form of snow on the highest mountains. These totals were 25 to 125 percent of normal, but even where substantial precipitation occurred, were not enough to improve the drought status. Soil moisture readings improved slightly, but were still below the 5th percentile ranking across Santa Cruz and eastern sections of Pima and Pinal counties and below the 10th percentile ranking elsewhere. Levels at San Carlos Reservoir remained around 2 percent of storage capacity.","The exceptional (D4) and extreme (D3) drought categories continued across a large part of southeast Arizona during January, with the exception of western Pima County. Precipitation totals for the month totaled 0.5 to 1.5 inches, with higher amounts in the form of snow on the highest mountains. These totals were 25 to 125 percent of normal, but even where substantial precipitation occurred, were not enough to improve the drought status. Soil moisture readings improved slightly, but were still below the 5th percentile ranking across Santa Cruz and eastern sections of Pima and Pinal counties and below the 10th percentile ranking elsewhere. Levels at San Carlos Reservoir remained around 2 percent of storage capacity.",1
932137,TUCSON METRO AREA (ZONE), ,01/01/2021,0,Drought, , ,0,0,0,0,AZ,MST-7, ,154723,Z,504,TWC,0,0,Drought Monitor, , , , , , , , ,01/31/2021,2359, , , , ,"The exceptional (D4) and extreme (D3) drought categories continued across a large part of southeast Arizona during January, with the exception of western Pima County. Precipitation totals for the month totaled 0.5 to 1.5 inches, with higher amounts in the form of snow on the highest mountains. These totals were 25 to 125 percent of normal, but even where substantial precipitation occurred, were not enough to improve the drought status. Soil moisture readings improved slightly, but were still below the 5th percentile ranking across Santa Cruz and eastern sections of Pima and Pinal counties and below the 10th percentile ranking elsewhere. Levels at San Carlos Reservoir remained around 2 percent of storage capacity.","The exceptional (D4) and extreme (D3) drought categories continued across a large part of southeast Arizona during January, with the exception of western Pima County. Precipitation totals for the month totaled 0.5 to 1.5 inches, with higher amounts in the form of snow on the highest mountains. These totals were 25 to 125 percent of normal, but even where substantial precipitation occurred, were not enough to improve the drought status. Soil moisture readings improved slightly, but were still below the 5th percentile ranking across Santa Cruz and eastern sections of Pima and Pinal counties and below the 10th percentile ranking elsewhere. Levels at San Carlos Reservoir remained around 2 percent of storage capacity.",2
932139,SOUTHEAST PINAL COUNTY (ZONE), ,01/01/2021,0,Drought, , ,0,0,0,0,AZ,MST-7, ,154723,Z,506,TWC,0,0,Drought Monitor, , , , , , , , ,01/31/2021,2359, , , , ,"The exceptional (D4) and extreme (D3) drought categories continued across a large part of southeast Arizona during January, with the exception of western Pima County. Precipitation totals for the month totaled 0.5 to 1.5 inches, with higher amounts in the form of snow on the highest mountains. These totals were 25 to 125 percent of normal, but even where substantial precipitation occurred, were not enough to improve the drought status. Soil moisture readings improved slightly, but were still below the 5th percentile ranking across Santa Cruz and eastern sections of Pima and Pinal counties and below the 10th percentile ranking elsewhere. Levels at San Carlos Reservoir remained around 2 percent of storage capacity.","The exceptional (D4) and extreme (D3) drought categories continued across a large part of southeast Arizona during January, with the exception of western Pima County. Precipitation totals for the month totaled 0.5 to 1.5 inches, with higher amounts in the form of snow on the highest mountains. These totals were 25 to 125 percent of normal, but even where substantial precipitation occurred, were not enough to improve the drought status. Soil moisture readings improved slightly, but were still below the 5th percentile ranking across Santa Cruz and eastern sections of Pima and Pinal counties and below the 10th percentile ranking elsewhere. Levels at San Carlos Reservoir remained around 2 percent of storage capacity.",3
932135,TOHONO O ODHAM NATION (ZONE), ,01/01/2021,0,Drought, , ,0,0,0,0,AZ,MST-7, ,154723,Z,502,TWC,0,0,Drought Monitor, , , , , , , , ,01/31/2021,2359, , , , ,"The exceptional (D4) and extreme (D3) drought categories continued across a large part of southeast Arizona during January, with the exception of western Pima County. Precipitation totals for the month totaled 0.5 to 1.5 inches, with higher amounts in the form of snow on the highest mountains. These totals were 25 to 125 percent of normal, but even where substantial precipitation occurred, were not enough to improve the drought status. Soil moisture readings improved slightly, but were still below the 5th percentile ranking across Santa Cruz and eastern sections of Pima and Pinal counties and below the 10th percentile ranking elsewhere. Levels at San Carlos Reservoir remained around 2 percent of storage capacity.","The exceptional (D4) and extreme (D3) drought categories continued across a large part of southeast Arizona during January, with the exception of western Pima County. Precipitation totals for the month totaled 0.5 to 1.5 inches, with higher amounts in the form of snow on the highest mountains. These totals were 25 to 125 percent of normal, but even where substantial precipitation occurred, were not enough to improve the drought status. Soil moisture readings improved slightly, but were still below the 5th percentile ranking across Santa Cruz and eastern sections of Pima and Pinal counties and below the 10th percentile ranking elsewhere. Levels at San Carlos Reservoir remained around 2 percent of storage capacity.",4
932138,SOUTH CENTRAL PINAL COUNTY (ZONE), ,01/01/2021,0,Drought, , ,0,0,0,0,AZ,MST-7, ,154723,Z,505,TWC,0,0,Drought Monitor, , , , , , , , ,01/31/2021,2359, , , , ,"The exceptional (D4) and extreme (D3) drought categories continued across a large part of southeast Arizona during January, with the exception of western Pima County. Precipitation totals for the month totaled 0.5 to 1.5 inches, with higher amounts in the form of snow on the highest mountains. These totals were 25 to 125 percent of normal, but even where substantial precipitation occurred, were not enough to improve the drought status. Soil moisture readings improved slightly, but were still below the 5th percentile ranking across Santa Cruz and eastern sections of Pima and Pinal counties and below the 10th percentile ranking elsewhere. Levels at San Carlos Reservoir remained around 2 percent of storage capacity.","The exceptional (D4) and extreme (D3) drought categories continued across a large part of southeast Arizona during January, with the exception of western Pima County. Precipitation totals for the month totaled 0.5 to 1.5 inches, with higher amounts in the form of snow on the highest mountains. These totals were 25 to 125 percent of normal, but even where substantial precipitation occurred, were not enough to improve the drought status. Soil moisture readings improved slightly, but were still below the 5th percentile ranking across Santa Cruz and eastern sections of Pima and Pinal counties and below the 10th percentile ranking elsewhere. Levels at San Carlos Reservoir remained around 2 percent of storage capacity.",5
932140,UPPER SAN PEDRO RIVER VALLEY (ZONE), ,01/01/2021,0,Drought, , ,0,0,0,0,AZ,MST-7, ,154723,Z,507,TWC,0,0,Drought Monitor, , , , , , , , ,01/31/2021,2359, , , , ,"The exceptional (D4) and extreme (D3) drought categories continued across a large part of southeast Arizona during January, with the exception of western Pima County. Precipitation totals for the month totaled 0.5 to 1.5 inches, with higher amounts in the form of snow on the highest mountains. These totals were 25 to 125 percent of normal, but even where substantial precipitation occurred, were not enough to improve the drought status. Soil moisture readings improved slightly, but were still below the 5th percentile ranking across Santa Cruz and eastern sections of Pima and Pinal counties and below the 10th percentile ranking elsewhere. Levels at San Carlos Reservoir remained around 2 percent of storage capacity.","The exceptional (D4) and extreme (D3) drought categories continued across a large part of southeast Arizona during January, with the exception of western Pima County. Precipitation totals for the month totaled 0.5 to 1.5 inches, with higher amounts in the form of snow on the highest mountains. These totals were 25 to 125 percent of normal, but even where substantial precipitation occurred, were not enough to improve the drought status. Soil moisture readings improved slightly, but were still below the 5th percentile ranking across Santa Cruz and eastern sections of Pima and Pinal counties and below the 10th percentile ranking elsewhere. Levels at San Carlos Reservoir remained around 2 percent of storage capacity.",6
932142,UPPER GILA RIVER AND ARAVAIPA VALLEYS (ZONE), ,01/01/2021,0,Drought, , ,0,0,0,0,AZ,MST-7, ,154723,Z,509,TWC,0,0,Drought Monitor, , , , , , , , ,01/31/2021,2359, , , , ,"The exceptional (D4) and extreme (D3) drought categories continued across a large part of southeast Arizona during January, with the exception of western Pima County. Precipitation totals for the month totaled 0.5 to 1.5 inches, with higher amounts in the form of snow on the highest mountains. These totals were 25 to 125 percent of normal, but even where substantial precipitation occurred, were not enough to improve the drought status. Soil moisture readings improved slightly, but were still below the 5th percentile ranking across Santa Cruz and eastern sections of Pima and Pinal counties and below the 10th percentile ranking elsewhere. Levels at San Carlos Reservoir remained around 2 percent of storage capacity.","The exceptional (D4) and extreme (D3) drought categories continued across a large part of southeast Arizona during January, with the exception of western Pima County. Precipitation totals for the month totaled 0.5 to 1.5 inches, with higher amounts in the form of snow on the highest mountains. These totals were 25 to 125 percent of normal, but even where substantial precipitation occurred, were not enough to improve the drought status. Soil moisture readings improved slightly, but were still below the 5th percentile ranking across Santa Cruz and eastern sections of Pima and Pinal counties and below the 10th percentile ranking elsewhere. Levels at San Carlos Reservoir remained around 2 percent of storage capacity.",7
932143,WHITE MOUNTAINS OF GRAHAM AND GREENLEE COUNTIES (ZONE), ,01/01/2021,0,Drought, , ,0,0,0,0,AZ,MST-7, ,154723,Z,510,TWC,0,0,Drought Monitor, , , , , , , , ,01/31/2021,2359, , , , ,"The exceptional (D4) and extreme (D3) drought categories continued across a large part of southeast Arizona during January, with the exception of western Pima County. Precipitation totals for the month totaled 0.5 to 1.5 inches, with higher amounts in the form of snow on the highest mountains. These totals were 25 to 125 percent of normal, but even where substantial precipitation occurred, were not enough to improve the drought status. Soil moisture readings improved slightly, but were still below the 5th percentile ranking across Santa Cruz and eastern sections of Pima and Pinal counties and below the 10th percentile ranking elsewhere. Levels at San Carlos Reservoir remained around 2 percent of storage capacity.","The exceptional (D4) and extreme (D3) drought categories continued across a large part of southeast Arizona during January, with the exception of western Pima County. Precipitation totals for the month totaled 0.5 to 1.5 inches, with higher amounts in the form of snow on the highest mountains. These totals were 25 to 125 percent of normal, but even where substantial precipitation occurred, were not enough to improve the drought status. Soil moisture readings improved slightly, but were still below the 5th percentile ranking across Santa Cruz and eastern sections of Pima and Pinal counties and below the 10th percentile ranking elsewhere. Levels at San Carlos Reservoir remained around 2 percent of storage capacity.",8
932141,EASTERN COCHISE COUNTY BELOW 5000 FEET (ZONE), ,01/01/2021,0,Drought, , ,0,0,0,0,AZ,MST-7, ,154723,Z,508,TWC,0,0,Drought Monitor, , , , , , , , ,01/31/2021,2359, , , , ,"The exceptional (D4) and extreme (D3) drought categories continued across a large part of southeast Arizona during January, with the exception of western Pima County. Precipitation totals for the month totaled 0.5 to 1.5 inches, with higher amounts in the form of snow on the highest mountains. These totals were 25 to 125 percent of normal, but even where substantial precipitation occurred, were not enough to improve the drought status. Soil moisture readings improved slightly, but were still below the 5th percentile ranking across Santa Cruz and eastern sections of Pima and Pinal counties and below the 10th percentile ranking elsewhere. Levels at San Carlos Reservoir remained around 2 percent of storage capacity.","The exceptional (D4) and extreme (D3) drought categories continued across a large part of southeast Arizona during January, with the exception of western Pima County. Precipitation totals for the month totaled 0.5 to 1.5 inches, with higher amounts in the form of snow on the highest mountains. These totals were 25 to 125 percent of normal, but even where substantial precipitation occurred, were not enough to improve the drought status. Soil moisture readings improved slightly, but were still below the 5th percentile ranking across Santa Cruz and eastern sections of Pima and Pinal counties and below the 10th percentile ranking elsewhere. Levels at San Carlos Reservoir remained around 2 percent of storage capacity.",9
932146,DRAGOON/MULE/HUACHUCA AND SANTA RITA MOUNTAINS (ZONE), ,01/01/2021,0,Drought, , ,0,0,0,0,AZ,MST-7, ,154723,Z,513,TWC,0,0,Drought Monitor, , , , , , , , ,01/31/2021,2359, , , , ,"The exceptional (D4) and extreme (D3) drought categories continued across a large part of southeast Arizona during January, with the exception of western Pima County. Precipitation totals for the month totaled 0.5 to 1.5 inches, with higher amounts in the form of snow on the highest mountains. These totals were 25 to 125 percent of normal, but even where substantial precipitation occurred, were not enough to improve the drought status. Soil moisture readings improved slightly, but were still below the 5th percentile ranking across Santa Cruz and eastern sections of Pima and Pinal counties and below the 10th percentile ranking elsewhere. Levels at San Carlos Reservoir remained around 2 percent of storage capacity.","The exceptional (D4) and extreme (D3) drought categories continued across a large part of southeast Arizona during January, with the exception of western Pima County. Precipitation totals for the month totaled 0.5 to 1.5 inches, with higher amounts in the form of snow on the highest mountains. These totals were 25 to 125 percent of normal, but even where substantial precipitation occurred, were not enough to improve the drought status. Soil moisture readings improved slightly, but were still below the 5th percentile ranking across Santa Cruz and eastern sections of Pima and Pinal counties and below the 10th percentile ranking elsewhere. Levels at San Carlos Reservoir remained around 2 percent of storage capacity.",10
932144,GALIURO AND PINALENO MOUNTAINS (ZONE), ,01/01/2021,0,Drought, , ,0,0,0,0,AZ,MST-7, ,154723,Z,511,TWC,0,0,Drought Monitor, , , , , , , , ,01/31/2021,2359, , , , ,"The exceptional (D4) and extreme (D3) drought categories continued across a large part of southeast Arizona during January, with the exception of western Pima County. Precipitation totals for the month totaled 0.5 to 1.5 inches, with higher amounts in the form of snow on the highest mountains. These totals were 25 to 125 percent of normal, but even where substantial precipitation occurred, were not enough to improve the drought status. Soil moisture readings improved slightly, but were still below the 5th percentile ranking across Santa Cruz and eastern sections of Pima and Pinal counties and below the 10th percentile ranking elsewhere. Levels at San Carlos Reservoir remained around 2 percent of storage capacity.","The exceptional (D4) and extreme (D3) drought categories continued across a large part of southeast Arizona during January, with the exception of western Pima County. Precipitation totals for the month totaled 0.5 to 1.5 inches, with higher amounts in the form of snow on the highest mountains. These totals were 25 to 125 percent of normal, but even where substantial precipitation occurred, were not enough to improve the drought status. Soil moisture readings improved slightly, but were still below the 5th percentile ranking across Santa Cruz and eastern sections of Pima and Pinal counties and below the 10th percentile ranking elsewhere. Levels at San Carlos Reservoir remained around 2 percent of storage capacity.",11
932145,CHIRICAHUA MOUNTAINS (ZONE), ,01/01/2021,0,Drought, , ,0,0,0,0,AZ,MST-7, ,154723,Z,512,TWC,0,0,Drought Monitor, , , , , , , , ,01/31/2021,2359, , , , ,"The exceptional (D4) and extreme (D3) drought categories continued across a large part of southeast Arizona during January, with the exception of western Pima County. Precipitation totals for the month totaled 0.5 to 1.5 inches, with higher amounts in the form of snow on the highest mountains. These totals were 25 to 125 percent of normal, but even where substantial precipitation occurred, were not enough to improve the drought status. Soil moisture readings improved slightly, but were still below the 5th percentile ranking across Santa Cruz and eastern sections of Pima and Pinal counties and below the 10th percentile ranking elsewhere. Levels at San Carlos Reservoir remained around 2 percent of storage capacity.","The exceptional (D4) and extreme (D3) drought categories continued across a large part of southeast Arizona during January, with the exception of western Pima County. Precipitation totals for the month totaled 0.5 to 1.5 inches, with higher amounts in the form of snow on the highest mountains. These totals were 25 to 125 percent of normal, but even where substantial precipitation occurred, were not enough to improve the drought status. Soil moisture readings improved slightly, but were still below the 5th percentile ranking across Santa Cruz and eastern sections of Pima and Pinal counties and below the 10th percentile ranking elsewhere. Levels at San Carlos Reservoir remained around 2 percent of storage capacity.",12
932147,SANTA CATALINA AND RINCON MOUNTAINS (ZONE), ,01/01/2021,0,Drought, , ,0,0,0,0,AZ,MST-7, ,154723,Z,514,TWC,0,0,Drought Monitor, , , , , , , , ,01/31/2021,2359, , , , ,"The exceptional (D4) and extreme (D3) drought categories continued across a large part of southeast Arizona during January, with the exception of western Pima County. Precipitation totals for the month totaled 0.5 to 1.5 inches, with higher amounts in the form of snow on the highest mountains. These totals were 25 to 125 percent of normal, but even where substantial precipitation occurred, were not enough to improve the drought status. Soil moisture readings improved slightly, but were still below the 5th percentile ranking across Santa Cruz and eastern sections of Pima and Pinal counties and below the 10th percentile ranking elsewhere. Levels at San Carlos Reservoir remained around 2 percent of storage capacity.","The exceptional (D4) and extreme (D3) drought categories continued across a large part of southeast Arizona during January, with the exception of western Pima County. Precipitation totals for the month totaled 0.5 to 1.5 inches, with higher amounts in the form of snow on the highest mountains. These totals were 25 to 125 percent of normal, but even where substantial precipitation occurred, were not enough to improve the drought status. Soil moisture readings improved slightly, but were still below the 5th percentile ranking across Santa Cruz and eastern sections of Pima and Pinal counties and below the 10th percentile ranking elsewhere. Levels at San Carlos Reservoir remained around 2 percent of storage capacity.",13
932148,BABOQUIVARI MOUNTAINS (ZONE), ,01/01/2021,0,Drought, , ,0,0,0,0,AZ,MST-7, ,154723,Z,515,TWC,0,0,Drought Monitor, , , , , , , , ,01/31/2021,2359, , , , ,"The exceptional (D4) and extreme (D3) drought categories continued across a large part of southeast Arizona during January, with the exception of western Pima County. Precipitation totals for the month totaled 0.5 to 1.5 inches, with higher amounts in the form of snow on the highest mountains. These totals were 25 to 125 percent of normal, but even where substantial precipitation occurred, were not enough to improve the drought status. Soil moisture readings improved slightly, but were still below the 5th percentile ranking across Santa Cruz and eastern sections of Pima and Pinal counties and below the 10th percentile ranking elsewhere. Levels at San Carlos Reservoir remained around 2 percent of storage capacity.","The exceptional (D4) and extreme (D3) drought categories continued across a large part of southeast Arizona during January, with the exception of western Pima County. Precipitation totals for the month totaled 0.5 to 1.5 inches, with higher amounts in the form of snow on the highest mountains. These totals were 25 to 125 percent of normal, but even where substantial precipitation occurred, were not enough to improve the drought status. Soil moisture readings improved slightly, but were still below the 5th percentile ranking across Santa Cruz and eastern sections of Pima and Pinal counties and below the 10th percentile ranking elsewhere. Levels at San Carlos Reservoir remained around 2 percent of storage capacity.",14
936531,WESTERN MOGOLLON RIM (ZONE), ,01/22/2021,1800,Heavy Snow, , ,0,0,0,0,AZ,MST-7, ,155262,Z,15,FGZ,0,0,Official NWS Observations, , , , , , , , ,01/24/2021,1900, , , , ,"The Flagstaff area received between 7 and 10.5 inches of snow from the evening of January 22 to the evening of January 24. Kachina Village received 14 inches of snow. Munds Park received 9.5 inches of new snow.","A winter storm brought heavy snow with lower elevation rain to northern Arizona. The snow from this first of two storms ended in the afternoon of January 24.",15
936532,EASTERN MOGOLLON RIM (ZONE), ,01/22/2021,1800,Heavy Snow, , ,0,0,0,0,AZ,MST-7, ,155262,Z,16,FGZ,0,0,Trained Spotter, , , , , , , , ,01/24/2021,1030, , , , ,"Forest Lakes received 17.5 inches of total snow from January 22 to 24. 11.5 inches of snow fell from around 5 PM Saturday to 11 AM Sunday.","A winter storm brought heavy snow with lower elevation rain to northern Arizona. The snow from this first of two storms ended in the afternoon of January 24.",16
936533,NORTHERN GILA COUNTY (ZONE), ,01/22/2021,1800,Heavy Snow, , ,0,0,0,0,AZ,MST-7, ,155262,Z,18,FGZ,0,0,Public, , , , , , , , ,01/24/2021,1800, , , , ,"Nine inches of snow fell 7 miles southwest of Forest Lakes just below the Mogollon Rim in Gila County.","A winter storm brought heavy snow with lower elevation rain to northern Arizona. The snow from this first of two storms ended in the afternoon of January 24.",17
936534,WHITE MOUNTAINS (ZONE), ,01/22/2021,1800,Heavy Snow, , ,0,0,0,0,AZ,MST-7, ,155262,Z,17,FGZ,0,0,Trained Spotter, , , , , , , , ,01/24/2021,1800, , , , ,"Nine inches of snow fell in McNary.","A winter storm brought heavy snow with lower elevation rain to northern Arizona. The snow from this first of two storms ended in the afternoon of January 24.",18
936530,YAVAPAI COUNTY VALLEYS AND BASINS (ZONE), ,01/23/2021,0,Heavy Snow, , ,0,0,0,0,AZ,MST-7, ,155262,Z,37,FGZ,0,0,Public, , , , , , , , ,01/24/2021,740, , , , ,"Chino Valley received 4-5 inches of snow below 5,000 feet from Friday night to Sunday morning (Jan 23-24).","A winter storm brought heavy snow with lower elevation rain to northern Arizona. The snow from this first of two storms ended in the afternoon of January 24.",19
939286,EASTERN COCHISE COUNTY BELOW 5000 FEET (ZONE), ,01/23/2021,200,Cold/Wind Chill, , ,1,0,0,0,AZ,MST-7, ,155690,Z,508,TWC,0,0,County Official, , , , , , , , ,01/23/2021,900, , , , ,"Temperatures in the lower 30s were observed with wind chills in the 20s during the predawn hours of January 23rd. The Pima County Medical Examiner confirmed that hypothermia was the primary cause of death for one adult male in the Peloncillo Mountains of southeast Cochise County.","Temperatures in the lower 30s were observed with wind chills in the 20s during the predawn hours of January 23rd. The Pima County Medical Examiner confirmed that hypothermia was the primary cause of death for one adult male in the Peloncillo Mountains of southeast Cochise County.",20
930382,SANTA CATALINA AND RINCON MOUNTAINS (ZONE), ,01/24/2021,730,Winter Weather, , ,0,0,0,0,AZ,MST-7, ,154436,Z,514,TWC,0,0,Law Enforcement, , , , , , , , ,01/24/2021,2300, , , , ,"Nine to eleven inches of snow fell at the higher elevations of the Santa Catalina Mountains, which caused the closure of Mt Lemmon Highway at the base.","A pair of winter storm systems moved across Arizona January 24 through 26. The first brought moderate snow accumulations to several mountain ranges above 6000 feet on January 24. Mt. Lemmon Highway was closed at the base as a result. Thunderstorms produced hail and gusty winds at lower elevations. The second storm brought widespread heavy snow to southeast Arizona above 3500 feet, and even brought slushy  snow accumulations and slippery road conditions to parts of the greater Tucson Metro area. The bulk of the snow fell from the evening of January 25 through the morning of January 26, and was accompanied at times by wind gusts of 35 to 45 mph.  Snow accumulations of 3 to 6 inches occurred between 3500 and 5000 feet with 6 to 12 inches from 5000 to 7000 feet and 12 to 20 inches above 7000 feet. The additional snow forced the closure of Mt. Lemmon Highway near Tucson to continue, and also triggered closures of Highway 191 north of Hannagan Meadow and Route 80 near Bisbee.",21
930381,PIMA CO.,NAVISKA,01/24/2021,1100,Hail,0.50, ,0,0,30000,0,AZ,MST-7, ,154436,C,19,TWC,0,0,Fire Department/Rescue, , , ,0,SW,1,WNW,RILLITO,01/24/2021,1130,32.4764,-111.2364,32.4216,-111.1595,"Thunderstorms produced small hail that nearly covered portions of roadways in Marana. Slick road surfaces led to several traffic accidents involving a total of least 10 vehicles on Interstate 10.","A pair of winter storm systems moved across Arizona January 24 through 26. The first brought moderate snow accumulations to several mountain ranges above 6000 feet on January 24. Mt. Lemmon Highway was closed at the base as a result. Thunderstorms produced hail and gusty winds at lower elevations. The second storm brought widespread heavy snow to southeast Arizona above 3500 feet, and even brought slushy  snow accumulations and slippery road conditions to parts of the greater Tucson Metro area. The bulk of the snow fell from the evening of January 25 through the morning of January 26, and was accompanied at times by wind gusts of 35 to 45 mph.  Snow accumulations of 3 to 6 inches occurred between 3500 and 5000 feet with 6 to 12 inches from 5000 to 7000 feet and 12 to 20 inches above 7000 feet. The additional snow forced the closure of Mt. Lemmon Highway near Tucson to continue, and also triggered closures of Highway 191 north of Hannagan Meadow and Route 80 near Bisbee.",22
938350,WHITE MOUNTAINS (ZONE), ,01/24/2021,1630,Heavy Snow, , ,0,0,0,0,AZ,MST-7, ,155267,Z,17,FGZ,0,0,Public, , , , , , , , ,01/25/2021,2100, , , , ,"Pinetop-Lakeside received 9.5 inches of snow between 430 PM Sunday and 9 PM Monday. Five of those inches fell between 4 PM and 9 PM on the 25th.  Eighteen inches of snow was on the ground by 900 PM on the 25th.","A second winter storm in less than a week brought heavy snow across northern Arizona and even to the lower elevations. The snow began to increase from this second storm Sunday evening January 24. Some of the storm totals were: |NWS Office Bellemont       31.6  in.|Flagstaff                          12-20 in.|Forest Lakes                     34-40 in.|Kachina Village                 30-35 in.|Munds Park                      24-28 in.|Parks                               20-28 in.   |Williams                           15-25 in.   |Payson                            22-28 in.   |Pine-Strawberry               18-24 in. |Heber-Overgaard              10-14 in.   |Linden                             11-14 in.|Pinetop-Lakeside              15-25 in.   |Show Low                        12-20 in.      |Chino Valley                     12-16 in.|Cleator                               4     in.   |Cordes Lakes                      6     in.|Dewey-Humboldt              10-12 in.|Iron Springs                     20-26 in.|Jerome                             11-19 in.|Paulden                              10    in.   |Prescott                            12-20 in.   |Prescott Valley                  10-14 in.   |Sedona                              6-8   in.",23
938348,COCONINO PLATEAU (ZONE), ,01/24/2021,1800,Heavy Snow, , ,0,0,0,0,AZ,MST-7, ,155267,Z,7,FGZ,0,0,Public, , , , , , , , ,01/25/2021,2000, , , , ,"Ten inches of snow fell 4 miles north of Ash Fork from the evening of 24 January to the evening of 25 January.","A second winter storm in less than a week brought heavy snow across northern Arizona and even to the lower elevations. The snow began to increase from this second storm Sunday evening January 24. Some of the storm totals were: |NWS Office Bellemont       31.6  in.|Flagstaff                          12-20 in.|Forest Lakes                     34-40 in.|Kachina Village                 30-35 in.|Munds Park                      24-28 in.|Parks                               20-28 in.   |Williams                           15-25 in.   |Payson                            22-28 in.   |Pine-Strawberry               18-24 in. |Heber-Overgaard              10-14 in.   |Linden                             11-14 in.|Pinetop-Lakeside              15-25 in.   |Show Low                        12-20 in.      |Chino Valley                     12-16 in.|Cleator                               4     in.   |Cordes Lakes                      6     in.|Dewey-Humboldt              10-12 in.|Iron Springs                     20-26 in.|Jerome                             11-19 in.|Paulden                              10    in.   |Prescott                            12-20 in.   |Prescott Valley                  10-14 in.   |Sedona                              6-8   in.",24
938355,EASTERN MOGOLLON RIM (ZONE), ,01/24/2021,1800,Heavy Snow, , ,0,0,0,0,AZ,MST-7, ,155267,Z,16,FGZ,0,0,Trained Spotter, , , , , , , , ,01/26/2021,1800, , , , ,"Three more inches of snow fell in Forest Lakes on January 26. The two storm snowfall was 47 inches.","A second winter storm in less than a week brought heavy snow across northern Arizona and even to the lower elevations. The snow began to increase from this second storm Sunday evening January 24. Some of the storm totals were: |NWS Office Bellemont       31.6  in.|Flagstaff                          12-20 in.|Forest Lakes                     34-40 in.|Kachina Village                 30-35 in.|Munds Park                      24-28 in.|Parks                               20-28 in.   |Williams                           15-25 in.   |Payson                            22-28 in.   |Pine-Strawberry               18-24 in. |Heber-Overgaard              10-14 in.   |Linden                             11-14 in.|Pinetop-Lakeside              15-25 in.   |Show Low                        12-20 in.      |Chino Valley                     12-16 in.|Cleator                               4     in.   |Cordes Lakes                      6     in.|Dewey-Humboldt              10-12 in.|Iron Springs                     20-26 in.|Jerome                             11-19 in.|Paulden                              10    in.   |Prescott                            12-20 in.   |Prescott Valley                  10-14 in.   |Sedona                              6-8   in.",25
940095,CHUSKA MOUNTAINS AND DEFIANCE PLATEAU (ZONE), ,01/24/2021,1800,Heavy Snow, , ,0,0,0,0,AZ,MST-7, ,155267,Z,11,FGZ,0,0,Public, , , , , , , , ,01/26/2021,1600, , , , ,"Up to nine inches of snow fell in Window Rock.","A second winter storm in less than a week brought heavy snow across northern Arizona and even to the lower elevations. The snow began to increase from this second storm Sunday evening January 24. Some of the storm totals were: |NWS Office Bellemont       31.6  in.|Flagstaff                          12-20 in.|Forest Lakes                     34-40 in.|Kachina Village                 30-35 in.|Munds Park                      24-28 in.|Parks                               20-28 in.   |Williams                           15-25 in.   |Payson                            22-28 in.   |Pine-Strawberry               18-24 in. |Heber-Overgaard              10-14 in.   |Linden                             11-14 in.|Pinetop-Lakeside              15-25 in.   |Show Low                        12-20 in.      |Chino Valley                     12-16 in.|Cleator                               4     in.   |Cordes Lakes                      6     in.|Dewey-Humboldt              10-12 in.|Iron Springs                     20-26 in.|Jerome                             11-19 in.|Paulden                              10    in.   |Prescott                            12-20 in.   |Prescott Valley                  10-14 in.   |Sedona                              6-8   in.",26
938342,YAVAPAI COUNTY MOUNTAINS (ZONE), ,01/24/2021,1800,Heavy Snow, , ,0,0,0,0,AZ,MST-7, ,155267,Z,8,FGZ,0,0,Trained Spotter, , , , , , , , ,01/25/2021,1500, , , , ,"Eighteen inches of snow fell at 5,800 feet elevation in 20 hours three miles southwest of Prescott.","A second winter storm in less than a week brought heavy snow across northern Arizona and even to the lower elevations. The snow began to increase from this second storm Sunday evening January 24. Some of the storm totals were: |NWS Office Bellemont       31.6  in.|Flagstaff                          12-20 in.|Forest Lakes                     34-40 in.|Kachina Village                 30-35 in.|Munds Park                      24-28 in.|Parks                               20-28 in.   |Williams                           15-25 in.   |Payson                            22-28 in.   |Pine-Strawberry               18-24 in. |Heber-Overgaard              10-14 in.   |Linden                             11-14 in.|Pinetop-Lakeside              15-25 in.   |Show Low                        12-20 in.      |Chino Valley                     12-16 in.|Cleator                               4     in.   |Cordes Lakes                      6     in.|Dewey-Humboldt              10-12 in.|Iron Springs                     20-26 in.|Jerome                             11-19 in.|Paulden                              10    in.   |Prescott                            12-20 in.   |Prescott Valley                  10-14 in.   |Sedona                              6-8   in.",27
938345,WESTERN MOGOLLON RIM (ZONE), ,01/24/2021,1800,Heavy Snow, , ,0,0,0,0,AZ,MST-7, ,155267,Z,15,FGZ,0,0,Trained Spotter, , , , , , , , ,01/26/2021,1800, , , , ,"Eleven inches of snow fell from Midnight to 430 PM on January 25 in Kachina Village. Fourteen inches of snow fell in West Flagstaff by 2 PM on January 25.","A second winter storm in less than a week brought heavy snow across northern Arizona and even to the lower elevations. The snow began to increase from this second storm Sunday evening January 24. Some of the storm totals were: |NWS Office Bellemont       31.6  in.|Flagstaff                          12-20 in.|Forest Lakes                     34-40 in.|Kachina Village                 30-35 in.|Munds Park                      24-28 in.|Parks                               20-28 in.   |Williams                           15-25 in.   |Payson                            22-28 in.   |Pine-Strawberry               18-24 in. |Heber-Overgaard              10-14 in.   |Linden                             11-14 in.|Pinetop-Lakeside              15-25 in.   |Show Low                        12-20 in.      |Chino Valley                     12-16 in.|Cleator                               4     in.   |Cordes Lakes                      6     in.|Dewey-Humboldt              10-12 in.|Iron Springs                     20-26 in.|Jerome                             11-19 in.|Paulden                              10    in.   |Prescott                            12-20 in.   |Prescott Valley                  10-14 in.   |Sedona                              6-8   in.",28
938347,YAVAPAI COUNTY VALLEYS AND BASINS (ZONE), ,01/24/2021,2000,Heavy Snow, , ,0,0,0,0,AZ,MST-7, ,155267,Z,37,FGZ,0,0,Public, , , , , , , , ,01/26/2021,600, , , , ,"Seven inches of snow fell in Meyer at 4,400 feet by the evening of January 25. Camp Verde received 3.7 inches of snow at an elevation of 3,100 feet from midnight to 6 AM on January 26.","A second winter storm in less than a week brought heavy snow across northern Arizona and even to the lower elevations. The snow began to increase from this second storm Sunday evening January 24. Some of the storm totals were: |NWS Office Bellemont       31.6  in.|Flagstaff                          12-20 in.|Forest Lakes                     34-40 in.|Kachina Village                 30-35 in.|Munds Park                      24-28 in.|Parks                               20-28 in.   |Williams                           15-25 in.   |Payson                            22-28 in.   |Pine-Strawberry               18-24 in. |Heber-Overgaard              10-14 in.   |Linden                             11-14 in.|Pinetop-Lakeside              15-25 in.   |Show Low                        12-20 in.      |Chino Valley                     12-16 in.|Cleator                               4     in.   |Cordes Lakes                      6     in.|Dewey-Humboldt              10-12 in.|Iron Springs                     20-26 in.|Jerome                             11-19 in.|Paulden                              10    in.   |Prescott                            12-20 in.   |Prescott Valley                  10-14 in.   |Sedona                              6-8   in.",29
938346,NORTHERN GILA COUNTY (ZONE), ,01/24/2021,2200,Heavy Snow, , ,0,0,0,0,AZ,MST-7, ,155267,Z,18,FGZ,0,0,Trained Spotter, , , , , , , , ,01/25/2021,1900, , , , ,"Seven to 9 inches of snow fell in Payson. Eleven inches of snow fell in Pine between 5 AM and 430 PM. There was already 5 inches already on the ground at 500 AM.","A second winter storm in less than a week brought heavy snow across northern Arizona and even to the lower elevations. The snow began to increase from this second storm Sunday evening January 24. Some of the storm totals were: |NWS Office Bellemont       31.6  in.|Flagstaff                          12-20 in.|Forest Lakes                     34-40 in.|Kachina Village                 30-35 in.|Munds Park                      24-28 in.|Parks                               20-28 in.   |Williams                           15-25 in.   |Payson                            22-28 in.   |Pine-Strawberry               18-24 in. |Heber-Overgaard              10-14 in.   |Linden                             11-14 in.|Pinetop-Lakeside              15-25 in.   |Show Low                        12-20 in.      |Chino Valley                     12-16 in.|Cleator                               4     in.   |Cordes Lakes                      6     in.|Dewey-Humboldt              10-12 in.|Iron Springs                     20-26 in.|Jerome                             11-19 in.|Paulden                              10    in.   |Prescott                            12-20 in.   |Prescott Valley                  10-14 in.   |Sedona                              6-8   in.",30
938751,NORTHWEST DESERTS (ZONE), ,01/25/2021,800,Heavy Snow, , ,0,0,0,0,AZ,MST-7, ,155627,Z,3,VEF,0,0,Department of Highways, , , , , , , , ,01/26/2021,800, , , , ,"Four inches of snow fell in Yucca. Hualapai Mountain Road and Oatman Highway were closed due to snow, and Interstate 40 was closed in Kingman for seven hours after two separate crashes involving big rigs.","A cold low pressure system passed through the Desert Southwest, bringing snow down to some desert floors and heavy snow to the higher elevations.",31
956924,PINAL CO.,GU KOMELIK,01/25/2021,1320,Thunderstorm Wind,43.00, ,0,0,2000,0,AZ,MST-7,EG,154436,C,21,TWC,0,0,Emergency Manager, , , ,1,NNE,1,NNE,GU KOMELIK,01/25/2021,1320,32.5087,-111.9469,32.5087,-111.9469,"Thunderstorm winds caused minor roof damage to a home in North Komelik.  Rain caused further damage inside the home.","A pair of winter storm systems moved across Arizona January 24 through 26. The first brought moderate snow accumulations to several mountain ranges above 6000 feet on January 24. Mt. Lemmon Highway was closed at the base as a result. Thunderstorms produced hail and gusty winds at lower elevations. The second storm brought widespread heavy snow to southeast Arizona above 3500 feet, and even brought slushy  snow accumulations and slippery road conditions to parts of the greater Tucson Metro area. The bulk of the snow fell from the evening of January 25 through the morning of January 26, and was accompanied at times by wind gusts of 35 to 45 mph.  Snow accumulations of 3 to 6 inches occurred between 3500 and 5000 feet with 6 to 12 inches from 5000 to 7000 feet and 12 to 20 inches above 7000 feet. The additional snow forced the closure of Mt. Lemmon Highway near Tucson to continue, and also triggered closures of Highway 191 north of Hannagan Meadow and Route 80 near Bisbee.",32
931631,MARICOPA CO.,MC MICKEN,01/25/2021,1325,Thunderstorm Wind,48.00, ,0,0,6000,0,AZ,MST-7,EG,154610,C,13,PSR,0,0,Public, , , ,2,SE,2,SE,MC MICKEN,01/25/2021,1325,33.4793,-112.4107,33.4793,-112.4107,"A cold front associated with a strong winter storm pushed east and across the western portion of the greater Phoenix area during early afternoon hours on January 25th. A line of strong to severe thunderstorms associated with the front generated some gusty and damaging outflow winds. At 1325MST a public social media post showed a large Palo Verde tree approximately one foot in diameter that was blown down and crashed through a concrete wall and onto a house. Another social media post showed the roof of a gazebo ripped off and a concrete block wall blown over. Winds were estimated to be at least 55 mph in strength. The damage occurred about 3 miles north of Goodyear, or just southeast of the intersection of Highway 303 and Indian School Road. An outdoor COVID-19 vaccination site in Goodyear also reported some minor damage. There were no reports of any injuries.","A strong winter storm and its associated cold front rolled through the central Arizona deserts on January 25th, leading to widespread wind damage across much of the greater Phoenix metropolitan area. A line of strong to severe thunderstorms associated with the front generated wind gusts in excess of 60 mph in some locations and the gusty severe winds downed numerous trees, caused damage to roofs and fencing, and in southwest Mesa managed to blow a rooftop air conditioner off of the roof. More than 30,000 utility customers across the Valley lost power at the height of the storm as numerous power poles were snapped or blown over. Several Phoenix area outdoor COVID-19 vaccination sites saw some minor damage to the tents and overall setup from the strong winds, which led to some delays. Rain cooled air associated with the strong storms lowered afternoon temperatures at Phoenix Sky Harbor airport from around 50 degrees to 36 degrees in 25 minutes. Many areas saw pea-sized hail as the storms moved through the Valley. There were no reports of injuries associated with the damaging winds.",33
932238,MARICOPA CO.,LITCHFIELD PARK,01/25/2021,1329,Thunderstorm Wind,61.00, ,0,0,10000,0,AZ,MST-7,EG,154610,C,13,PSR,0,0,Social Media, , , ,1,E,1,E,LITCHFIELD PARK,01/25/2021,1329,33.4996,-112.3552,33.4996,-112.3552,"A cold front associated with a strong winter storm pushed east and across the western portion of the greater Phoenix area during early afternoon hours on January 25th. A line of strong to severe thunderstorms associated with the front generated some gusty and damaging outflow winds. In Litchfield Park, multiple public social media photos and videos showed substantial tree damage at the Wigwam Golf Course. Numerous large tree branches were snapped and trees were uprooted due to outflow winds estimated around 70 mph. A golf event was taking place at the time, but fortunately there were no reports of injuries. Just across the street to the west of the golf course, an NWS COOP observer reported their 50 year old Aleppo pine tree was blown down by the strong winds and the tree damaged a corner of the observer's house. They reported an 8 inch diameter tree and a 30 foot long block wall were also knocked down. A social media post shared by local media showed an awning with metal supports was destroyed at a playground next to the same COOP observer. Timing estimated by radar.","A strong winter storm and its associated cold front rolled through the central Arizona deserts on January 25th, leading to widespread wind damage across much of the greater Phoenix metropolitan area. A line of strong to severe thunderstorms associated with the front generated wind gusts in excess of 60 mph in some locations and the gusty severe winds downed numerous trees, caused damage to roofs and fencing, and in southwest Mesa managed to blow a rooftop air conditioner off of the roof. More than 30,000 utility customers across the Valley lost power at the height of the storm as numerous power poles were snapped or blown over. Several Phoenix area outdoor COVID-19 vaccination sites saw some minor damage to the tents and overall setup from the strong winds, which led to some delays. Rain cooled air associated with the strong storms lowered afternoon temperatures at Phoenix Sky Harbor airport from around 50 degrees to 36 degrees in 25 minutes. Many areas saw pea-sized hail as the storms moved through the Valley. There were no reports of injuries associated with the damaging winds.",34
931633,MARICOPA CO.,SUN CITY,01/25/2021,1336,Thunderstorm Wind,52.00, ,0,0,20000,0,AZ,MST-7,EG,154610,C,13,PSR,0,0,Broadcast Media, , , ,1,SW,1,SW,SUN CITY,01/25/2021,1336,33.59,-112.29,33.59,-112.29,"A cold front associated with a strong winter storm moved east across the western portion of the greater Phoenix area during the early afternoon hours on January 25th. A line of strong to severe thunderstorms associated with the front generated some gusty and damaging outflow winds that affected areas around Sun City. According to reports from local broadcast media, at 1336MST gusty winds estimated up to 60 mph ripped the roof off a home and also ripped off roof singles from a few other homes in Sun City; the winds also downed a couple of Palo Verde trees and blew down some fencing. The damage occurred about 1 mile northeast of Youngtown, and along 107th Avenue just to the south of Alabama Avenue. An outdoor COVID-19 vaccination site near Sun City also experienced some minor damage from the strong winds that moved through the area. There were no reports of injuries due to the damaging winds.","A strong winter storm and its associated cold front rolled through the central Arizona deserts on January 25th, leading to widespread wind damage across much of the greater Phoenix metropolitan area. A line of strong to severe thunderstorms associated with the front generated wind gusts in excess of 60 mph in some locations and the gusty severe winds downed numerous trees, caused damage to roofs and fencing, and in southwest Mesa managed to blow a rooftop air conditioner off of the roof. More than 30,000 utility customers across the Valley lost power at the height of the storm as numerous power poles were snapped or blown over. Several Phoenix area outdoor COVID-19 vaccination sites saw some minor damage to the tents and overall setup from the strong winds, which led to some delays. Rain cooled air associated with the strong storms lowered afternoon temperatures at Phoenix Sky Harbor airport from around 50 degrees to 36 degrees in 25 minutes. Many areas saw pea-sized hail as the storms moved through the Valley. There were no reports of injuries associated with the damaging winds.",35
931630,MARICOPA CO.,WEST END,01/25/2021,1340,Thunderstorm Wind,52.00, ,0,0,5000,0,AZ,MST-7,EG,154610,C,13,PSR,0,0,Public, , , ,1,NE,1,NE,WEST END,01/25/2021,1340,33.51,-112.24,33.51,-112.24,"A cold front associated with a strong winter storm moved through the central and western portions of the greater Phoenix area during the early afternoon hours on January 25th. A line of strong to severe thunderstorms associated with the front generated some gusty and damaging outflow winds. According to a report from the public (a Facebook follower), at 1340MST gusty winds estimated at nearly 60 mph ripped off roofing shingles from a home located at 83rd Avenue and Camelback Road, about 6 miles southwest of Glendale. No injuries were reported.","A strong winter storm and its associated cold front rolled through the central Arizona deserts on January 25th, leading to widespread wind damage across much of the greater Phoenix metropolitan area. A line of strong to severe thunderstorms associated with the front generated wind gusts in excess of 60 mph in some locations and the gusty severe winds downed numerous trees, caused damage to roofs and fencing, and in southwest Mesa managed to blow a rooftop air conditioner off of the roof. More than 30,000 utility customers across the Valley lost power at the height of the storm as numerous power poles were snapped or blown over. Several Phoenix area outdoor COVID-19 vaccination sites saw some minor damage to the tents and overall setup from the strong winds, which led to some delays. Rain cooled air associated with the strong storms lowered afternoon temperatures at Phoenix Sky Harbor airport from around 50 degrees to 36 degrees in 25 minutes. Many areas saw pea-sized hail as the storms moved through the Valley. There were no reports of injuries associated with the damaging winds.",36
931681,MARICOPA CO.,PHOENIX TURF ARPT,01/25/2021,1340,Thunderstorm Wind,56.00, ,0,0,15000,0,AZ,MST-7,EG,154610,C,13,PSR,0,0,Trained Spotter, , , ,2,W,2,W,PHOENIX TURF ARPT,01/25/2021,1341,33.63,-112.12,33.63,-112.12,"A cold front associated with a strong winter storm moved through the north central portion of the greater Phoenix area during the afternoon hours on January 25th. A line of strong to severe thunderstorms associated with the front generated some gusty and damaging outflow winds that affected northern portions of the town of Glendale. According to the trained weather spotter, at about 1340MST gusty winds estimated to be upwards of 65 mph damaged the roof of a home, and managed to blow a wind turbine off of the roof. The damage occurred about 6 miles northeast of Glendale, just southwest of the intersection of Bell Road and Interstate 17. There were no injuries reported.","A strong winter storm and its associated cold front rolled through the central Arizona deserts on January 25th, leading to widespread wind damage across much of the greater Phoenix metropolitan area. A line of strong to severe thunderstorms associated with the front generated wind gusts in excess of 60 mph in some locations and the gusty severe winds downed numerous trees, caused damage to roofs and fencing, and in southwest Mesa managed to blow a rooftop air conditioner off of the roof. More than 30,000 utility customers across the Valley lost power at the height of the storm as numerous power poles were snapped or blown over. Several Phoenix area outdoor COVID-19 vaccination sites saw some minor damage to the tents and overall setup from the strong winds, which led to some delays. Rain cooled air associated with the strong storms lowered afternoon temperatures at Phoenix Sky Harbor airport from around 50 degrees to 36 degrees in 25 minutes. Many areas saw pea-sized hail as the storms moved through the Valley. There were no reports of injuries associated with the damaging winds.",37
932312,MARICOPA CO.,GLENDALE MUNI ARPT,01/25/2021,1340,Thunderstorm Wind,52.00, ,0,0,0,0,AZ,MST-7,EG,154610,C,13,PSR,0,0,Public, , , ,2,E,2,E,GLENDALE MUNI ARPT,01/25/2021,1340,33.5728,-112.1881,33.5728,-112.1881,"A cold front associated with a strong winter storm moved through the western portions of the greater Phoenix area, including the community of Glendale, during the afternoon hours on January 25th. A line of strong to severe thunderstorms associated with the front generated some gusty and damaging outflow winds. At around 1340MST, reports show that strong winds estimated around 60 mph caused damage to six vehicles, numerous trees, and campus buildings at Glendale Community College. A power line also sustained damage along Olive Ave. No injuries were reported.","A strong winter storm and its associated cold front rolled through the central Arizona deserts on January 25th, leading to widespread wind damage across much of the greater Phoenix metropolitan area. A line of strong to severe thunderstorms associated with the front generated wind gusts in excess of 60 mph in some locations and the gusty severe winds downed numerous trees, caused damage to roofs and fencing, and in southwest Mesa managed to blow a rooftop air conditioner off of the roof. More than 30,000 utility customers across the Valley lost power at the height of the storm as numerous power poles were snapped or blown over. Several Phoenix area outdoor COVID-19 vaccination sites saw some minor damage to the tents and overall setup from the strong winds, which led to some delays. Rain cooled air associated with the strong storms lowered afternoon temperatures at Phoenix Sky Harbor airport from around 50 degrees to 36 degrees in 25 minutes. Many areas saw pea-sized hail as the storms moved through the Valley. There were no reports of injuries associated with the damaging winds.",38
931678,MARICOPA CO.,PHOENIX TURF ARPT,01/25/2021,1345,Thunderstorm Wind,52.00, ,0,0,5000,0,AZ,MST-7,EG,154610,C,13,PSR,0,0,Public, , , ,3,WSW,3,WSW,PHOENIX TURF ARPT,01/25/2021,1345,33.61,-112.13,33.61,-112.13,"A cold front associated with a strong winter storm moved through the central portion of the greater Phoenix area during the afternoon hours on January 25th. A line of strong to severe thunderstorms associated with the front caused some gusty and damaging outflow wind in the community of Glendale. According to a report from the general public, at 1345MST gusty winds estimated as high as 60 mph downed a large tree which damaged a carport when it fell. The downed tree was located about 4 miles northeast of Glendale and near the intersection of 35th Avenue and Thunderbird Road.","A strong winter storm and its associated cold front rolled through the central Arizona deserts on January 25th, leading to widespread wind damage across much of the greater Phoenix metropolitan area. A line of strong to severe thunderstorms associated with the front generated wind gusts in excess of 60 mph in some locations and the gusty severe winds downed numerous trees, caused damage to roofs and fencing, and in southwest Mesa managed to blow a rooftop air conditioner off of the roof. More than 30,000 utility customers across the Valley lost power at the height of the storm as numerous power poles were snapped or blown over. Several Phoenix area outdoor COVID-19 vaccination sites saw some minor damage to the tents and overall setup from the strong winds, which led to some delays. Rain cooled air associated with the strong storms lowered afternoon temperatures at Phoenix Sky Harbor airport from around 50 degrees to 36 degrees in 25 minutes. Many areas saw pea-sized hail as the storms moved through the Valley. There were no reports of injuries associated with the damaging winds.",39
931530,MARICOPA CO.,TREMAINE,01/25/2021,1345,Thunderstorm Wind,52.00, ,0,0,10000,0,AZ,MST-7,EG,154610,C,13,PSR,0,0,Trained Spotter, , , ,2,E,2,E,TREMAINE,01/25/2021,1345,33.37,-111.8,33.37,-111.8,"A cold front associated with a strong winter storm moved through the southeast portion of the greater Phoenix area during the early afternoon on January 25th. A line of strong to severe thunderstorms associated with the front produced strong wind gusts estimated to be in excess of 60 mph at times. According to a trained weather spotter located 5 miles southwest of Mesa, the strong winds blew a rooftop air conditioner off of the roof at about 1345MST. Additionally, roof shingles were stripped off of rooftops in the area as the winds blew through the area. The damage occurred southeast of the intersection of Baseline and Cooper roads. There were no reports of injury due to the damaging winds.","A strong winter storm and its associated cold front rolled through the central Arizona deserts on January 25th, leading to widespread wind damage across much of the greater Phoenix metropolitan area. A line of strong to severe thunderstorms associated with the front generated wind gusts in excess of 60 mph in some locations and the gusty severe winds downed numerous trees, caused damage to roofs and fencing, and in southwest Mesa managed to blow a rooftop air conditioner off of the roof. More than 30,000 utility customers across the Valley lost power at the height of the storm as numerous power poles were snapped or blown over. Several Phoenix area outdoor COVID-19 vaccination sites saw some minor damage to the tents and overall setup from the strong winds, which led to some delays. Rain cooled air associated with the strong storms lowered afternoon temperatures at Phoenix Sky Harbor airport from around 50 degrees to 36 degrees in 25 minutes. Many areas saw pea-sized hail as the storms moved through the Valley. There were no reports of injuries associated with the damaging winds.",40
932306,MARICOPA CO.,GLENDALE FRAM ARPT,01/25/2021,1349,Thunderstorm Wind,49.00, ,0,0,1000,0,AZ,MST-7,MG,154610,C,13,PSR,0,0,AWOS, , , ,2,W,2,W,GLENDALE FRAM ARPT,01/25/2021,1349,33.5277,-112.2972,33.5277,-112.2972,"A cold front associated with a strong winter storm pushed east and across the western portion of the greater Phoenix area during early afternoon hours on January 25th. A line of strong to severe thunderstorms associated with the front generated some gusty and damaging outflow winds. A wind gust of 56 mph was measured at the Glendale Municipal Airport. Less than 2 miles to the east of the airport, an outdoor COVID-19 vaccination site at State Farm Stadium saw minor damages to the tents and overall setup, which led to delays. No injuries were reported.","A strong winter storm and its associated cold front rolled through the central Arizona deserts on January 25th, leading to widespread wind damage across much of the greater Phoenix metropolitan area. A line of strong to severe thunderstorms associated with the front generated wind gusts in excess of 60 mph in some locations and the gusty severe winds downed numerous trees, caused damage to roofs and fencing, and in southwest Mesa managed to blow a rooftop air conditioner off of the roof. More than 30,000 utility customers across the Valley lost power at the height of the storm as numerous power poles were snapped or blown over. Several Phoenix area outdoor COVID-19 vaccination sites saw some minor damage to the tents and overall setup from the strong winds, which led to some delays. Rain cooled air associated with the strong storms lowered afternoon temperatures at Phoenix Sky Harbor airport from around 50 degrees to 36 degrees in 25 minutes. Many areas saw pea-sized hail as the storms moved through the Valley. There were no reports of injuries associated with the damaging winds.",41
931640,MARICOPA CO.,PARADISE VLY,01/25/2021,1350,Thunderstorm Wind,56.00, ,0,0,2000,0,AZ,MST-7,EG,154610,C,13,PSR,0,0,Trained Spotter, , , ,0,N,0,N,PARADISE VLY,01/25/2021,1350,33.57,-111.98,33.57,-111.98,"A cold front associated with a strong winter storm moved through central portions of the greater Phoenix area during the afternoon hours on January 25th. A line of strong to severe thunderstorms associated with the front generated some gusty and damaging outflow winds that affected the community of Paradise Valley. According a a report from a trained spotter located about 2 miles northwest of Paradise Valley, strong winds downed a 50 foot tall tree that was 2 feet in diameter. The tree was downed near the intersection of Doubletree Ranch Road and Tatum Boulevard. No damage or injuries occurred as a result of the falling tree.","A strong winter storm and its associated cold front rolled through the central Arizona deserts on January 25th, leading to widespread wind damage across much of the greater Phoenix metropolitan area. A line of strong to severe thunderstorms associated with the front generated wind gusts in excess of 60 mph in some locations and the gusty severe winds downed numerous trees, caused damage to roofs and fencing, and in southwest Mesa managed to blow a rooftop air conditioner off of the roof. More than 30,000 utility customers across the Valley lost power at the height of the storm as numerous power poles were snapped or blown over. Several Phoenix area outdoor COVID-19 vaccination sites saw some minor damage to the tents and overall setup from the strong winds, which led to some delays. Rain cooled air associated with the strong storms lowered afternoon temperatures at Phoenix Sky Harbor airport from around 50 degrees to 36 degrees in 25 minutes. Many areas saw pea-sized hail as the storms moved through the Valley. There were no reports of injuries associated with the damaging winds.",42
931679,MARICOPA CO.,PHOENIX DEER VLY ARP,01/25/2021,1350,Thunderstorm Wind,61.00, ,0,0,60000,0,AZ,MST-7,EG,154610,C,13,PSR,0,0,Public, , , ,3,WSW,3,WSW,PHOENIX DEER VLY ARP,01/25/2021,1400,33.66,-112.13,33.66,-112.13,"A cold front associated with a strong winter storm pushed across the north central portion of the greater Phoenix area during the afternoon hours on January 25th. A line of strong to severe thunderstorms associated with the frontal passage generated some damaging outflow winds affecting northern portions of the town of Glendale. According to a report from the general public, at 1350MST strong winds estimated to be nearly 70 mph in strength blew down a large steel power pole and power lines near 3040 West Morrow Drive, about 7 miles northeast of Glendale. About 10 minutes later, local broadcast media reported that 9 power poles were blown down near the intersection of 35th Avenue and Union Hills Drive. Both incidents of downed poles took place just west of Interstate 17 and between the Loop 101 and Bell Road. No injuries were reported.","A strong winter storm and its associated cold front rolled through the central Arizona deserts on January 25th, leading to widespread wind damage across much of the greater Phoenix metropolitan area. A line of strong to severe thunderstorms associated with the front generated wind gusts in excess of 60 mph in some locations and the gusty severe winds downed numerous trees, caused damage to roofs and fencing, and in southwest Mesa managed to blow a rooftop air conditioner off of the roof. More than 30,000 utility customers across the Valley lost power at the height of the storm as numerous power poles were snapped or blown over. Several Phoenix area outdoor COVID-19 vaccination sites saw some minor damage to the tents and overall setup from the strong winds, which led to some delays. Rain cooled air associated with the strong storms lowered afternoon temperatures at Phoenix Sky Harbor airport from around 50 degrees to 36 degrees in 25 minutes. Many areas saw pea-sized hail as the storms moved through the Valley. There were no reports of injuries associated with the damaging winds.",43
931641,MARICOPA CO.,PHOENIX DEER VLY ARP,01/25/2021,1353,Thunderstorm Wind,56.00, ,0,0,25000,0,AZ,MST-7,EG,154610,C,13,PSR,0,0,Public, , , ,1,W,1,W,PHOENIX DEER VLY ARP,01/25/2021,1353,33.68,-112.09,33.68,-112.09,"A cold front associated with a strong winter storm moved through the northern and central portions of the greater Phoenix area, including communities of Peoria and Deer Valley, during afternoon hours on January 25th. A line of severe thunderstorms developed as the front moved through and they generated gusty and damaging outflow winds. According to a report from the general public, at 1353MST gusty winds estimated to be as high as 65 mph downed a number of trees near the intersection of 15th Avenue and Rose Garden Lane, about 9 miles east of Peoria. This was just northeast of the intersection of Loop 101 and Interstate 17. The Twitter follower also reported that there was a lot of debris in the area due to the strong winds. There were no reports of any injuries due to the damaging wind and falling trees.","A strong winter storm and its associated cold front rolled through the central Arizona deserts on January 25th, leading to widespread wind damage across much of the greater Phoenix metropolitan area. A line of strong to severe thunderstorms associated with the front generated wind gusts in excess of 60 mph in some locations and the gusty severe winds downed numerous trees, caused damage to roofs and fencing, and in southwest Mesa managed to blow a rooftop air conditioner off of the roof. More than 30,000 utility customers across the Valley lost power at the height of the storm as numerous power poles were snapped or blown over. Several Phoenix area outdoor COVID-19 vaccination sites saw some minor damage to the tents and overall setup from the strong winds, which led to some delays. Rain cooled air associated with the strong storms lowered afternoon temperatures at Phoenix Sky Harbor airport from around 50 degrees to 36 degrees in 25 minutes. Many areas saw pea-sized hail as the storms moved through the Valley. There were no reports of injuries associated with the damaging winds.",44
931628,MARICOPA CO.,PHOENIX,01/25/2021,1355,Thunderstorm Wind,56.00, ,0,0,60000,0,AZ,MST-7,EG,154610,C,13,PSR,0,0,Public, , , ,2,NNW,2,NNW,PHOENIX,01/25/2021,1400,33.51,-112.09,33.51,-112.09,"A cold front associated with a strong winter storm moved through the central portions of the greater Phoenix area during the early afternoon hours on January 25th. A line of severe thunderstorms developed as the front moved through and they generated gusty and damaging outflow winds. According to a report from the public, at 1355MST gusty winds estimated at 65 mph knocked down two large trees into an apartment complex at 15th Avenue and Camelback Road, just to the east of Interstate 17, causing major structural damage to the apartment and minor damage to a car. At roughly the same time and a few miles to the east, local broadcast media reported that similarly strong outflow winds caused a palm tree to snap at its base and the tree fell onto an apartment complex located near 12th Street and Highland Avenue. The falling palm tree crashed through a second story unit with the single resident and his dog present at the time. Fortunately there were no reports of injuries at either location due to the falling trees. An COVID-19 vaccination site located at the State Fairgrounds sustained minor damage as the strong winds moved through the area.","A strong winter storm and its associated cold front rolled through the central Arizona deserts on January 25th, leading to widespread wind damage across much of the greater Phoenix metropolitan area. A line of strong to severe thunderstorms associated with the front generated wind gusts in excess of 60 mph in some locations and the gusty severe winds downed numerous trees, caused damage to roofs and fencing, and in southwest Mesa managed to blow a rooftop air conditioner off of the roof. More than 30,000 utility customers across the Valley lost power at the height of the storm as numerous power poles were snapped or blown over. Several Phoenix area outdoor COVID-19 vaccination sites saw some minor damage to the tents and overall setup from the strong winds, which led to some delays. Rain cooled air associated with the strong storms lowered afternoon temperatures at Phoenix Sky Harbor airport from around 50 degrees to 36 degrees in 25 minutes. Many areas saw pea-sized hail as the storms moved through the Valley. There were no reports of injuries associated with the damaging winds.",45
931635,MARICOPA CO.,PHOENIX TURF ARPT,01/25/2021,1355,Thunderstorm Wind,61.00, ,0,0,40000,0,AZ,MST-7,EG,154610,C,13,PSR,0,0,Trained Spotter, , , ,2,SSE,2,SSE,PHOENIX TURF ARPT,01/25/2021,1400,33.608,-112.0661,33.608,-112.0661,"A cold front associated with a strong winter storm moved across the central portion of the greater Phoenix area during the early afternoon hours on January 25th. A line of strong to severe thunderstorms associated with the frontal passage developed some gusty and damaging outflow winds. At 1355MST a trained spotter located 5 miles northeast of Phoenix reported roof damage, as winds estimated as high as 60 mph blew the roof off of a shed. The damage occurred just south of Lookout Mountain Park. Just a few minutes later and not far to the west, broadcast media reported that power poles were down, and some of them were of the metal variety. The outflow winds here were estimated to be as high as 70 mph. The downed poles were near the intersection of 7th Street and Thunderbird Road. There were no reports of injury due to the damaging winds.","A strong winter storm and its associated cold front rolled through the central Arizona deserts on January 25th, leading to widespread wind damage across much of the greater Phoenix metropolitan area. A line of strong to severe thunderstorms associated with the front generated wind gusts in excess of 60 mph in some locations and the gusty severe winds downed numerous trees, caused damage to roofs and fencing, and in southwest Mesa managed to blow a rooftop air conditioner off of the roof. More than 30,000 utility customers across the Valley lost power at the height of the storm as numerous power poles were snapped or blown over. Several Phoenix area outdoor COVID-19 vaccination sites saw some minor damage to the tents and overall setup from the strong winds, which led to some delays. Rain cooled air associated with the strong storms lowered afternoon temperatures at Phoenix Sky Harbor airport from around 50 degrees to 36 degrees in 25 minutes. Many areas saw pea-sized hail as the storms moved through the Valley. There were no reports of injuries associated with the damaging winds.",46
932149,WHITE MOUNTAINS OF GRAHAM AND GREENLEE COUNTIES (ZONE), ,01/25/2021,1400,Winter Storm, , ,0,0,0,0,AZ,MST-7, ,154436,Z,510,TWC,0,0,SNOTEL, , , , , , , , ,01/26/2021,500, , , , ,"Heavy snow accumulations of 12 inches combined with winds gusting to 45 mph caused blowing and drifting snow in the White Mountains. Highway 191 north of Hannagan Meadow was closed.","A pair of winter storm systems moved across Arizona January 24 through 26. The first brought moderate snow accumulations to several mountain ranges above 6000 feet on January 24. Mt. Lemmon Highway was closed at the base as a result. Thunderstorms produced hail and gusty winds at lower elevations. The second storm brought widespread heavy snow to southeast Arizona above 3500 feet, and even brought slushy  snow accumulations and slippery road conditions to parts of the greater Tucson Metro area. The bulk of the snow fell from the evening of January 25 through the morning of January 26, and was accompanied at times by wind gusts of 35 to 45 mph.  Snow accumulations of 3 to 6 inches occurred between 3500 and 5000 feet with 6 to 12 inches from 5000 to 7000 feet and 12 to 20 inches above 7000 feet. The additional snow forced the closure of Mt. Lemmon Highway near Tucson to continue, and also triggered closures of Highway 191 north of Hannagan Meadow and Route 80 near Bisbee.",47
932152,SANTA CATALINA AND RINCON MOUNTAINS (ZONE), ,01/25/2021,1400,Winter Storm, , ,0,0,0,0,AZ,MST-7, ,154436,Z,514,TWC,0,0,Mesonet, , , , , , , , ,01/26/2021,1300, , , , ,"Heavy snow accumulations of 10 to 14 inches combined with winds gusting to 40 mph caused blowing and drifting snow in the Santa Catalina and Rincon Mountains.  Mount Lemmon Highway remained closed at the base due to the heavy snow.","A pair of winter storm systems moved across Arizona January 24 through 26. The first brought moderate snow accumulations to several mountain ranges above 6000 feet on January 24. Mt. Lemmon Highway was closed at the base as a result. Thunderstorms produced hail and gusty winds at lower elevations. The second storm brought widespread heavy snow to southeast Arizona above 3500 feet, and even brought slushy  snow accumulations and slippery road conditions to parts of the greater Tucson Metro area. The bulk of the snow fell from the evening of January 25 through the morning of January 26, and was accompanied at times by wind gusts of 35 to 45 mph.  Snow accumulations of 3 to 6 inches occurred between 3500 and 5000 feet with 6 to 12 inches from 5000 to 7000 feet and 12 to 20 inches above 7000 feet. The additional snow forced the closure of Mt. Lemmon Highway near Tucson to continue, and also triggered closures of Highway 191 north of Hannagan Meadow and Route 80 near Bisbee.",48
932134,PINAL/SUPERSTITION MOUNTAINS (ZONE), ,01/25/2021,1400,Heavy Snow, , ,0,0,0,0,AZ,MST-7, ,154720,Z,558,PSR,0,0,Public, , , , , , , , ,01/26/2021,2100, , , , ,"A cold weather system moved through the region and produced significant snowfall in the Top-Of-The-World area along US-60 near the county border between Maricopa and Gila counties. Several inches of snow fell from the afternoon of the 25th through the morning of the 26th. A Winter Storm Warning was in effect at the time for this area for elevations above 4,000 feet. Per a public report at 1330 MST on the 26th, at roughly 4,700 feet just north of US-60, a storm total snowfall accumulation was measured around 8-10 inches. Additionally, a trained spotter reported a storm total of 5-7 inches fell in the area of milepost 161 along SR-77, south of Globe, at an elevation around 4,800 feet.","An abnormally strong and cold weather system impacted the Desert Southwest during late January. The storm produced significant snowfall for elevations above 3,500-4,000 feet over the course of the two days, mainly north and east of the Phoenix area. This led to the closures of US-60 between Globe and Show Low and SR-87 between Bush Highway and Payson. Following the passage of a cold front and squall line through south-central AZ, midday on the 25th, snow levels briefly crashed to as low as 1500-2000 feet. This resulted in light snow/graupel accumulations at these lower elevations which included the Wickenburg area and foothill regions just north and east of the Phoenix metro area. Mixed precipitation (rain, some snowflakes, graupel, and small hail) was also reported across the Phoenix metro, with some accumulating small hail or graupel. This created a large media interest across the Phoenix area.",49
931637,MARICOPA CO.,PARADISE VLY,01/25/2021,1400,Thunderstorm Wind,52.00, ,0,0,10000,0,AZ,MST-7,EG,154610,C,13,PSR,0,0,Public, , , ,3,ESE,3,ESE,PARADISE VLY,01/25/2021,1402,33.56,-111.93,33.56,-111.93,"A cold front associated with a strong winter storm moved across central and eastern portions of the greater Phoenix area during the afternoon hours on January 25th. A line of strong to severe thunderstorms associated with the front produced some gusty and damaging outflow winds that affected portions of Paradise Valley. According to a report from the public, at about 1400MST gusty winds estimated as high as 60 mph blew down some large trees along Eastwood Road in McCormick Ranch, just to the east of Scottsdale Road and east of the Camelback Golf Club. No injuries were reported.","A strong winter storm and its associated cold front rolled through the central Arizona deserts on January 25th, leading to widespread wind damage across much of the greater Phoenix metropolitan area. A line of strong to severe thunderstorms associated with the front generated wind gusts in excess of 60 mph in some locations and the gusty severe winds downed numerous trees, caused damage to roofs and fencing, and in southwest Mesa managed to blow a rooftop air conditioner off of the roof. More than 30,000 utility customers across the Valley lost power at the height of the storm as numerous power poles were snapped or blown over. Several Phoenix area outdoor COVID-19 vaccination sites saw some minor damage to the tents and overall setup from the strong winds, which led to some delays. Rain cooled air associated with the strong storms lowered afternoon temperatures at Phoenix Sky Harbor airport from around 50 degrees to 36 degrees in 25 minutes. Many areas saw pea-sized hail as the storms moved through the Valley. There were no reports of injuries associated with the damaging winds.",50
931682,MARICOPA CO.,PHOENIX TURF ARPT,01/25/2021,1400,Thunderstorm Wind,52.00, ,0,0,3000,0,AZ,MST-7,EG,154610,C,13,PSR,0,0,Social Media, , , ,2,NW,2,NW,PHOENIX TURF ARPT,01/25/2021,1400,33.65,-112.1,33.65,-112.1,"A cold front associated with a strong winter storm moved through the north central portion of the greater Phoenix area during the afternoon hours on January 25th. A line of strong to severe thunderstorms associated with the front generated some gusty and damaging outflow winds. According to a Twitter follower located about 8 miles northeast of the town of Glendale, at 1400MST gusty winds estimated at 60 mph blew down a large tree near the intersection of 19th Avenue and Union Hills Drive. This is just northeast of the Bell Road and Interstate 17 intersection. No injuries were reported.","A strong winter storm and its associated cold front rolled through the central Arizona deserts on January 25th, leading to widespread wind damage across much of the greater Phoenix metropolitan area. A line of strong to severe thunderstorms associated with the front generated wind gusts in excess of 60 mph in some locations and the gusty severe winds downed numerous trees, caused damage to roofs and fencing, and in southwest Mesa managed to blow a rooftop air conditioner off of the roof. More than 30,000 utility customers across the Valley lost power at the height of the storm as numerous power poles were snapped or blown over. Several Phoenix area outdoor COVID-19 vaccination sites saw some minor damage to the tents and overall setup from the strong winds, which led to some delays. Rain cooled air associated with the strong storms lowered afternoon temperatures at Phoenix Sky Harbor airport from around 50 degrees to 36 degrees in 25 minutes. Many areas saw pea-sized hail as the storms moved through the Valley. There were no reports of injuries associated with the damaging winds.",51
930667,GALIURO AND PINALENO MOUNTAINS (ZONE), ,01/25/2021,1500,Winter Storm, , ,0,0,0,0,AZ,MST-7, ,154436,Z,511,TWC,0,0,State Official, , , , , , , , ,01/26/2021,1500, , , , ,"Heavy snow accumulations of 16 to 20 inches combined with winds gusting to 30 mph caused blowing and drifting snow on Mt. Graham.","A pair of winter storm systems moved across Arizona January 24 through 26. The first brought moderate snow accumulations to several mountain ranges above 6000 feet on January 24. Mt. Lemmon Highway was closed at the base as a result. Thunderstorms produced hail and gusty winds at lower elevations. The second storm brought widespread heavy snow to southeast Arizona above 3500 feet, and even brought slushy  snow accumulations and slippery road conditions to parts of the greater Tucson Metro area. The bulk of the snow fell from the evening of January 25 through the morning of January 26, and was accompanied at times by wind gusts of 35 to 45 mph.  Snow accumulations of 3 to 6 inches occurred between 3500 and 5000 feet with 6 to 12 inches from 5000 to 7000 feet and 12 to 20 inches above 7000 feet. The additional snow forced the closure of Mt. Lemmon Highway near Tucson to continue, and also triggered closures of Highway 191 north of Hannagan Meadow and Route 80 near Bisbee.",52
932153,DRAGOON/MULE/HUACHUCA AND SANTA RITA MOUNTAINS (ZONE), ,01/25/2021,1600,Winter Storm, , ,0,1,0,0,AZ,MST-7, ,154436,Z,513,TWC,0,0,Department of Highways, , , , , , , , ,01/26/2021,1400, , , , ,"Heavy snow accumulations of 10 to 14 inches combined with winds gusting to 50 mph caused blowing and drifting snow in the Huachuca, Santa Rita and Mule mountains. Ten inches of snow was observed at an elevation of 5500 feet in Bisbee. State Route 80 near Bisbee was closed due to the snow and Cochise County closed most of its government offices on January 26. After the snow ended, a hiker who became stranded during the winter storm was rescued by helicopter from the Huachuca Mountains.  The hiker was treated for frostbite by medical staff.","A pair of winter storm systems moved across Arizona January 24 through 26. The first brought moderate snow accumulations to several mountain ranges above 6000 feet on January 24. Mt. Lemmon Highway was closed at the base as a result. Thunderstorms produced hail and gusty winds at lower elevations. The second storm brought widespread heavy snow to southeast Arizona above 3500 feet, and even brought slushy  snow accumulations and slippery road conditions to parts of the greater Tucson Metro area. The bulk of the snow fell from the evening of January 25 through the morning of January 26, and was accompanied at times by wind gusts of 35 to 45 mph.  Snow accumulations of 3 to 6 inches occurred between 3500 and 5000 feet with 6 to 12 inches from 5000 to 7000 feet and 12 to 20 inches above 7000 feet. The additional snow forced the closure of Mt. Lemmon Highway near Tucson to continue, and also triggered closures of Highway 191 north of Hannagan Meadow and Route 80 near Bisbee.",53
932156,MAZATZAL MOUNTAINS (ZONE), ,01/25/2021,1600,Heavy Snow, , ,0,0,0,0,AZ,MST-7, ,154720,Z,557,PSR,0,0,Department of Highways, , , , , , , , ,01/26/2021,2000, , , , ,"A cold weather system moved through the region and produced multiple rounds of snowfall along the Mazatzal mountains and portions of SR-87, mostly from midday of the 25th through the morning of the 26th. A Winter Storm Warning was in effect during this time for elevations above 4,000 feet. The heaviest snow likely fell in the afternoon of the 25th when a squall line/cold front moved west to east through the area, producing greater precipitation rates and lowering snow levels briefly as low as 1,500-2,000 feet. No official snowfall measurements were reported, but the Arizona Department of Transportation (ADOT) shared multiple images from SR-87 near Mt. Ord in the afternoon of the 26th showing several inches of snow had accumulated. ADOT had closed SR-87 between Bush Highway and Payson beginning at around 1600 MST on the 25th and eventually reopened the highway around 1900 MST on the 26th.","An abnormally strong and cold weather system impacted the Desert Southwest during late January. The storm produced significant snowfall for elevations above 3,500-4,000 feet over the course of the two days, mainly north and east of the Phoenix area. This led to the closures of US-60 between Globe and Show Low and SR-87 between Bush Highway and Payson. Following the passage of a cold front and squall line through south-central AZ, midday on the 25th, snow levels briefly crashed to as low as 1500-2000 feet. This resulted in light snow/graupel accumulations at these lower elevations which included the Wickenburg area and foothill regions just north and east of the Phoenix metro area. Mixed precipitation (rain, some snowflakes, graupel, and small hail) was also reported across the Phoenix metro, with some accumulating small hail or graupel. This created a large media interest across the Phoenix area.",54
932151,CHIRICAHUA MOUNTAINS (ZONE), ,01/25/2021,1900,Winter Storm, , ,0,0,0,0,AZ,MST-7, ,154436,Z,512,TWC,0,0,COOP Observer, , , , , , , , ,01/26/2021,1500, , , , ,"Heavy snow accumulations of 10 to 14 inches combined with winds gusting to 40 mph occurred in the Chiricahua Mountains.  Eleven inches of snow was observed at an elevation of 5500 feet at Paradise.","A pair of winter storm systems moved across Arizona January 24 through 26. The first brought moderate snow accumulations to several mountain ranges above 6000 feet on January 24. Mt. Lemmon Highway was closed at the base as a result. Thunderstorms produced hail and gusty winds at lower elevations. The second storm brought widespread heavy snow to southeast Arizona above 3500 feet, and even brought slushy  snow accumulations and slippery road conditions to parts of the greater Tucson Metro area. The bulk of the snow fell from the evening of January 25 through the morning of January 26, and was accompanied at times by wind gusts of 35 to 45 mph.  Snow accumulations of 3 to 6 inches occurred between 3500 and 5000 feet with 6 to 12 inches from 5000 to 7000 feet and 12 to 20 inches above 7000 feet. The additional snow forced the closure of Mt. Lemmon Highway near Tucson to continue, and also triggered closures of Highway 191 north of Hannagan Meadow and Route 80 near Bisbee.",55
932155,AGUILA VALLEY (ZONE), ,01/25/2021,1930,Winter Weather, , ,0,0,0,0,AZ,MST-7, ,154720,Z,534,PSR,0,0,Trained Spotter, , , , , , , , ,01/25/2021,2130, , , , ,"A squall line/cold front associated with a cold weather system moved through south-central AZ in the early afternoon of the 25th. Immediately following the front, snow levels crashed rapidly down to as low as 1,500-2,000 feet. This led to a short period of light snow or graupel with light accumulations. A trained spotter in Wickenburg reported light snow accumulations at around 2,100 feet elevation. This event generated large public and media interest.","An abnormally strong and cold weather system impacted the Desert Southwest during late January. The storm produced significant snowfall for elevations above 3,500-4,000 feet over the course of the two days, mainly north and east of the Phoenix area. This led to the closures of US-60 between Globe and Show Low and SR-87 between Bush Highway and Payson. Following the passage of a cold front and squall line through south-central AZ, midday on the 25th, snow levels briefly crashed to as low as 1500-2000 feet. This resulted in light snow/graupel accumulations at these lower elevations which included the Wickenburg area and foothill regions just north and east of the Phoenix metro area. Mixed precipitation (rain, some snowflakes, graupel, and small hail) was also reported across the Phoenix metro, with some accumulating small hail or graupel. This created a large media interest across the Phoenix area.",56
932150,CAVE CREEK/NEW RIVER (ZONE), ,01/25/2021,2100,Winter Weather, , ,0,0,0,0,AZ,MST-7, ,154720,Z,541,PSR,0,0,Public, , , , , , , , ,01/25/2021,2300, , , , ,"A squall line/cold front associated with a cold weather system moved through south-central AZ in the early afternoon of the 25th. Immediately along and following the squall line, snow levels crashed rapidly down to as low as 1,500-2,000 feet. Numerous weather stations measured surface temperatures falling from around 50 degrees to the mid-30s in a matter of 10-20 minutes. This led to a short period of light snow or graupel with accumulations of a dusting and up to an inch in foothill communities like North Scottsdale up to the Cave Creek/Carefree area. Accumulated snow was also observed on the surrounding mountains like the McDowell mountains, visible to a large population of the Phoenix metro area. Snowflakes mixed in with rain and small hail was even observed at lower elevations, below 1,500 feet, within the Phoenix metro area. This event generated large public and media interest.","An abnormally strong and cold weather system impacted the Desert Southwest during late January. The storm produced significant snowfall for elevations above 3,500-4,000 feet over the course of the two days, mainly north and east of the Phoenix area. This led to the closures of US-60 between Globe and Show Low and SR-87 between Bush Highway and Payson. Following the passage of a cold front and squall line through south-central AZ, midday on the 25th, snow levels briefly crashed to as low as 1500-2000 feet. This resulted in light snow/graupel accumulations at these lower elevations which included the Wickenburg area and foothill regions just north and east of the Phoenix metro area. Mixed precipitation (rain, some snowflakes, graupel, and small hail) was also reported across the Phoenix metro, with some accumulating small hail or graupel. This created a large media interest across the Phoenix area.",57
932199,GLOBE/MIAMI (ZONE), ,01/25/2021,2230,Heavy Snow, , ,0,0,0,0,AZ,MST-7, ,154720,Z,562,PSR,0,0,COOP Observer, , , , , , , , ,01/26/2021,2030, , , , ,"A cold weather system moved through the area and produced a period of snowfall in the Globe area, mostly from the afternoon of the 25th through the morning of the 26th. A Winter Storm Warning was in effect during this time for elevations above 3,500 feet. A trained spotter in Miami, at roughly 3,500 feet, initially reported snow was falling with less than a quarter mile visibility at 1600 MST on the 25th, but that snow had not begun to accumulate yet. An Arizona Department of Transportation (ADOT) webcam on US-60 heading northeast out of Globe showed 1-2 inches of snow had accumulated on the sides of the highway with a dusting on the road at 0300 MST on the 26th. ADOT had previously closed US-60 between Globe and Show Low, Arizona beginning around 1800 MST on the 25th and did not reopen the highway until around 1700 MST on the 26th. A COOP observer in Globe, at 3,600 feet elevation, measured 4.5 inches storm total snow by early afternoon on the 26th, meeting local warning criteria for snowfall within 24 hours.","An abnormally strong and cold weather system impacted the Desert Southwest during late January. The storm produced significant snowfall for elevations above 3,500-4,000 feet over the course of the two days, mainly north and east of the Phoenix area. This led to the closures of US-60 between Globe and Show Low and SR-87 between Bush Highway and Payson. Following the passage of a cold front and squall line through south-central AZ, midday on the 25th, snow levels briefly crashed to as low as 1500-2000 feet. This resulted in light snow/graupel accumulations at these lower elevations which included the Wickenburg area and foothill regions just north and east of the Phoenix metro area. Mixed precipitation (rain, some snowflakes, graupel, and small hail) was also reported across the Phoenix metro, with some accumulating small hail or graupel. This created a large media interest across the Phoenix area.",58
932157,UPPER SANTA CRUZ RIVER AND ALTAR VALLEYS (ZONE), ,01/26/2021,0,Winter Storm, , ,0,0,0,0,AZ,MST-7, ,154436,Z,503,TWC,0,0,Mesonet, , , , , , , , ,01/26/2021,1500, , , , ,"Heavy snow accumulations combined with winds gusting to 40 mph to produce slick roads and poor visibilities at elevations between 3500 and 5000 feet in parts of Santa Cruz and southern Cochise counties. Snowfall totals of 3 to 4 inches were common near Nogales, Patagonia, Sierra Vista and Portal with localized higher amounts around 6 inches near Elgin, Sonoita and Hereford.","A pair of winter storm systems moved across Arizona January 24 through 26. The first brought moderate snow accumulations to several mountain ranges above 6000 feet on January 24. Mt. Lemmon Highway was closed at the base as a result. Thunderstorms produced hail and gusty winds at lower elevations. The second storm brought widespread heavy snow to southeast Arizona above 3500 feet, and even brought slushy  snow accumulations and slippery road conditions to parts of the greater Tucson Metro area. The bulk of the snow fell from the evening of January 25 through the morning of January 26, and was accompanied at times by wind gusts of 35 to 45 mph.  Snow accumulations of 3 to 6 inches occurred between 3500 and 5000 feet with 6 to 12 inches from 5000 to 7000 feet and 12 to 20 inches above 7000 feet. The additional snow forced the closure of Mt. Lemmon Highway near Tucson to continue, and also triggered closures of Highway 191 north of Hannagan Meadow and Route 80 near Bisbee.",59
932207,UPPER SAN PEDRO RIVER VALLEY (ZONE), ,01/26/2021,0,Winter Storm, , ,0,0,0,0,AZ,MST-7, ,154436,Z,507,TWC,0,0,Mesonet, , , , , , , , ,01/26/2021,1500, , , , ,"Heavy snow accumulations combined with winds gusting to 40 mph to produce slick roads and poor visibilities at elevations between 3500 and 5000 feet in parts of Santa Cruz and southern Cochise counties. Snowfall totals of 3 to 4 inches were common near Nogales, Patagonia, Sierra Vista and Portal with localized higher amounts around 6 inches near Elgin, Sonoita and Hereford.","A pair of winter storm systems moved across Arizona January 24 through 26. The first brought moderate snow accumulations to several mountain ranges above 6000 feet on January 24. Mt. Lemmon Highway was closed at the base as a result. Thunderstorms produced hail and gusty winds at lower elevations. The second storm brought widespread heavy snow to southeast Arizona above 3500 feet, and even brought slushy  snow accumulations and slippery road conditions to parts of the greater Tucson Metro area. The bulk of the snow fell from the evening of January 25 through the morning of January 26, and was accompanied at times by wind gusts of 35 to 45 mph.  Snow accumulations of 3 to 6 inches occurred between 3500 and 5000 feet with 6 to 12 inches from 5000 to 7000 feet and 12 to 20 inches above 7000 feet. The additional snow forced the closure of Mt. Lemmon Highway near Tucson to continue, and also triggered closures of Highway 191 north of Hannagan Meadow and Route 80 near Bisbee.",60
932209,EASTERN COCHISE COUNTY BELOW 5000 FEET (ZONE), ,01/26/2021,0,Winter Storm, , ,0,0,0,0,AZ,MST-7, ,154436,Z,508,TWC,0,0,Mesonet, , , , , , , , ,01/26/2021,1500, , , , ,"Heavy snow accumulations combined with winds gusting to 40 mph to produce slick roads and poor visibilities at elevations between 3500 and 5000 feet in parts of Santa Cruz and southern Cochise counties. Snowfall totals of 3 to 4 inches were common near Nogales, Patagonia, Sierra Vista and Portal with localized higher amounts around 6 inches near Elgin, Sonoita and Hereford.","A pair of winter storm systems moved across Arizona January 24 through 26. The first brought moderate snow accumulations to several mountain ranges above 6000 feet on January 24. Mt. Lemmon Highway was closed at the base as a result. Thunderstorms produced hail and gusty winds at lower elevations. The second storm brought widespread heavy snow to southeast Arizona above 3500 feet, and even brought slushy  snow accumulations and slippery road conditions to parts of the greater Tucson Metro area. The bulk of the snow fell from the evening of January 25 through the morning of January 26, and was accompanied at times by wind gusts of 35 to 45 mph.  Snow accumulations of 3 to 6 inches occurred between 3500 and 5000 feet with 6 to 12 inches from 5000 to 7000 feet and 12 to 20 inches above 7000 feet. The additional snow forced the closure of Mt. Lemmon Highway near Tucson to continue, and also triggered closures of Highway 191 north of Hannagan Meadow and Route 80 near Bisbee.",61
932309,TUCSON METRO AREA (ZONE), ,01/26/2021,300,Winter Weather, , ,0,0,100000,0,AZ,MST-7, ,154436,Z,504,TWC,0,0,Broadcast Media, , , , , , , , ,01/26/2021,1000, , , , ,"Rain and snow showers created slippery roads in parts of eastern Pima County, which led to numerous, mainly minor, traffic accidents along Interstate 19 near Green Valley and Sahuarita and along Interstate 10 in the northwest Tucson Metro area.  One accident on I-10 near the Cochise County line resulted in a rollover, which caused one east bound lane to be closed for an hour. No injuries were reported.","A pair of winter storm systems moved across Arizona January 24 through 26. The first brought moderate snow accumulations to several mountain ranges above 6000 feet on January 24. Mt. Lemmon Highway was closed at the base as a result. Thunderstorms produced hail and gusty winds at lower elevations. The second storm brought widespread heavy snow to southeast Arizona above 3500 feet, and even brought slushy  snow accumulations and slippery road conditions to parts of the greater Tucson Metro area. The bulk of the snow fell from the evening of January 25 through the morning of January 26, and was accompanied at times by wind gusts of 35 to 45 mph.  Snow accumulations of 3 to 6 inches occurred between 3500 and 5000 feet with 6 to 12 inches from 5000 to 7000 feet and 12 to 20 inches above 7000 feet. The additional snow forced the closure of Mt. Lemmon Highway near Tucson to continue, and also triggered closures of Highway 191 north of Hannagan Meadow and Route 80 near Bisbee.",62
943064,UPPER SANTA CRUZ RIVER AND ALTAR VALLEYS (ZONE), ,02/01/2021,0,Drought, , ,0,0,0,0,AZ,MST-7, ,155689,Z,503,TWC,0,0,Drought Monitor, , , , , , , , ,02/28/2021,2359, , , , ,"The exceptional (D4) and extreme (D3) drought categories continued across a large part of southeast Arizona during February, with the exception of western Pima County. Precipitation totals for the month totaled 0.5 to 2.0 inches near the Mogollon Rim or 50 to 100 percent of normal, but less than a half inch elsewhere, or zero to 50 percent of normal. Soil moisture readings remained very low, below the 5th percentile ranking across eastern Pinal and western Graham counties and below the 10th percentile ranking elsewhere. Levels at San Carlos Reservoir remained around 2 percent of storage capacity. More than a dozen small wild land fires occurred during the month, but all were quickly suppressed.","The exceptional (D4) and extreme (D3) drought categories continued across a large part of southeast Arizona during February, with the exception of western Pima County. Precipitation totals for the month totaled 0.5 to 2.0 inches near the Mogollon Rim or 50 to 100 percent of normal, but less than a half inch elsewhere, or zero to 50 percent of normal.  Soil moisture readings remained very low, below the 5th percentile ranking across eastern Pinal and western Graham counties and below the 10th percentile ranking elsewhere. Levels at San Carlos Reservoir remained around 2 percent of storage capacity. More than a dozen small wild land fires occurred during the month, but all were quickly suppressed.",63
943065,TUCSON METRO AREA (ZONE), ,02/01/2021,0,Drought, , ,0,0,0,0,AZ,MST-7, ,155689,Z,504,TWC,0,0,Drought Monitor, , , , , , , , ,02/28/2021,2359, , , , ,"The exceptional (D4) and extreme (D3) drought categories continued across a large part of southeast Arizona during February, with the exception of western Pima County. Precipitation totals for the month totaled 0.5 to 2.0 inches near the Mogollon Rim or 50 to 100 percent of normal, but less than a half inch elsewhere, or zero to 50 percent of normal. Soil moisture readings remained very low, below the 5th percentile ranking across eastern Pinal and western Graham counties and below the 10th percentile ranking elsewhere. Levels at San Carlos Reservoir remained around 2 percent of storage capacity. More than a dozen small wild land fires occurred during the month, but all were quickly suppressed.","The exceptional (D4) and extreme (D3) drought categories continued across a large part of southeast Arizona during February, with the exception of western Pima County. Precipitation totals for the month totaled 0.5 to 2.0 inches near the Mogollon Rim or 50 to 100 percent of normal, but less than a half inch elsewhere, or zero to 50 percent of normal.  Soil moisture readings remained very low, below the 5th percentile ranking across eastern Pinal and western Graham counties and below the 10th percentile ranking elsewhere. Levels at San Carlos Reservoir remained around 2 percent of storage capacity. More than a dozen small wild land fires occurred during the month, but all were quickly suppressed.",64
943066,SOUTH CENTRAL PINAL COUNTY (ZONE), ,02/01/2021,0,Drought, , ,0,0,0,0,AZ,MST-7, ,155689,Z,505,TWC,0,0,Drought Monitor, , , , , , , , ,02/28/2021,2359, , , , ,"The exceptional (D4) and extreme (D3) drought categories continued across a large part of southeast Arizona during February, with the exception of western Pima County. Precipitation totals for the month totaled 0.5 to 2.0 inches near the Mogollon Rim or 50 to 100 percent of normal, but less than a half inch elsewhere, or zero to 50 percent of normal. Soil moisture readings remained very low, below the 5th percentile ranking across eastern Pinal and western Graham counties and below the 10th percentile ranking elsewhere. Levels at San Carlos Reservoir remained around 2 percent of storage capacity. More than a dozen small wild land fires occurred during the month, but all were quickly suppressed.","The exceptional (D4) and extreme (D3) drought categories continued across a large part of southeast Arizona during February, with the exception of western Pima County. Precipitation totals for the month totaled 0.5 to 2.0 inches near the Mogollon Rim or 50 to 100 percent of normal, but less than a half inch elsewhere, or zero to 50 percent of normal.  Soil moisture readings remained very low, below the 5th percentile ranking across eastern Pinal and western Graham counties and below the 10th percentile ranking elsewhere. Levels at San Carlos Reservoir remained around 2 percent of storage capacity. More than a dozen small wild land fires occurred during the month, but all were quickly suppressed.",65
943067,SOUTHEAST PINAL COUNTY (ZONE), ,02/01/2021,0,Drought, , ,0,0,0,0,AZ,MST-7, ,155689,Z,506,TWC,0,0,Drought Monitor, , , , , , , , ,02/28/2021,2359, , , , ,"The exceptional (D4) and extreme (D3) drought categories continued across a large part of southeast Arizona during February, with the exception of western Pima County. Precipitation totals for the month totaled 0.5 to 2.0 inches near the Mogollon Rim or 50 to 100 percent of normal, but less than a half inch elsewhere, or zero to 50 percent of normal. Soil moisture readings remained very low, below the 5th percentile ranking across eastern Pinal and western Graham counties and below the 10th percentile ranking elsewhere. Levels at San Carlos Reservoir remained around 2 percent of storage capacity. More than a dozen small wild land fires occurred during the month, but all were quickly suppressed.","The exceptional (D4) and extreme (D3) drought categories continued across a large part of southeast Arizona during February, with the exception of western Pima County. Precipitation totals for the month totaled 0.5 to 2.0 inches near the Mogollon Rim or 50 to 100 percent of normal, but less than a half inch elsewhere, or zero to 50 percent of normal.  Soil moisture readings remained very low, below the 5th percentile ranking across eastern Pinal and western Graham counties and below the 10th percentile ranking elsewhere. Levels at San Carlos Reservoir remained around 2 percent of storage capacity. More than a dozen small wild land fires occurred during the month, but all were quickly suppressed.",66
943068,UPPER SAN PEDRO RIVER VALLEY (ZONE), ,02/01/2021,0,Drought, , ,0,0,0,0,AZ,MST-7, ,155689,Z,507,TWC,0,0,Drought Monitor, , , , , , , , ,02/28/2021,2359, , , , ,"The exceptional (D4) and extreme (D3) drought categories continued across a large part of southeast Arizona during February, with the exception of western Pima County. Precipitation totals for the month totaled 0.5 to 2.0 inches near the Mogollon Rim or 50 to 100 percent of normal, but less than a half inch elsewhere, or zero to 50 percent of normal. Soil moisture readings remained very low, below the 5th percentile ranking across eastern Pinal and western Graham counties and below the 10th percentile ranking elsewhere. Levels at San Carlos Reservoir remained around 2 percent of storage capacity. More than a dozen small wild land fires occurred during the month, but all were quickly suppressed.","The exceptional (D4) and extreme (D3) drought categories continued across a large part of southeast Arizona during February, with the exception of western Pima County. Precipitation totals for the month totaled 0.5 to 2.0 inches near the Mogollon Rim or 50 to 100 percent of normal, but less than a half inch elsewhere, or zero to 50 percent of normal.  Soil moisture readings remained very low, below the 5th percentile ranking across eastern Pinal and western Graham counties and below the 10th percentile ranking elsewhere. Levels at San Carlos Reservoir remained around 2 percent of storage capacity. More than a dozen small wild land fires occurred during the month, but all were quickly suppressed.",67
943069,EASTERN COCHISE COUNTY BELOW 5000 FEET (ZONE), ,02/01/2021,0,Drought, , ,0,0,0,0,AZ,MST-7, ,155689,Z,508,TWC,0,0,Drought Monitor, , , , , , , , ,02/28/2021,2359, , , , ,"The exceptional (D4) and extreme (D3) drought categories continued across a large part of southeast Arizona during February, with the exception of western Pima County. Precipitation totals for the month totaled 0.5 to 2.0 inches near the Mogollon Rim or 50 to 100 percent of normal, but less than a half inch elsewhere, or zero to 50 percent of normal. Soil moisture readings remained very low, below the 5th percentile ranking across eastern Pinal and western Graham counties and below the 10th percentile ranking elsewhere. Levels at San Carlos Reservoir remained around 2 percent of storage capacity. More than a dozen small wild land fires occurred during the month, but all were quickly suppressed.","The exceptional (D4) and extreme (D3) drought categories continued across a large part of southeast Arizona during February, with the exception of western Pima County. Precipitation totals for the month totaled 0.5 to 2.0 inches near the Mogollon Rim or 50 to 100 percent of normal, but less than a half inch elsewhere, or zero to 50 percent of normal.  Soil moisture readings remained very low, below the 5th percentile ranking across eastern Pinal and western Graham counties and below the 10th percentile ranking elsewhere. Levels at San Carlos Reservoir remained around 2 percent of storage capacity. More than a dozen small wild land fires occurred during the month, but all were quickly suppressed.",68
943070,UPPER GILA RIVER AND ARAVAIPA VALLEYS (ZONE), ,02/01/2021,0,Drought, , ,0,0,0,0,AZ,MST-7, ,155689,Z,509,TWC,0,0,Drought Monitor, , , , , , , , ,02/28/2021,2359, , , , ,"The exceptional (D4) and extreme (D3) drought categories continued across a large part of southeast Arizona during February, with the exception of western Pima County. Precipitation totals for the month totaled 0.5 to 2.0 inches near the Mogollon Rim or 50 to 100 percent of normal, but less than a half inch elsewhere, or zero to 50 percent of normal. Soil moisture readings remained very low, below the 5th percentile ranking across eastern Pinal and western Graham counties and below the 10th percentile ranking elsewhere. Levels at San Carlos Reservoir remained around 2 percent of storage capacity. More than a dozen small wild land fires occurred during the month, but all were quickly suppressed.","The exceptional (D4) and extreme (D3) drought categories continued across a large part of southeast Arizona during February, with the exception of western Pima County. Precipitation totals for the month totaled 0.5 to 2.0 inches near the Mogollon Rim or 50 to 100 percent of normal, but less than a half inch elsewhere, or zero to 50 percent of normal.  Soil moisture readings remained very low, below the 5th percentile ranking across eastern Pinal and western Graham counties and below the 10th percentile ranking elsewhere. Levels at San Carlos Reservoir remained around 2 percent of storage capacity. More than a dozen small wild land fires occurred during the month, but all were quickly suppressed.",69
943071,WHITE MOUNTAINS OF GRAHAM AND GREENLEE COUNTIES (ZONE), ,02/01/2021,0,Drought, , ,0,0,0,0,AZ,MST-7, ,155689,Z,510,TWC,0,0,Drought Monitor, , , , , , , , ,02/28/2021,2359, , , , ,"The exceptional (D4) and extreme (D3) drought categories continued across a large part of southeast Arizona during February, with the exception of western Pima County. Precipitation totals for the month totaled 0.5 to 2.0 inches near the Mogollon Rim or 50 to 100 percent of normal, but less than a half inch elsewhere, or zero to 50 percent of normal. Soil moisture readings remained very low, below the 5th percentile ranking across eastern Pinal and western Graham counties and below the 10th percentile ranking elsewhere. Levels at San Carlos Reservoir remained around 2 percent of storage capacity. More than a dozen small wild land fires occurred during the month, but all were quickly suppressed.","The exceptional (D4) and extreme (D3) drought categories continued across a large part of southeast Arizona during February, with the exception of western Pima County. Precipitation totals for the month totaled 0.5 to 2.0 inches near the Mogollon Rim or 50 to 100 percent of normal, but less than a half inch elsewhere, or zero to 50 percent of normal.  Soil moisture readings remained very low, below the 5th percentile ranking across eastern Pinal and western Graham counties and below the 10th percentile ranking elsewhere. Levels at San Carlos Reservoir remained around 2 percent of storage capacity. More than a dozen small wild land fires occurred during the month, but all were quickly suppressed.",70
943072,GALIURO AND PINALENO MOUNTAINS (ZONE), ,02/01/2021,0,Drought, , ,0,0,0,0,AZ,MST-7, ,155689,Z,511,TWC,0,0,Drought Monitor, , , , , , , , ,02/28/2021,2359, , , , ,"The exceptional (D4) and extreme (D3) drought categories continued across a large part of southeast Arizona during February, with the exception of western Pima County. Precipitation totals for the month totaled 0.5 to 2.0 inches near the Mogollon Rim or 50 to 100 percent of normal, but less than a half inch elsewhere, or zero to 50 percent of normal. Soil moisture readings remained very low, below the 5th percentile ranking across eastern Pinal and western Graham counties and below the 10th percentile ranking elsewhere. Levels at San Carlos Reservoir remained around 2 percent of storage capacity. More than a dozen small wild land fires occurred during the month, but all were quickly suppressed.","The exceptional (D4) and extreme (D3) drought categories continued across a large part of southeast Arizona during February, with the exception of western Pima County. Precipitation totals for the month totaled 0.5 to 2.0 inches near the Mogollon Rim or 50 to 100 percent of normal, but less than a half inch elsewhere, or zero to 50 percent of normal.  Soil moisture readings remained very low, below the 5th percentile ranking across eastern Pinal and western Graham counties and below the 10th percentile ranking elsewhere. Levels at San Carlos Reservoir remained around 2 percent of storage capacity. More than a dozen small wild land fires occurred during the month, but all were quickly suppressed.",71
943073,CHIRICAHUA MOUNTAINS (ZONE), ,02/01/2021,0,Drought, , ,0,0,0,0,AZ,MST-7, ,155689,Z,512,TWC,0,0,Drought Monitor, , , , , , , , ,02/28/2021,2359, , , , ,"The exceptional (D4) and extreme (D3) drought categories continued across a large part of southeast Arizona during February, with the exception of western Pima County. Precipitation totals for the month totaled 0.5 to 2.0 inches near the Mogollon Rim or 50 to 100 percent of normal, but less than a half inch elsewhere, or zero to 50 percent of normal. Soil moisture readings remained very low, below the 5th percentile ranking across eastern Pinal and western Graham counties and below the 10th percentile ranking elsewhere. Levels at San Carlos Reservoir remained around 2 percent of storage capacity. More than a dozen small wild land fires occurred during the month, but all were quickly suppressed.","The exceptional (D4) and extreme (D3) drought categories continued across a large part of southeast Arizona during February, with the exception of western Pima County. Precipitation totals for the month totaled 0.5 to 2.0 inches near the Mogollon Rim or 50 to 100 percent of normal, but less than a half inch elsewhere, or zero to 50 percent of normal.  Soil moisture readings remained very low, below the 5th percentile ranking across eastern Pinal and western Graham counties and below the 10th percentile ranking elsewhere. Levels at San Carlos Reservoir remained around 2 percent of storage capacity. More than a dozen small wild land fires occurred during the month, but all were quickly suppressed.",72
943074,DRAGOON/MULE/HUACHUCA AND SANTA RITA MOUNTAINS (ZONE), ,02/01/2021,0,Drought, , ,0,0,0,0,AZ,MST-7, ,155689,Z,513,TWC,0,0,Drought Monitor, , , , , , , , ,02/28/2021,2359, , , , ,"The exceptional (D4) and extreme (D3) drought categories continued across a large part of southeast Arizona during February, with the exception of western Pima County. Precipitation totals for the month totaled 0.5 to 2.0 inches near the Mogollon Rim or 50 to 100 percent of normal, but less than a half inch elsewhere, or zero to 50 percent of normal. Soil moisture readings remained very low, below the 5th percentile ranking across eastern Pinal and western Graham counties and below the 10th percentile ranking elsewhere. Levels at San Carlos Reservoir remained around 2 percent of storage capacity. More than a dozen small wild land fires occurred during the month, but all were quickly suppressed.","The exceptional (D4) and extreme (D3) drought categories continued across a large part of southeast Arizona during February, with the exception of western Pima County. Precipitation totals for the month totaled 0.5 to 2.0 inches near the Mogollon Rim or 50 to 100 percent of normal, but less than a half inch elsewhere, or zero to 50 percent of normal.  Soil moisture readings remained very low, below the 5th percentile ranking across eastern Pinal and western Graham counties and below the 10th percentile ranking elsewhere. Levels at San Carlos Reservoir remained around 2 percent of storage capacity. More than a dozen small wild land fires occurred during the month, but all were quickly suppressed.",73
943075,SANTA CATALINA AND RINCON MOUNTAINS (ZONE), ,02/01/2021,0,Drought, , ,0,0,0,0,AZ,MST-7, ,155689,Z,514,TWC,0,0,Drought Monitor, , , , , , , , ,02/28/2021,2359, , , , ,"The exceptional (D4) and extreme (D3) drought categories continued across a large part of southeast Arizona during February, with the exception of western Pima County. Precipitation totals for the month totaled 0.5 to 2.0 inches near the Mogollon Rim or 50 to 100 percent of normal, but less than a half inch elsewhere, or zero to 50 percent of normal. Soil moisture readings remained very low, below the 5th percentile ranking across eastern Pinal and western Graham counties and below the 10th percentile ranking elsewhere. Levels at San Carlos Reservoir remained around 2 percent of storage capacity. More than a dozen small wild land fires occurred during the month, but all were quickly suppressed.","The exceptional (D4) and extreme (D3) drought categories continued across a large part of southeast Arizona during February, with the exception of western Pima County. Precipitation totals for the month totaled 0.5 to 2.0 inches near the Mogollon Rim or 50 to 100 percent of normal, but less than a half inch elsewhere, or zero to 50 percent of normal.  Soil moisture readings remained very low, below the 5th percentile ranking across eastern Pinal and western Graham counties and below the 10th percentile ranking elsewhere. Levels at San Carlos Reservoir remained around 2 percent of storage capacity. More than a dozen small wild land fires occurred during the month, but all were quickly suppressed.",74
943076,BABOQUIVARI MOUNTAINS (ZONE), ,02/01/2021,0,Drought, , ,0,0,0,0,AZ,MST-7, ,155689,Z,515,TWC,0,0,Drought Monitor, , , , , , , , ,02/28/2021,2359, , , , ,"The exceptional (D4) and extreme (D3) drought categories continued across a large part of southeast Arizona during February, with the exception of western Pima County. Precipitation totals for the month totaled 0.5 to 2.0 inches near the Mogollon Rim or 50 to 100 percent of normal, but less than a half inch elsewhere, or zero to 50 percent of normal. Soil moisture readings remained very low, below the 5th percentile ranking across eastern Pinal and western Graham counties and below the 10th percentile ranking elsewhere. Levels at San Carlos Reservoir remained around 2 percent of storage capacity. More than a dozen small wild land fires occurred during the month, but all were quickly suppressed.","The exceptional (D4) and extreme (D3) drought categories continued across a large part of southeast Arizona during February, with the exception of western Pima County. Precipitation totals for the month totaled 0.5 to 2.0 inches near the Mogollon Rim or 50 to 100 percent of normal, but less than a half inch elsewhere, or zero to 50 percent of normal.  Soil moisture readings remained very low, below the 5th percentile ranking across eastern Pinal and western Graham counties and below the 10th percentile ranking elsewhere. Levels at San Carlos Reservoir remained around 2 percent of storage capacity. More than a dozen small wild land fires occurred during the month, but all were quickly suppressed.",75
943063,TOHONO O ODHAM NATION (ZONE), ,02/01/2021,0,Drought, , ,0,0,0,0,AZ,MST-7, ,155689,Z,502,TWC,0,0,Drought Monitor, , , , , , , , ,02/28/2021,2359, , , , ,"The exceptional (D4) and extreme (D3) drought categories continued across a large part of southeast Arizona during February, with the exception of western Pima County. Precipitation totals for the month totaled 0.5 to 2.0 inches near the Mogollon Rim or 50 to 100 percent of normal, but less than a half inch elsewhere, or zero to 50 percent of normal. Soil moisture readings remained very low, below the 5th percentile ranking across eastern Pinal and western Graham counties and below the 10th percentile ranking elsewhere. Levels at San Carlos Reservoir remained around 2 percent of storage capacity. More than a dozen small wild land fires occurred during the month, but all were quickly suppressed.","The exceptional (D4) and extreme (D3) drought categories continued across a large part of southeast Arizona during February, with the exception of western Pima County. Precipitation totals for the month totaled 0.5 to 2.0 inches near the Mogollon Rim or 50 to 100 percent of normal, but less than a half inch elsewhere, or zero to 50 percent of normal.  Soil moisture readings remained very low, below the 5th percentile ranking across eastern Pinal and western Graham counties and below the 10th percentile ranking elsewhere. Levels at San Carlos Reservoir remained around 2 percent of storage capacity. More than a dozen small wild land fires occurred during the month, but all were quickly suppressed.",76
948438,LITTLE COLORADO RIVER VALLEY IN APACHE COUNTY (ZONE), ,02/03/2021,2325,High Wind,57.00, ,0,0,0,0,AZ,MST-7,MG,156915,Z,14,FGZ,0,0,ASOS, , , , , , , , ,02/04/2021,0, , , , ,"High gusts wind hit Springerville between  1125 and midnight the evening of February 3.","A strong cold front brought high wind gusts to the Little Colorado River Valley in Apache Country.  This area is downwind of the White Mountains which tends to accelerate winds.",77
938826,NORTHWEST DESERTS (ZONE), ,02/13/2021,1151,High Wind,50.00, ,0,0,0,0,AZ,MST-7,MG,155639,Z,3,VEF,0,0,ASOS, , , , , , , , ,02/13/2021,1155, , , , ,"These winds occurred at the Kingman Airport (KIGM).","A fast moving low pressure system brought high winds to portions of the Mojave Desert.",78
948408,LITTLE COLORADO RIVER VALLEY IN APACHE COUNTY (ZONE), ,02/13/2021,1515,High Wind,50.00, ,0,0,0,0,AZ,MST-7,MG,156909,Z,14,FGZ,0,0,ASOS, , , , , , , , ,02/13/2021,1535, , , , ,"The Springerville Airport ASOS recorded wind gusts of 58 MPH between 315 and 335 PM MST.","A strong cold front moving towards Arizona brought areas of high winds mainly along and north of the Mogollon Rim on February 13.  The front brought accumulating snow to much of northern Arizona. However, the heaviest snow fell in the Little Colorado River Valley on the northern slopes of the Eastern Mogollon Rim into the White Mountains.",79
948437,BLACK MESA AREA (ZONE), ,02/13/2021,1800,Heavy Snow, , ,0,0,0,0,AZ,MST-7, ,156909,Z,39,FGZ,0,0,Trained Spotter, , , , , , , , ,02/14/2021,1400, , , , ,"Heavy snow fell across the Little Colorado River Valley in Apache County as strong upslope developed on the back side of a departing low pressure area. Some totals include (in inches): Lyman Lake State Park 14,  Vernon 12-14, and Concho 11.","A strong cold front moving towards Arizona brought areas of high winds mainly along and north of the Mogollon Rim on February 13.  The front brought accumulating snow to much of northern Arizona. However, the heaviest snow fell in the Little Colorado River Valley on the northern slopes of the Eastern Mogollon Rim into the White Mountains.",80
948419,WHITE MOUNTAINS (ZONE), ,02/13/2021,1800,Heavy Snow, , ,0,0,0,0,AZ,MST-7, ,156909,Z,17,FGZ,0,0,Trained Spotter, , , , , , , , ,02/14/2021,1200, , , , ,"The Show Low area received between 5 and 8 inches of snow. Greer received 8 inches of snow. Pinetop-Lakeside reported the most snow with between 7 and 11 inches of new snow.","A strong cold front moving towards Arizona brought areas of high winds mainly along and north of the Mogollon Rim on February 13.  The front brought accumulating snow to much of northern Arizona. However, the heaviest snow fell in the Little Colorado River Valley on the northern slopes of the Eastern Mogollon Rim into the White Mountains.",81
948441,CHUSKA MOUNTAINS AND DEFIANCE PLATEAU (ZONE), ,02/15/2021,2200,Heavy Snow, , ,0,0,0,0,AZ,MST-7, ,156917,Z,11,FGZ,0,0,Trained Spotter, , , , , , , , ,02/16/2021,1900, , , , ,"Heavy snow fell across northern Apache County with Tsaile reporting 9.5 inches by 1030 AM and Saint Michaels had 8.6 inches.","A shortwave trough and associated cold front moved across northern Arizona overnight and during the morning with heavy snow in northern Apache County.",82
949822,LITTLE COLORADO RIVER VALLEY IN COCONINO COUNTY (ZONE), ,02/20/2021,1153,High Wind,50.00, ,0,0,0,0,AZ,MST-7,MG,157134,Z,12,FGZ,0,0,Department of Highways, , , , , , , , ,02/20/2021,1158, , , , ,"The wind sensor at Two Guns reported peak wind gusts of 58 MPH just before noon.","A shortwave trough and strong winds aloft brought high winds to areas along and down wind of the Mogollon Rim and White Mountains.",83
949864,LITTLE COLORADO RIVER VALLEY IN APACHE COUNTY (ZONE), ,02/20/2021,1600,High Wind,59.00, ,0,0,0,0,AZ,MST-7,MG,157134,Z,14,FGZ,0,0,ASOS, , , , , , , , ,02/20/2021,1700, , , , ,"Two weather stations in and around the Petrified Forest National Monument reported peak wind gusts of 64 and 68 MPH between 400 and 500 PM MST.","A shortwave trough and strong winds aloft brought high winds to areas along and down wind of the Mogollon Rim and White Mountains.",84
949862,WHITE MOUNTAINS (ZONE), ,02/20/2021,1731,High Wind,59.00, ,0,0,0,0,AZ,MST-7,MG,157134,Z,17,FGZ,0,0,AWOS, , , , , , , , ,02/20/2021,1731, , , , ,"Greens Peat (10,000 feet elevation) reported a peak wind gust of 59 MPH at 531 PM.","A shortwave trough and strong winds aloft brought high winds to areas along and down wind of the Mogollon Rim and White Mountains.",85
948910,SANTA CATALINA AND RINCON MOUNTAINS (ZONE), ,03/01/2021,0,Drought, , ,0,0,0,0,AZ,MST-7, ,156028,Z,514,TWC,0,0,Drought Monitor, , , , , , , , ,03/31/2021,2359, , , , ,"The exceptional (D4) and extreme (D3) drought categories continued across a large part of southeast Arizona during March, with the exception of western Pima County. Precipitation totals for the month totaled 0.5 to 1.5 inches in some areas or 75 to 125 percent of normal, but many areas only received between 0.1 and 0.5 inch, or 15 to 75 percent of normal. Soil moisture readings remained very low, below the 5th percentile ranking across Santa Cruz, eastern Pima and Pinal and western Graham counties and below the 10th percentile ranking elsewhere. Levels at San Carlos Reservoir fell to less than 1 percent of storage capacity. Around 20 small wild land fires occurred during the month, but all were quickly suppressed.","The exceptional (D4) and extreme (D3) drought categories continued across a large part of southeast Arizona during March, with the exception of western Pima County. Precipitation totals for the month totaled 0.5 to 1.5 inches in some areas or 75 to 125 percent of normal, but many areas only received between 0.1 and 0.5 inch, or 15 to 75 percent of normal. Soil moisture readings remained very low, below the 5th percentile ranking across Santa Cruz, eastern Pima and Pinal and western Graham counties and below the 10th percentile ranking elsewhere. Levels at San Carlos Reservoir fell to less than 1 percent of storage capacity. Around 20 small wild land fires occurred during the month, but all were quickly suppressed.",86
948911,BABOQUIVARI MOUNTAINS (ZONE), ,03/01/2021,0,Drought, , ,0,0,0,0,AZ,MST-7, ,156028,Z,515,TWC,0,0,Drought Monitor, , , , , , , , ,03/31/2021,2359, , , , ,"The exceptional (D4) and extreme (D3) drought categories continued across a large part of southeast Arizona during March, with the exception of western Pima County. Precipitation totals for the month totaled 0.5 to 1.5 inches in some areas or 75 to 125 percent of normal, but many areas only received between 0.1 and 0.5 inch, or 15 to 75 percent of normal. Soil moisture readings remained very low, below the 5th percentile ranking across Santa Cruz, eastern Pima and Pinal and western Graham counties and below the 10th percentile ranking elsewhere. Levels at San Carlos Reservoir fell to less than 1 percent of storage capacity. Around 20 small wild land fires occurred during the month, but all were quickly suppressed.","The exceptional (D4) and extreme (D3) drought categories continued across a large part of southeast Arizona during March, with the exception of western Pima County. Precipitation totals for the month totaled 0.5 to 1.5 inches in some areas or 75 to 125 percent of normal, but many areas only received between 0.1 and 0.5 inch, or 15 to 75 percent of normal. Soil moisture readings remained very low, below the 5th percentile ranking across Santa Cruz, eastern Pima and Pinal and western Graham counties and below the 10th percentile ranking elsewhere. Levels at San Carlos Reservoir fell to less than 1 percent of storage capacity. Around 20 small wild land fires occurred during the month, but all were quickly suppressed.",87
948898,TOHONO O ODHAM NATION (ZONE), ,03/01/2021,0,Drought, , ,0,0,0,0,AZ,MST-7, ,156028,Z,502,TWC,0,0,Drought Monitor, , , , , , , , ,03/31/2021,2359, , , , ,"The exceptional (D4) and extreme (D3) drought categories continued across a large part of southeast Arizona during March, with the exception of western Pima County. Precipitation totals for the month totaled 0.5 to 1.5 inches in some areas or 75 to 125 percent of normal, but many areas only received between 0.1 and 0.5 inch, or 15 to 75 percent of normal. Soil moisture readings remained very low, below the 5th percentile ranking across Santa Cruz, eastern Pima and Pinal and western Graham counties and below the 10th percentile ranking elsewhere. Levels at San Carlos Reservoir fell to less than 1 percent of storage capacity. Around 20 small wild land fires occurred during the month, but all were quickly suppressed.","The exceptional (D4) and extreme (D3) drought categories continued across a large part of southeast Arizona during March, with the exception of western Pima County. Precipitation totals for the month totaled 0.5 to 1.5 inches in some areas or 75 to 125 percent of normal, but many areas only received between 0.1 and 0.5 inch, or 15 to 75 percent of normal. Soil moisture readings remained very low, below the 5th percentile ranking across Santa Cruz, eastern Pima and Pinal and western Graham counties and below the 10th percentile ranking elsewhere. Levels at San Carlos Reservoir fell to less than 1 percent of storage capacity. Around 20 small wild land fires occurred during the month, but all were quickly suppressed.",88
948899,UPPER SANTA CRUZ RIVER AND ALTAR VALLEYS (ZONE), ,03/01/2021,0,Drought, , ,0,0,0,0,AZ,MST-7, ,156028,Z,503,TWC,0,0,Drought Monitor, , , , , , , , ,03/31/2021,2359, , , , ,"The exceptional (D4) and extreme (D3) drought categories continued across a large part of southeast Arizona during March, with the exception of western Pima County. Precipitation totals for the month totaled 0.5 to 1.5 inches in some areas or 75 to 125 percent of normal, but many areas only received between 0.1 and 0.5 inch, or 15 to 75 percent of normal. Soil moisture readings remained very low, below the 5th percentile ranking across Santa Cruz, eastern Pima and Pinal and western Graham counties and below the 10th percentile ranking elsewhere. Levels at San Carlos Reservoir fell to less than 1 percent of storage capacity. Around 20 small wild land fires occurred during the month, but all were quickly suppressed.","The exceptional (D4) and extreme (D3) drought categories continued across a large part of southeast Arizona during March, with the exception of western Pima County. Precipitation totals for the month totaled 0.5 to 1.5 inches in some areas or 75 to 125 percent of normal, but many areas only received between 0.1 and 0.5 inch, or 15 to 75 percent of normal. Soil moisture readings remained very low, below the 5th percentile ranking across Santa Cruz, eastern Pima and Pinal and western Graham counties and below the 10th percentile ranking elsewhere. Levels at San Carlos Reservoir fell to less than 1 percent of storage capacity. Around 20 small wild land fires occurred during the month, but all were quickly suppressed.",89
948900,TUCSON METRO AREA (ZONE), ,03/01/2021,0,Drought, , ,0,0,0,0,AZ,MST-7, ,156028,Z,504,TWC,0,0,Drought Monitor, , , , , , , , ,03/31/2021,2359, , , , ,"The exceptional (D4) and extreme (D3) drought categories continued across a large part of southeast Arizona during March, with the exception of western Pima County. Precipitation totals for the month totaled 0.5 to 1.5 inches in some areas or 75 to 125 percent of normal, but many areas only received between 0.1 and 0.5 inch, or 15 to 75 percent of normal. Soil moisture readings remained very low, below the 5th percentile ranking across Santa Cruz, eastern Pima and Pinal and western Graham counties and below the 10th percentile ranking elsewhere. Levels at San Carlos Reservoir fell to less than 1 percent of storage capacity. Around 20 small wild land fires occurred during the month, but all were quickly suppressed.","The exceptional (D4) and extreme (D3) drought categories continued across a large part of southeast Arizona during March, with the exception of western Pima County. Precipitation totals for the month totaled 0.5 to 1.5 inches in some areas or 75 to 125 percent of normal, but many areas only received between 0.1 and 0.5 inch, or 15 to 75 percent of normal. Soil moisture readings remained very low, below the 5th percentile ranking across Santa Cruz, eastern Pima and Pinal and western Graham counties and below the 10th percentile ranking elsewhere. Levels at San Carlos Reservoir fell to less than 1 percent of storage capacity. Around 20 small wild land fires occurred during the month, but all were quickly suppressed.",90
948901,SOUTH CENTRAL PINAL COUNTY (ZONE), ,03/01/2021,0,Drought, , ,0,0,0,0,AZ,MST-7, ,156028,Z,505,TWC,0,0,Drought Monitor, , , , , , , , ,03/31/2021,2359, , , , ,"The exceptional (D4) and extreme (D3) drought categories continued across a large part of southeast Arizona during March, with the exception of western Pima County. Precipitation totals for the month totaled 0.5 to 1.5 inches in some areas or 75 to 125 percent of normal, but many areas only received between 0.1 and 0.5 inch, or 15 to 75 percent of normal. Soil moisture readings remained very low, below the 5th percentile ranking across Santa Cruz, eastern Pima and Pinal and western Graham counties and below the 10th percentile ranking elsewhere. Levels at San Carlos Reservoir fell to less than 1 percent of storage capacity. Around 20 small wild land fires occurred during the month, but all were quickly suppressed.","The exceptional (D4) and extreme (D3) drought categories continued across a large part of southeast Arizona during March, with the exception of western Pima County. Precipitation totals for the month totaled 0.5 to 1.5 inches in some areas or 75 to 125 percent of normal, but many areas only received between 0.1 and 0.5 inch, or 15 to 75 percent of normal. Soil moisture readings remained very low, below the 5th percentile ranking across Santa Cruz, eastern Pima and Pinal and western Graham counties and below the 10th percentile ranking elsewhere. Levels at San Carlos Reservoir fell to less than 1 percent of storage capacity. Around 20 small wild land fires occurred during the month, but all were quickly suppressed.",91
948902,SOUTHEAST PINAL COUNTY (ZONE), ,03/01/2021,0,Drought, , ,0,0,0,0,AZ,MST-7, ,156028,Z,506,TWC,0,0,Drought Monitor, , , , , , , , ,03/31/2021,2359, , , , ,"The exceptional (D4) and extreme (D3) drought categories continued across a large part of southeast Arizona during March, with the exception of western Pima County. Precipitation totals for the month totaled 0.5 to 1.5 inches in some areas or 75 to 125 percent of normal, but many areas only received between 0.1 and 0.5 inch, or 15 to 75 percent of normal. Soil moisture readings remained very low, below the 5th percentile ranking across Santa Cruz, eastern Pima and Pinal and western Graham counties and below the 10th percentile ranking elsewhere. Levels at San Carlos Reservoir fell to less than 1 percent of storage capacity. Around 20 small wild land fires occurred during the month, but all were quickly suppressed.","The exceptional (D4) and extreme (D3) drought categories continued across a large part of southeast Arizona during March, with the exception of western Pima County. Precipitation totals for the month totaled 0.5 to 1.5 inches in some areas or 75 to 125 percent of normal, but many areas only received between 0.1 and 0.5 inch, or 15 to 75 percent of normal. Soil moisture readings remained very low, below the 5th percentile ranking across Santa Cruz, eastern Pima and Pinal and western Graham counties and below the 10th percentile ranking elsewhere. Levels at San Carlos Reservoir fell to less than 1 percent of storage capacity. Around 20 small wild land fires occurred during the month, but all were quickly suppressed.",92
948903,UPPER SAN PEDRO RIVER VALLEY (ZONE), ,03/01/2021,0,Drought, , ,0,0,0,0,AZ,MST-7, ,156028,Z,507,TWC,0,0,Drought Monitor, , , , , , , , ,03/31/2021,2359, , , , ,"The exceptional (D4) and extreme (D3) drought categories continued across a large part of southeast Arizona during March, with the exception of western Pima County. Precipitation totals for the month totaled 0.5 to 1.5 inches in some areas or 75 to 125 percent of normal, but many areas only received between 0.1 and 0.5 inch, or 15 to 75 percent of normal. Soil moisture readings remained very low, below the 5th percentile ranking across Santa Cruz, eastern Pima and Pinal and western Graham counties and below the 10th percentile ranking elsewhere. Levels at San Carlos Reservoir fell to less than 1 percent of storage capacity. Around 20 small wild land fires occurred during the month, but all were quickly suppressed.","The exceptional (D4) and extreme (D3) drought categories continued across a large part of southeast Arizona during March, with the exception of western Pima County. Precipitation totals for the month totaled 0.5 to 1.5 inches in some areas or 75 to 125 percent of normal, but many areas only received between 0.1 and 0.5 inch, or 15 to 75 percent of normal. Soil moisture readings remained very low, below the 5th percentile ranking across Santa Cruz, eastern Pima and Pinal and western Graham counties and below the 10th percentile ranking elsewhere. Levels at San Carlos Reservoir fell to less than 1 percent of storage capacity. Around 20 small wild land fires occurred during the month, but all were quickly suppressed.",93
948904,EASTERN COCHISE COUNTY BELOW 5000 FEET (ZONE), ,03/01/2021,0,Drought, , ,0,0,0,0,AZ,MST-7, ,156028,Z,508,TWC,0,0,Drought Monitor, , , , , , , , ,03/31/2021,2359, , , , ,"The exceptional (D4) and extreme (D3) drought categories continued across a large part of southeast Arizona during March, with the exception of western Pima County. Precipitation totals for the month totaled 0.5 to 1.5 inches in some areas or 75 to 125 percent of normal, but many areas only received between 0.1 and 0.5 inch, or 15 to 75 percent of normal. Soil moisture readings remained very low, below the 5th percentile ranking across Santa Cruz, eastern Pima and Pinal and western Graham counties and below the 10th percentile ranking elsewhere. Levels at San Carlos Reservoir fell to less than 1 percent of storage capacity. Around 20 small wild land fires occurred during the month, but all were quickly suppressed.","The exceptional (D4) and extreme (D3) drought categories continued across a large part of southeast Arizona during March, with the exception of western Pima County. Precipitation totals for the month totaled 0.5 to 1.5 inches in some areas or 75 to 125 percent of normal, but many areas only received between 0.1 and 0.5 inch, or 15 to 75 percent of normal. Soil moisture readings remained very low, below the 5th percentile ranking across Santa Cruz, eastern Pima and Pinal and western Graham counties and below the 10th percentile ranking elsewhere. Levels at San Carlos Reservoir fell to less than 1 percent of storage capacity. Around 20 small wild land fires occurred during the month, but all were quickly suppressed.",94
948905,UPPER GILA RIVER AND ARAVAIPA VALLEYS (ZONE), ,03/01/2021,0,Drought, , ,0,0,0,0,AZ,MST-7, ,156028,Z,509,TWC,0,0,Drought Monitor, , , , , , , , ,03/31/2021,2359, , , , ,"The exceptional (D4) and extreme (D3) drought categories continued across a large part of southeast Arizona during March, with the exception of western Pima County. Precipitation totals for the month totaled 0.5 to 1.5 inches in some areas or 75 to 125 percent of normal, but many areas only received between 0.1 and 0.5 inch, or 15 to 75 percent of normal. Soil moisture readings remained very low, below the 5th percentile ranking across Santa Cruz, eastern Pima and Pinal and western Graham counties and below the 10th percentile ranking elsewhere. Levels at San Carlos Reservoir fell to less than 1 percent of storage capacity. Around 20 small wild land fires occurred during the month, but all were quickly suppressed.","The exceptional (D4) and extreme (D3) drought categories continued across a large part of southeast Arizona during March, with the exception of western Pima County. Precipitation totals for the month totaled 0.5 to 1.5 inches in some areas or 75 to 125 percent of normal, but many areas only received between 0.1 and 0.5 inch, or 15 to 75 percent of normal. Soil moisture readings remained very low, below the 5th percentile ranking across Santa Cruz, eastern Pima and Pinal and western Graham counties and below the 10th percentile ranking elsewhere. Levels at San Carlos Reservoir fell to less than 1 percent of storage capacity. Around 20 small wild land fires occurred during the month, but all were quickly suppressed.",95
948906,WHITE MOUNTAINS OF GRAHAM AND GREENLEE COUNTIES (ZONE), ,03/01/2021,0,Drought, , ,0,0,0,0,AZ,MST-7, ,156028,Z,510,TWC,0,0,Drought Monitor, , , , , , , , ,03/31/2021,2359, , , , ,"The exceptional (D4) and extreme (D3) drought categories continued across a large part of southeast Arizona during March, with the exception of western Pima County. Precipitation totals for the month totaled 0.5 to 1.5 inches in some areas or 75 to 125 percent of normal, but many areas only received between 0.1 and 0.5 inch, or 15 to 75 percent of normal. Soil moisture readings remained very low, below the 5th percentile ranking across Santa Cruz, eastern Pima and Pinal and western Graham counties and below the 10th percentile ranking elsewhere. Levels at San Carlos Reservoir fell to less than 1 percent of storage capacity. Around 20 small wild land fires occurred during the month, but all were quickly suppressed.","The exceptional (D4) and extreme (D3) drought categories continued across a large part of southeast Arizona during March, with the exception of western Pima County. Precipitation totals for the month totaled 0.5 to 1.5 inches in some areas or 75 to 125 percent of normal, but many areas only received between 0.1 and 0.5 inch, or 15 to 75 percent of normal. Soil moisture readings remained very low, below the 5th percentile ranking across Santa Cruz, eastern Pima and Pinal and western Graham counties and below the 10th percentile ranking elsewhere. Levels at San Carlos Reservoir fell to less than 1 percent of storage capacity. Around 20 small wild land fires occurred during the month, but all were quickly suppressed.",96
948907,GALIURO AND PINALENO MOUNTAINS (ZONE), ,03/01/2021,0,Drought, , ,0,0,0,0,AZ,MST-7, ,156028,Z,511,TWC,0,0,Drought Monitor, , , , , , , , ,03/31/2021,2359, , , , ,"The exceptional (D4) and extreme (D3) drought categories continued across a large part of southeast Arizona during March, with the exception of western Pima County. Precipitation totals for the month totaled 0.5 to 1.5 inches in some areas or 75 to 125 percent of normal, but many areas only received between 0.1 and 0.5 inch, or 15 to 75 percent of normal. Soil moisture readings remained very low, below the 5th percentile ranking across Santa Cruz, eastern Pima and Pinal and western Graham counties and below the 10th percentile ranking elsewhere. Levels at San Carlos Reservoir fell to less than 1 percent of storage capacity. Around 20 small wild land fires occurred during the month, but all were quickly suppressed.","The exceptional (D4) and extreme (D3) drought categories continued across a large part of southeast Arizona during March, with the exception of western Pima County. Precipitation totals for the month totaled 0.5 to 1.5 inches in some areas or 75 to 125 percent of normal, but many areas only received between 0.1 and 0.5 inch, or 15 to 75 percent of normal. Soil moisture readings remained very low, below the 5th percentile ranking across Santa Cruz, eastern Pima and Pinal and western Graham counties and below the 10th percentile ranking elsewhere. Levels at San Carlos Reservoir fell to less than 1 percent of storage capacity. Around 20 small wild land fires occurred during the month, but all were quickly suppressed.",97
948908,CHIRICAHUA MOUNTAINS (ZONE), ,03/01/2021,0,Drought, , ,0,0,0,0,AZ,MST-7, ,156028,Z,512,TWC,0,0,Drought Monitor, , , , , , , , ,03/31/2021,2359, , , , ,"The exceptional (D4) and extreme (D3) drought categories continued across a large part of southeast Arizona during March, with the exception of western Pima County. Precipitation totals for the month totaled 0.5 to 1.5 inches in some areas or 75 to 125 percent of normal, but many areas only received between 0.1 and 0.5 inch, or 15 to 75 percent of normal. Soil moisture readings remained very low, below the 5th percentile ranking across Santa Cruz, eastern Pima and Pinal and western Graham counties and below the 10th percentile ranking elsewhere. Levels at San Carlos Reservoir fell to less than 1 percent of storage capacity. Around 20 small wild land fires occurred during the month, but all were quickly suppressed.","The exceptional (D4) and extreme (D3) drought categories continued across a large part of southeast Arizona during March, with the exception of western Pima County. Precipitation totals for the month totaled 0.5 to 1.5 inches in some areas or 75 to 125 percent of normal, but many areas only received between 0.1 and 0.5 inch, or 15 to 75 percent of normal. Soil moisture readings remained very low, below the 5th percentile ranking across Santa Cruz, eastern Pima and Pinal and western Graham counties and below the 10th percentile ranking elsewhere. Levels at San Carlos Reservoir fell to less than 1 percent of storage capacity. Around 20 small wild land fires occurred during the month, but all were quickly suppressed.",98
948909,DRAGOON/MULE/HUACHUCA AND SANTA RITA MOUNTAINS (ZONE), ,03/01/2021,0,Drought, , ,0,0,0,0,AZ,MST-7, ,156028,Z,513,TWC,0,0,Drought Monitor, , , , , , , , ,03/31/2021,2359, , , , ,"The exceptional (D4) and extreme (D3) drought categories continued across a large part of southeast Arizona during March, with the exception of western Pima County. Precipitation totals for the month totaled 0.5 to 1.5 inches in some areas or 75 to 125 percent of normal, but many areas only received between 0.1 and 0.5 inch, or 15 to 75 percent of normal. Soil moisture readings remained very low, below the 5th percentile ranking across Santa Cruz, eastern Pima and Pinal and western Graham counties and below the 10th percentile ranking elsewhere. Levels at San Carlos Reservoir fell to less than 1 percent of storage capacity. Around 20 small wild land fires occurred during the month, but all were quickly suppressed.","The exceptional (D4) and extreme (D3) drought categories continued across a large part of southeast Arizona during March, with the exception of western Pima County. Precipitation totals for the month totaled 0.5 to 1.5 inches in some areas or 75 to 125 percent of normal, but many areas only received between 0.1 and 0.5 inch, or 15 to 75 percent of normal. Soil moisture readings remained very low, below the 5th percentile ranking across Santa Cruz, eastern Pima and Pinal and western Graham counties and below the 10th percentile ranking elsewhere. Levels at San Carlos Reservoir fell to less than 1 percent of storage capacity. Around 20 small wild land fires occurred during the month, but all were quickly suppressed.",99
948914,SOUTH CENTRAL PINAL COUNTY (ZONE), ,03/03/2021,1415,Dust Storm, , ,0,0,50000,0,AZ,MST-7, ,156987,Z,505,TWC,13,0,Department of Highways, , , , , , , , ,03/03/2021,1545, , , , ,"Strong south winds created areas of blowing dust in south central Pinal County. Visibility was reduced to less than a quarter mile along Interstate 10 near Picacho and resulted in a multi-vehicle accident and a closure of the east bound lanes of the interstate for 60-90 minutes. Thirteen motorists were injured. Five people were taken to the hospital but none of the injuries were life threatening.","Strong winds created areas of blowing dust that reduced visibility to less than a quarter mile and resulted in a multi-vehicle accident and closure of Interstate 10 in Pinal County.  Several injuries to motorists occurred.",100
943230,APACHE JUNCTION/GOLD CANYON (ZONE), ,03/03/2021,1700,Strong Wind,43.00, ,0,0,1000,0,AZ,MST-7,EG,156274,Z,555,PSR,0,0,Trained Spotter, , , , , , , , ,03/03/2021,1700, , , , ,"Strong wind gusts up to 50-55 mph caused minor damage to the roof of a residence in Apache Junction near Broadway Rd and Ironwood Rd. A trained spotter reported asphalt roof tiles in a 4 foot by 5 foot area were blown off. No other damage was reported and there were no injuries.","A strong low pressure system led to very strong gradient winds across south-central Arizona on the 3rd. Southerly to southwesterly wind gusts were measured upwards of 45-55 mph from late morning through the afternoon. The winds produced widespread blowing dust in Pinal and eastern Maricopa counties. The winds and dust created difficult to dangerous travel conditions, especially along I-10, and a residence in Apache Junction saw minor roof damage. A wind advisory and several blowing dust advisories were issued.",101
938875,NORTHWEST DESERTS (ZONE), ,03/03/2021,1751,High Wind,51.00, ,0,0,5000,0,AZ,MST-7,MG,155649,Z,3,VEF,0,0,Emergency Manager, , , , , , , , ,03/03/2021,1800, , , , ,"The peak measured gust occurred at the Kingman Airport (KIGM). A power line was also blown down in the city of Kingman.","A Pacific low pressure system brought gusty south winds to the Mojave Desert, with isolated high winds observed.",102
950589,LITTLE COLORADO RIVER VALLEY IN APACHE COUNTY (ZONE), ,03/09/2021,1415,High Wind,51.00, ,0,0,0,0,AZ,MST-7,MG,157254,Z,14,FGZ,0,0,ASOS, , , , , , , , ,03/09/2021,1655, , , , ,"The Springerville Airport reported sustained wind speeds of 40 MPH or higher between 215 PM and 455 PM.  The peak wind gust of 59 MPH was recorded at 315 PM MST.","A large area of low pressure moving south off  the West Coast and a short wave rotating around this low brought strong southwest to parts of northern Arizona.",103
950591,LITTLE COLORADO RIVER VALLEY IN NAVAJO COUNTY (ZONE), ,03/09/2021,1633,High Wind,50.00, ,0,0,0,0,AZ,MST-7,MG,157254,Z,13,FGZ,0,0,Department of Highways, , , , , , , , ,03/09/2021,1633, , , , ,"The ADOT wind sensor at 14 Mile Hill on Highway 377 reported a peak wind gust of 58 MPH at 433 PM MST.","A large area of low pressure moving south off  the West Coast and a short wave rotating around this low brought strong southwest to parts of northern Arizona.",104
943166,NORTHWEST PINAL COUNTY (ZONE), ,03/09/2021,1720,Dust Storm, , ,0,0,0,0,AZ,MST-7, ,156273,Z,553,PSR,0,0,Department of Highways, , , , , , , , ,03/09/2021,1810, , , , ,"Around 5 PM MST, a dust channel was noticed on satellite. At roughly 5:20 PM MST, an Arizona Department of Transportation (ADOT) webcam showed visibility within this dust channel had fallen to or below a quarter of a mile along Highway 347 between the town of Maricopa and the greater Phoenix area. A dust storm warning was issued in response. Visibility improved on the webcam at around 6:10 PM MST. Wind gusts in the area were observed up to 40-45 mph. No traffic incidents were reported on Highway 347 due to the dust and winds.","A strong pressure gradient developed across the Desert Southwest with a passing trough on the 9th. This gradient produced strong surface wind gusts up to 35-45 mph, which was strong enough to create patchy blowing dust and even a dense channel of blowing dust in northwest Pinal county in the afternoon. The channel of dust blew across Highway 347 north of Maricopa and lowered visibility to 0.25 miles or less. No accidents were reported.",105
950622,WESTERN MOGOLLON RIM (ZONE), ,03/11/2021,1700,Heavy Snow, , ,0,0,0,0,AZ,MST-7, ,157256,Z,15,FGZ,0,0,Trained Spotter, , , , , , , , ,03/14/2021,400, , , , ,"Snow began to fall over the Western Mogollon Rim late in the afternoon on March 11th. The snow continued to fall through the morning of March 14th.  The heaviest snow fell during the first night of the event. Heavy snow criteria was met before noon on March 12th for many locations across the Western Mogollon Rim. Snow then continued to fall at lighter intensities into the early morning hours of March 14 before ending.  Some of the snowfall totals include (in inches): Flagstaff and Kachina Village 12-17, Belelmont 11.5,  5WSW Parks 16.5, and  Parks 11.8.","A slow moving large area of low pressure brought precipitation over northern Arizona for several days.  Some area received heavy amounts of snow.",106
950623,OAK CREEK AND SYCAMORE CANYONS (ZONE), ,03/11/2021,1900,Heavy Snow, , ,0,0,0,0,AZ,MST-7, ,157256,Z,38,FGZ,0,0,COOP Observer, , , , , , , , ,03/12/2021,1900, , , , ,"Slide Rock State Park (just below 5000 feet) reported 4 inches of snow by 330 PM on March 11th.","A slow moving large area of low pressure brought precipitation over northern Arizona for several days.  Some area received heavy amounts of snow.",107
951212,NORTHERN GILA COUNTY (ZONE), ,03/12/2021,1800,Heavy Snow, , ,0,0,0,0,AZ,MST-7, ,157256,Z,18,FGZ,0,0,Public, , , , , , , , ,03/13/2021,2230, , , , ,"Two 2 inches fell overnight Friday into Saturday (March 12-13) and four 4 inches additional fell on Saturday evening.  The elevation was just below 4,800 feet.","A slow moving large area of low pressure brought precipitation over northern Arizona for several days.  Some area received heavy amounts of snow.",108
951218,WESTERN MOGOLLON RIM (ZONE), ,03/23/2021,600,Heavy Snow, , ,0,0,0,0,AZ,MST-7, ,157358,Z,15,FGZ,0,0,Official NWS Observations, , , , , , , , ,03/24/2021,600, , , , ,"The Flagstaff area received 3 to 9 inches of snow. Other areas include (in inches):  13 miles NNW Flagstaff (8,200 feet) 9.4, Williams 4-8, and Doney Park 3-8.","A cold trough moved southward through Nevada and closed off over Arizona as it shifted eastward into New Mexico. This produces showery weather over much of northern Arizona with a band of heavier snow just ahead of the low.  The heavier precipitation fell along a line from Williams to Window Rock.",109
946877,LAKE HAVASU AND FORT MOHAVE (ZONE), ,03/23/2021,1435,Strong Wind,43.00, ,0,0,2000,0,AZ,MST-7,EG,156669,Z,2,VEF,0,0,Trained Spotter, , , , , , , , ,03/23/2021,1440, , , , ,"Two carports in Lake Havasu City were damaged.","A cold upper level low helped fuel a mix of showers and virga over the Mojave Desert. One virga shaft produced a microburst which caused minor damage.",110
951416,LITTLE COLORADO RIVER VALLEY IN COCONINO COUNTY (ZONE), ,03/23/2021,1700,Heavy Snow, , ,0,0,0,0,AZ,MST-7, ,157358,Z,12,FGZ,0,0,Public, , , , , , , , ,03/24/2021,1000, , , , ,"Ten inches of snow fell 5 miles north of Angell at an elevation of around 5,600 feet.","A cold trough moved southward through Nevada and closed off over Arizona as it shifted eastward into New Mexico. This produces showery weather over much of northern Arizona with a band of heavier snow just ahead of the low.  The heavier precipitation fell along a line from Williams to Window Rock.",111
951219,LITTLE COLORADO RIVER VALLEY IN APACHE COUNTY (ZONE), ,03/23/2021,2000,Heavy Snow, , ,0,0,0,0,AZ,MST-7, ,157358,Z,14,FGZ,0,0,Public, , , , , , , , ,03/24/2021,1900, , , , ,"Very heavy snow developed over the Little Colorado River Valley in Apache County. The community of Witch Well received 19.5 inches of snow. The Concho area received 8 inches of new snow.","A cold trough moved southward through Nevada and closed off over Arizona as it shifted eastward into New Mexico. This produces showery weather over much of northern Arizona with a band of heavier snow just ahead of the low.  The heavier precipitation fell along a line from Williams to Window Rock.",112
955617,SOUTH CENTRAL PINAL COUNTY (ZONE), ,04/01/2021,0,Drought, , ,0,0,0,0,AZ,MST-7, ,157154,Z,505,TWC,0,0,Drought Monitor, , , , , , , , ,04/30/2021,2359, , , , ,"The exceptional (D4) and extreme (D3) drought categories continued across a large part of southeast Arizona during April, with the exception of western Pima County. |Precipitation totals for the month totaled less than 0.25 inch, or less than 25 percent of normal, in most areas, but a few locations from the Mogollon Rim across western Graham/eastern Pinal counties into east central Pima County received between 0.25 and 0.75 inch of rain. Soil moisture readings remained very low, below the 5th percentile ranking across Santa Cruz, eastern Pima and Pinal and western Graham counties and below the 10th percentile ranking elsewhere. Levels at San Carlos Reservoir fell close to zero percent of capacity with only 50 acre-feet--the lowest level in more than a decade. At least a dozen small wild land fires occurred during the month, three of which  grew to over 1000 acres due to dry conditions and gusty winds.","The exceptional (D4) and extreme (D3) drought categories continued across a large part of southeast Arizona during April, with the exception of western Pima County. |Precipitation totals for the month totaled less than 0.25 inch, or less than 25 percent of normal, in most areas, but a few locations from the Mogollon Rim across western Graham/eastern Pinal counties into east central Pima County received between 0.25 and 0.75 inch of rain. Soil moisture readings remained very low, below the 5th percentile ranking across Santa Cruz, eastern Pima and Pinal and western Graham counties and below the 10th percentile ranking elsewhere. Levels at San Carlos Reservoir fell close to zero percent of capacity with only 50 acre-feet--the lowest level in more than a decade. At least a dozen small wild land fires occurred during the month, three of which  grew to over 1000 acres due to dry conditions and gusty winds.",113
955615,UPPER SANTA CRUZ RIVER AND ALTAR VALLEYS (ZONE), ,04/01/2021,0,Drought, , ,0,0,0,0,AZ,MST-7, ,157154,Z,503,TWC,0,0,Drought Monitor, , , , , , , , ,04/30/2021,2359, , , , ,"The exceptional (D4) and extreme (D3) drought categories continued across a large part of southeast Arizona during April, with the exception of western Pima County. |Precipitation totals for the month totaled less than 0.25 inch, or less than 25 percent of normal, in most areas, but a few locations from the Mogollon Rim across western Graham/eastern Pinal counties into east central Pima County received between 0.25 and 0.75 inch of rain. Soil moisture readings remained very low, below the 5th percentile ranking across Santa Cruz, eastern Pima and Pinal and western Graham counties and below the 10th percentile ranking elsewhere. Levels at San Carlos Reservoir fell close to zero percent of capacity with only 50 acre-feet--the lowest level in more than a decade. At least a dozen small wild land fires occurred during the month, three of which  grew to over 1000 acres due to dry conditions and gusty winds.","The exceptional (D4) and extreme (D3) drought categories continued across a large part of southeast Arizona during April, with the exception of western Pima County. |Precipitation totals for the month totaled less than 0.25 inch, or less than 25 percent of normal, in most areas, but a few locations from the Mogollon Rim across western Graham/eastern Pinal counties into east central Pima County received between 0.25 and 0.75 inch of rain. Soil moisture readings remained very low, below the 5th percentile ranking across Santa Cruz, eastern Pima and Pinal and western Graham counties and below the 10th percentile ranking elsewhere. Levels at San Carlos Reservoir fell close to zero percent of capacity with only 50 acre-feet--the lowest level in more than a decade. At least a dozen small wild land fires occurred during the month, three of which  grew to over 1000 acres due to dry conditions and gusty winds.",114
955616,TUCSON METRO AREA (ZONE), ,04/01/2021,0,Drought, , ,0,0,0,0,AZ,MST-7, ,157154,Z,504,TWC,0,0,Drought Monitor, , , , , , , , ,04/30/2021,2359, , , , ,"The exceptional (D4) and extreme (D3) drought categories continued across a large part of southeast Arizona during April, with the exception of western Pima County. |Precipitation totals for the month totaled less than 0.25 inch, or less than 25 percent of normal, in most areas, but a few locations from the Mogollon Rim across western Graham/eastern Pinal counties into east central Pima County received between 0.25 and 0.75 inch of rain. Soil moisture readings remained very low, below the 5th percentile ranking across Santa Cruz, eastern Pima and Pinal and western Graham counties and below the 10th percentile ranking elsewhere. Levels at San Carlos Reservoir fell close to zero percent of capacity with only 50 acre-feet--the lowest level in more than a decade. At least a dozen small wild land fires occurred during the month, three of which  grew to over 1000 acres due to dry conditions and gusty winds.","The exceptional (D4) and extreme (D3) drought categories continued across a large part of southeast Arizona during April, with the exception of western Pima County. |Precipitation totals for the month totaled less than 0.25 inch, or less than 25 percent of normal, in most areas, but a few locations from the Mogollon Rim across western Graham/eastern Pinal counties into east central Pima County received between 0.25 and 0.75 inch of rain. Soil moisture readings remained very low, below the 5th percentile ranking across Santa Cruz, eastern Pima and Pinal and western Graham counties and below the 10th percentile ranking elsewhere. Levels at San Carlos Reservoir fell close to zero percent of capacity with only 50 acre-feet--the lowest level in more than a decade. At least a dozen small wild land fires occurred during the month, three of which  grew to over 1000 acres due to dry conditions and gusty winds.",115
955618,SOUTHEAST PINAL COUNTY (ZONE), ,04/01/2021,0,Drought, , ,0,0,0,0,AZ,MST-7, ,157154,Z,506,TWC,0,0,Drought Monitor, , , , , , , , ,04/30/2021,2359, , , , ,"The exceptional (D4) and extreme (D3) drought categories continued across a large part of southeast Arizona during April, with the exception of western Pima County. |Precipitation totals for the month totaled less than 0.25 inch, or less than 25 percent of normal, in most areas, but a few locations from the Mogollon Rim across western Graham/eastern Pinal counties into east central Pima County received between 0.25 and 0.75 inch of rain. Soil moisture readings remained very low, below the 5th percentile ranking across Santa Cruz, eastern Pima and Pinal and western Graham counties and below the 10th percentile ranking elsewhere. Levels at San Carlos Reservoir fell close to zero percent of capacity with only 50 acre-feet--the lowest level in more than a decade. At least a dozen small wild land fires occurred during the month, three of which  grew to over 1000 acres due to dry conditions and gusty winds.","The exceptional (D4) and extreme (D3) drought categories continued across a large part of southeast Arizona during April, with the exception of western Pima County. |Precipitation totals for the month totaled less than 0.25 inch, or less than 25 percent of normal, in most areas, but a few locations from the Mogollon Rim across western Graham/eastern Pinal counties into east central Pima County received between 0.25 and 0.75 inch of rain. Soil moisture readings remained very low, below the 5th percentile ranking across Santa Cruz, eastern Pima and Pinal and western Graham counties and below the 10th percentile ranking elsewhere. Levels at San Carlos Reservoir fell close to zero percent of capacity with only 50 acre-feet--the lowest level in more than a decade. At least a dozen small wild land fires occurred during the month, three of which  grew to over 1000 acres due to dry conditions and gusty winds.",116
955624,GALIURO AND PINALENO MOUNTAINS (ZONE), ,04/01/2021,0,Drought, , ,0,0,0,0,AZ,MST-7, ,157154,Z,511,TWC,0,0,Drought Monitor, , , , , , , , ,04/30/2021,2359, , , , ,"The exceptional (D4) and extreme (D3) drought categories continued across a large part of southeast Arizona during April, with the exception of western Pima County. |Precipitation totals for the month totaled less than 0.25 inch, or less than 25 percent of normal, in most areas, but a few locations from the Mogollon Rim across western Graham/eastern Pinal counties into east central Pima County received between 0.25 and 0.75 inch of rain. Soil moisture readings remained very low, below the 5th percentile ranking across Santa Cruz, eastern Pima and Pinal and western Graham counties and below the 10th percentile ranking elsewhere. Levels at San Carlos Reservoir fell close to zero percent of capacity with only 50 acre-feet--the lowest level in more than a decade. At least a dozen small wild land fires occurred during the month, three of which  grew to over 1000 acres due to dry conditions and gusty winds.","The exceptional (D4) and extreme (D3) drought categories continued across a large part of southeast Arizona during April, with the exception of western Pima County. |Precipitation totals for the month totaled less than 0.25 inch, or less than 25 percent of normal, in most areas, but a few locations from the Mogollon Rim across western Graham/eastern Pinal counties into east central Pima County received between 0.25 and 0.75 inch of rain. Soil moisture readings remained very low, below the 5th percentile ranking across Santa Cruz, eastern Pima and Pinal and western Graham counties and below the 10th percentile ranking elsewhere. Levels at San Carlos Reservoir fell close to zero percent of capacity with only 50 acre-feet--the lowest level in more than a decade. At least a dozen small wild land fires occurred during the month, three of which  grew to over 1000 acres due to dry conditions and gusty winds.",117
952970,TOHONO O ODHAM NATION (ZONE), ,04/01/2021,0,Drought, , ,0,0,0,0,AZ,MST-7, ,157154,Z,502,TWC,0,0,Drought Monitor, , , , , , , , ,04/30/2021,2359, , , , ,"The exceptional (D4) and extreme (D3) drought categories continued across a large part of southeast Arizona during April, with the exception of western Pima County. |Precipitation totals for the month totaled less than 0.25 inch, or less than 25 percent of normal, in most areas, but a few locations from the Mogollon Rim across western Graham/eastern Pinal counties into east central Pima County received between 0.25 and 0.75 inch of rain. Soil moisture readings remained very low, below the 5th percentile ranking across Santa Cruz, eastern Pima and Pinal and western Graham counties and below the 10th percentile ranking elsewhere. Levels at San Carlos Reservoir fell close to zero percent of capacity with only 50 acre-feet--the lowest level in more than a decade. At least a dozen small wild land fires occurred during the month, three of which  grew to over 1000 acres due to dry conditions and gusty winds.","The exceptional (D4) and extreme (D3) drought categories continued across a large part of southeast Arizona during April, with the exception of western Pima County. |Precipitation totals for the month totaled less than 0.25 inch, or less than 25 percent of normal, in most areas, but a few locations from the Mogollon Rim across western Graham/eastern Pinal counties into east central Pima County received between 0.25 and 0.75 inch of rain. Soil moisture readings remained very low, below the 5th percentile ranking across Santa Cruz, eastern Pima and Pinal and western Graham counties and below the 10th percentile ranking elsewhere. Levels at San Carlos Reservoir fell close to zero percent of capacity with only 50 acre-feet--the lowest level in more than a decade. At least a dozen small wild land fires occurred during the month, three of which  grew to over 1000 acres due to dry conditions and gusty winds.",118
955625,CHIRICAHUA MOUNTAINS (ZONE), ,04/01/2021,0,Drought, , ,0,0,0,0,AZ,MST-7, ,157154,Z,512,TWC,0,0,Drought Monitor, , , , , , , , ,04/30/2021,2359, , , , ,"The exceptional (D4) and extreme (D3) drought categories continued across a large part of southeast Arizona during April, with the exception of western Pima County. |Precipitation totals for the month totaled less than 0.25 inch, or less than 25 percent of normal, in most areas, but a few locations from the Mogollon Rim across western Graham/eastern Pinal counties into east central Pima County received between 0.25 and 0.75 inch of rain. Soil moisture readings remained very low, below the 5th percentile ranking across Santa Cruz, eastern Pima and Pinal and western Graham counties and below the 10th percentile ranking elsewhere. Levels at San Carlos Reservoir fell close to zero percent of capacity with only 50 acre-feet--the lowest level in more than a decade. At least a dozen small wild land fires occurred during the month, three of which  grew to over 1000 acres due to dry conditions and gusty winds.","The exceptional (D4) and extreme (D3) drought categories continued across a large part of southeast Arizona during April, with the exception of western Pima County. |Precipitation totals for the month totaled less than 0.25 inch, or less than 25 percent of normal, in most areas, but a few locations from the Mogollon Rim across western Graham/eastern Pinal counties into east central Pima County received between 0.25 and 0.75 inch of rain. Soil moisture readings remained very low, below the 5th percentile ranking across Santa Cruz, eastern Pima and Pinal and western Graham counties and below the 10th percentile ranking elsewhere. Levels at San Carlos Reservoir fell close to zero percent of capacity with only 50 acre-feet--the lowest level in more than a decade. At least a dozen small wild land fires occurred during the month, three of which  grew to over 1000 acres due to dry conditions and gusty winds.",119
955619,UPPER SAN PEDRO RIVER VALLEY (ZONE), ,04/01/2021,0,Drought, , ,0,0,0,0,AZ,MST-7, ,157154,Z,507,TWC,0,0,Drought Monitor, , , , , , , , ,04/30/2021,2359, , , , ,"The exceptional (D4) and extreme (D3) drought categories continued across a large part of southeast Arizona during April, with the exception of western Pima County. |Precipitation totals for the month totaled less than 0.25 inch, or less than 25 percent of normal, in most areas, but a few locations from the Mogollon Rim across western Graham/eastern Pinal counties into east central Pima County received between 0.25 and 0.75 inch of rain. Soil moisture readings remained very low, below the 5th percentile ranking across Santa Cruz, eastern Pima and Pinal and western Graham counties and below the 10th percentile ranking elsewhere. Levels at San Carlos Reservoir fell close to zero percent of capacity with only 50 acre-feet--the lowest level in more than a decade. At least a dozen small wild land fires occurred during the month, three of which  grew to over 1000 acres due to dry conditions and gusty winds.","The exceptional (D4) and extreme (D3) drought categories continued across a large part of southeast Arizona during April, with the exception of western Pima County. |Precipitation totals for the month totaled less than 0.25 inch, or less than 25 percent of normal, in most areas, but a few locations from the Mogollon Rim across western Graham/eastern Pinal counties into east central Pima County received between 0.25 and 0.75 inch of rain. Soil moisture readings remained very low, below the 5th percentile ranking across Santa Cruz, eastern Pima and Pinal and western Graham counties and below the 10th percentile ranking elsewhere. Levels at San Carlos Reservoir fell close to zero percent of capacity with only 50 acre-feet--the lowest level in more than a decade. At least a dozen small wild land fires occurred during the month, three of which  grew to over 1000 acres due to dry conditions and gusty winds.",120
955620,EASTERN COCHISE COUNTY BELOW 5000 FEET (ZONE), ,04/01/2021,0,Drought, , ,0,0,0,0,AZ,MST-7, ,157154,Z,508,TWC,0,0,Drought Monitor, , , , , , , , ,04/30/2021,2359, , , , ,"The exceptional (D4) and extreme (D3) drought categories continued across a large part of southeast Arizona during April, with the exception of western Pima County. |Precipitation totals for the month totaled less than 0.25 inch, or less than 25 percent of normal, in most areas, but a few locations from the Mogollon Rim across western Graham/eastern Pinal counties into east central Pima County received between 0.25 and 0.75 inch of rain. Soil moisture readings remained very low, below the 5th percentile ranking across Santa Cruz, eastern Pima and Pinal and western Graham counties and below the 10th percentile ranking elsewhere. Levels at San Carlos Reservoir fell close to zero percent of capacity with only 50 acre-feet--the lowest level in more than a decade. At least a dozen small wild land fires occurred during the month, three of which  grew to over 1000 acres due to dry conditions and gusty winds.","The exceptional (D4) and extreme (D3) drought categories continued across a large part of southeast Arizona during April, with the exception of western Pima County. |Precipitation totals for the month totaled less than 0.25 inch, or less than 25 percent of normal, in most areas, but a few locations from the Mogollon Rim across western Graham/eastern Pinal counties into east central Pima County received between 0.25 and 0.75 inch of rain. Soil moisture readings remained very low, below the 5th percentile ranking across Santa Cruz, eastern Pima and Pinal and western Graham counties and below the 10th percentile ranking elsewhere. Levels at San Carlos Reservoir fell close to zero percent of capacity with only 50 acre-feet--the lowest level in more than a decade. At least a dozen small wild land fires occurred during the month, three of which  grew to over 1000 acres due to dry conditions and gusty winds.",121
955626,DRAGOON/MULE/HUACHUCA AND SANTA RITA MOUNTAINS (ZONE), ,04/01/2021,0,Drought, , ,0,0,0,0,AZ,MST-7, ,157154,Z,513,TWC,0,0,Drought Monitor, , , , , , , , ,04/30/2021,2359, , , , ,"The exceptional (D4) and extreme (D3) drought categories continued across a large part of southeast Arizona during April, with the exception of western Pima County. |Precipitation totals for the month totaled less than 0.25 inch, or less than 25 percent of normal, in most areas, but a few locations from the Mogollon Rim across western Graham/eastern Pinal counties into east central Pima County received between 0.25 and 0.75 inch of rain. Soil moisture readings remained very low, below the 5th percentile ranking across Santa Cruz, eastern Pima and Pinal and western Graham counties and below the 10th percentile ranking elsewhere. Levels at San Carlos Reservoir fell close to zero percent of capacity with only 50 acre-feet--the lowest level in more than a decade. At least a dozen small wild land fires occurred during the month, three of which  grew to over 1000 acres due to dry conditions and gusty winds.","The exceptional (D4) and extreme (D3) drought categories continued across a large part of southeast Arizona during April, with the exception of western Pima County. |Precipitation totals for the month totaled less than 0.25 inch, or less than 25 percent of normal, in most areas, but a few locations from the Mogollon Rim across western Graham/eastern Pinal counties into east central Pima County received between 0.25 and 0.75 inch of rain. Soil moisture readings remained very low, below the 5th percentile ranking across Santa Cruz, eastern Pima and Pinal and western Graham counties and below the 10th percentile ranking elsewhere. Levels at San Carlos Reservoir fell close to zero percent of capacity with only 50 acre-feet--the lowest level in more than a decade. At least a dozen small wild land fires occurred during the month, three of which  grew to over 1000 acres due to dry conditions and gusty winds.",122
955621,UPPER GILA RIVER AND ARAVAIPA VALLEYS (ZONE), ,04/01/2021,0,Drought, , ,0,0,0,0,AZ,MST-7, ,157154,Z,509,TWC,0,0,Drought Monitor, , , , , , , , ,04/30/2021,2359, , , , ,"The exceptional (D4) and extreme (D3) drought categories continued across a large part of southeast Arizona during April, with the exception of western Pima County. |Precipitation totals for the month totaled less than 0.25 inch, or less than 25 percent of normal, in most areas, but a few locations from the Mogollon Rim across western Graham/eastern Pinal counties into east central Pima County received between 0.25 and 0.75 inch of rain. Soil moisture readings remained very low, below the 5th percentile ranking across Santa Cruz, eastern Pima and Pinal and western Graham counties and below the 10th percentile ranking elsewhere. Levels at San Carlos Reservoir fell close to zero percent of capacity with only 50 acre-feet--the lowest level in more than a decade. At least a dozen small wild land fires occurred during the month, three of which  grew to over 1000 acres due to dry conditions and gusty winds.","The exceptional (D4) and extreme (D3) drought categories continued across a large part of southeast Arizona during April, with the exception of western Pima County. |Precipitation totals for the month totaled less than 0.25 inch, or less than 25 percent of normal, in most areas, but a few locations from the Mogollon Rim across western Graham/eastern Pinal counties into east central Pima County received between 0.25 and 0.75 inch of rain. Soil moisture readings remained very low, below the 5th percentile ranking across Santa Cruz, eastern Pima and Pinal and western Graham counties and below the 10th percentile ranking elsewhere. Levels at San Carlos Reservoir fell close to zero percent of capacity with only 50 acre-feet--the lowest level in more than a decade. At least a dozen small wild land fires occurred during the month, three of which  grew to over 1000 acres due to dry conditions and gusty winds.",123
955627,SANTA CATALINA AND RINCON MOUNTAINS (ZONE), ,04/01/2021,0,Drought, , ,0,0,0,0,AZ,MST-7, ,157154,Z,514,TWC,0,0,Drought Monitor, , , , , , , , ,04/30/2021,2359, , , , ,"The exceptional (D4) and extreme (D3) drought categories continued across a large part of southeast Arizona during April, with the exception of western Pima County. |Precipitation totals for the month totaled less than 0.25 inch, or less than 25 percent of normal, in most areas, but a few locations from the Mogollon Rim across western Graham/eastern Pinal counties into east central Pima County received between 0.25 and 0.75 inch of rain. Soil moisture readings remained very low, below the 5th percentile ranking across Santa Cruz, eastern Pima and Pinal and western Graham counties and below the 10th percentile ranking elsewhere. Levels at San Carlos Reservoir fell close to zero percent of capacity with only 50 acre-feet--the lowest level in more than a decade. At least a dozen small wild land fires occurred during the month, three of which  grew to over 1000 acres due to dry conditions and gusty winds.","The exceptional (D4) and extreme (D3) drought categories continued across a large part of southeast Arizona during April, with the exception of western Pima County. |Precipitation totals for the month totaled less than 0.25 inch, or less than 25 percent of normal, in most areas, but a few locations from the Mogollon Rim across western Graham/eastern Pinal counties into east central Pima County received between 0.25 and 0.75 inch of rain. Soil moisture readings remained very low, below the 5th percentile ranking across Santa Cruz, eastern Pima and Pinal and western Graham counties and below the 10th percentile ranking elsewhere. Levels at San Carlos Reservoir fell close to zero percent of capacity with only 50 acre-feet--the lowest level in more than a decade. At least a dozen small wild land fires occurred during the month, three of which  grew to over 1000 acres due to dry conditions and gusty winds.",124
955622,WHITE MOUNTAINS OF GRAHAM AND GREENLEE COUNTIES (ZONE), ,04/01/2021,0,Drought, , ,0,0,0,0,AZ,MST-7, ,157154,Z,510,TWC,0,0,Drought Monitor, , , , , , , , ,04/30/2021,2359, , , , ,"The exceptional (D4) and extreme (D3) drought categories continued across a large part of southeast Arizona during April, with the exception of western Pima County. |Precipitation totals for the month totaled less than 0.25 inch, or less than 25 percent of normal, in most areas, but a few locations from the Mogollon Rim across western Graham/eastern Pinal counties into east central Pima County received between 0.25 and 0.75 inch of rain. Soil moisture readings remained very low, below the 5th percentile ranking across Santa Cruz, eastern Pima and Pinal and western Graham counties and below the 10th percentile ranking elsewhere. Levels at San Carlos Reservoir fell close to zero percent of capacity with only 50 acre-feet--the lowest level in more than a decade. At least a dozen small wild land fires occurred during the month, three of which  grew to over 1000 acres due to dry conditions and gusty winds.","The exceptional (D4) and extreme (D3) drought categories continued across a large part of southeast Arizona during April, with the exception of western Pima County. |Precipitation totals for the month totaled less than 0.25 inch, or less than 25 percent of normal, in most areas, but a few locations from the Mogollon Rim across western Graham/eastern Pinal counties into east central Pima County received between 0.25 and 0.75 inch of rain. Soil moisture readings remained very low, below the 5th percentile ranking across Santa Cruz, eastern Pima and Pinal and western Graham counties and below the 10th percentile ranking elsewhere. Levels at San Carlos Reservoir fell close to zero percent of capacity with only 50 acre-feet--the lowest level in more than a decade. At least a dozen small wild land fires occurred during the month, three of which  grew to over 1000 acres due to dry conditions and gusty winds.",125
955628,BABOQUIVARI MOUNTAINS (ZONE), ,04/01/2021,0,Drought, , ,0,0,0,0,AZ,MST-7, ,157154,Z,515,TWC,0,0,Drought Monitor, , , , , , , , ,04/30/2021,2359, , , , ,"The exceptional (D4) and extreme (D3) drought categories continued across a large part of southeast Arizona during April, with the exception of western Pima County. |Precipitation totals for the month totaled less than 0.25 inch, or less than 25 percent of normal, in most areas, but a few locations from the Mogollon Rim across western Graham/eastern Pinal counties into east central Pima County received between 0.25 and 0.75 inch of rain. Soil moisture readings remained very low, below the 5th percentile ranking across Santa Cruz, eastern Pima and Pinal and western Graham counties and below the 10th percentile ranking elsewhere. Levels at San Carlos Reservoir fell close to zero percent of capacity with only 50 acre-feet--the lowest level in more than a decade. At least a dozen small wild land fires occurred during the month, three of which  grew to over 1000 acres due to dry conditions and gusty winds.","The exceptional (D4) and extreme (D3) drought categories continued across a large part of southeast Arizona during April, with the exception of western Pima County. |Precipitation totals for the month totaled less than 0.25 inch, or less than 25 percent of normal, in most areas, but a few locations from the Mogollon Rim across western Graham/eastern Pinal counties into east central Pima County received between 0.25 and 0.75 inch of rain. Soil moisture readings remained very low, below the 5th percentile ranking across Santa Cruz, eastern Pima and Pinal and western Graham counties and below the 10th percentile ranking elsewhere. Levels at San Carlos Reservoir fell close to zero percent of capacity with only 50 acre-feet--the lowest level in more than a decade. At least a dozen small wild land fires occurred during the month, three of which  grew to over 1000 acres due to dry conditions and gusty winds.",126
952189,EASTERN MOGOLLON RIM (ZONE), ,04/03/2021,0,Wildfire, , ,0,0,0,0,AZ,MST-7, ,157512,Z,16,FGZ,0,0,Park/Forest Service, , , , , , , , ,04/20/2021,1800, , , , ,"The G22 Fire burned through at least 2,020 acres 18 miles south-southeast of Heber, AZ.","The G22 Fire burned through at least 2,020 acres in southern Navajo County around 18 miles south-southwest of Heber, Arizona. At least 56 people were involved in the fire fighting effort. The fire was in timber (litter and understory), brush (2 feet), and  medium logging slash.",127
952997,SOUTHEAST PINAL COUNTY (ZONE), ,04/08/2021,900,Wildfire, , ,0,0,2000000,0,AZ,MST-7, ,157648,Z,506,TWC,0,0,Emergency Manager, , , , , , , , ,04/11/2021,1700, , , , ,"The human caused Margo Fire started on April 8th in the San Pedro River bed near Dudleyville. The fire was spread by gusty winds which led to the evacuation of over 200 of the town's residents.  The wildfire destroyed seventeen residences and around two dozen outbuildings and caused the closure of State Route 77. The fire consumed 1148 acres before it was contained April 11th. Property damage costs were estimated at around $2 million while fire suppression costs tallied $300,000.","The human caused Margo Fire started on April 8th in the San Pedro River bed near Dudleyville. The fire was spread by gusty winds which led to the evacuation of over 200 of the town's residents.  The wildfire destroyed seventeen residences and around two dozen outbuildings and caused the closure of State Route 77. The fire consumed 1148 acres before it was contained April 11th. Property damage costs were estimated at around $2 million while fire suppression costs tallied $300,000.",128
952992,UPPER GILA RIVER AND ARAVAIPA VALLEYS (ZONE), ,04/08/2021,1100,Wildfire, , ,0,0,0,0,AZ,MST-7, ,157647,Z,509,TWC,0,0,Tribal Official, , , , , , , , ,04/14/2021,1200, , , , ,"The human caused Salt Fire started on April 8th on San Carlos Apache Tribe lands near Bylas in northwest Graham County. On the first day, the fire burned over 2000 acres in the Gila River bed having been spread by winds gusting to more than 30 mph. Two homes were evacuated in Bylas as a precaution, but the only structures damaged were two abandoned corrals. The fire was contained April 14th, but not before it consumed 4425 acres and came within a mile of Fort Thomas. Fire suppression costs tallied $350,000.","The human caused Salt Fire started on April 8th on San Carlos Apache Tribe lands near Bylas in northwest Graham County. On the first day, the fire burned over 2000 acres in the Gila River bed having been spread by winds gusting to more than 30 mph. Two homes were evacuated in Bylas as a precaution, but the only structures damaged were two abandoned corrals. The fire was contained April 14th, but not before it consumed 4425 acres and came within a mile of Fort Thomas. Fire suppression costs tallied $350,000.",129
952188,WHITE MOUNTAINS (ZONE), ,04/19/2021,0,Wildfire, , ,0,0,0,0,AZ,MST-7, ,157511,Z,17,FGZ,0,0,Park/Forest Service, , , , , , , , ,04/30/2021,2300, , , , ,"The Bonito Rock burned through approximately 1,688 acres in southern Apache County.","The Bonito Rock Fire burned through 1,688 acres by the end of April in an area 15 miles southeast of Whiteriver, Arizona.  At least 173 personnel were involved with the fire fighting effort. The fuels involved	 were primarily timber (litter and understory), timber (grass and understory), and brush (2 feet).",130
955604,CHIRICAHUA MOUNTAINS (ZONE), ,04/21/2021,1200,Wildfire, , ,0,0,0,0,AZ,MST-7, ,158081,Z,512,TWC,0,0,Park/Forest Service, , , , , , , , ,04/28/2021,1630, , , , ,"The human caused Jack Fire started on April 21st in the Chiricahua Mountains of southeast Cochise County.  The wildfire was driven by wind gusts to 40 mph at times and over 1600 acres were burned in the first 24 hours.  Forward progress was stopped on April 25th and the fire was contained April 28th with a total of 1856 acres consumed. Fire suppression costs tallied just over $2 million.","The human caused Jack Fire started on April 21st in the Chiricahua Mountains of southeast Cochise County.  The wildfire was driven by wind gusts to 40 mph at times and over 1600 acres were burned in the first 24 hours.  Forward progress was stopped on April 25th and the fire was contained April 28th with a total of 1856 acres consumed. Fire suppression costs tallied just over $2 million.",131
952176,LITTLE COLORADO RIVER VALLEY IN NAVAJO COUNTY (ZONE), ,04/21/2021,1415,High Wind,59.00, ,0,0,0,0,AZ,MST-7,MG,157508,Z,13,FGZ,0,0,ASOS, , , , , , , , ,04/21/2021,1415, , , , ,"The Taylor Airport reported a peak wind gust of 68 MPH at 215 PM MST.","A strong trough of low pressure moving through the Great Basin and down sloping from the Mogollon Rim brought high winds to the Taylor Airport.",132
954995,TONOPAH DESERT (ZONE), ,04/28/2021,1630,Dust Storm, , ,0,0,0,0,AZ,MST-7, ,158009,Z,538,PSR,0,0,Public, , , , , , , , ,04/28/2021,1700, , , , ,"Visibility fell to less than a quarter mile in blowing dust along Interstate-10 near exit 109 to Palo Verde road. The report was supported by a dashcam photo from the truck driver on I-10 that submitted the report. There were no reports of significant traffic disruptions and no reports of damages nor injuries.","In the afternoon of the 28th, scattered showers passed over the greater Phoenix metro area. Due to the dry sub-cloud environment, a cluster of stronger showers over the eastern metro produced a strong outflow boundary that moved west through the city with wind gusts measured around 40-45 mph, including a 46 mph gust at Phoenix Sky Harbor Airport. The outflow also produced blowing dust on the southwest side of the city with a couple reports of visibility down to around 1 mile. Just ahead of the westward-moving outflow, a weak shower produced a downburst which generated dense blowing dust, less than a quarter mile visibility, along Interstate-10 near Buckeye Municipal Airport. A Significant Weather Advisory was issued for the outflow winds and a Dust Advisory for the blowing dust. No significant traffic interruptions, damages, or injuries were report with the blowing dust.",133
963025,SOUTH CENTRAL PINAL COUNTY (ZONE), ,05/01/2021,0,Drought, , ,0,0,0,0,AZ,MST-7, ,158084,Z,505,TWC,0,0,Drought Monitor, , , , , , , , ,05/31/2021,2359, , , , ,"The exceptional (D4) and extreme (D3) drought categories continued across a large part of southeast Arizona during May, with the exception of western Pima County. Rain for the month totaled less than 0.10 inch in most areas with spotty amounts of 0.25 to 0.50 inch on May 20-21. Showers on May 14 only produced light rain, but gusty winds produced blowing dust from Willcox to San Simon. Soil moisture readings remained below the 5th percentile ranking, except around the 10th percentile ranking in Greenlee and southeast Graham counties. Levels at San Carlos Reservoir remained near zero percent of capacity.  At least two dozen small wild land fires occurred during the month, one of which, the Zacattack fire, caused the evacuation of 30 homes in Old Bisbee's Brewery Gulch, but no damage.  Three wildfires--Sycamore Canyon, Warren and Warsaw--grew to around or over 1000 acres.","The exceptional (D4) and extreme (D3) drought categories continued across a large part of southeast Arizona during May, with the exception of western Pima County. Rain for the month totaled less than 0.10 inch in most areas with spotty amounts of 0.25 to 0.50 inch on May 20-21. Showers on May 14 only produced light rain, but gusty winds produced blowing dust from Willcox to San Simon. Soil moisture readings remained below the 5th percentile ranking, except around the 10th percentile ranking in Greenlee and southeast Graham counties. Levels at San Carlos Reservoir remained near zero percent of capacity.  At least two dozen small wild land fires occurred during the month, one of which, the Zacattack fire, caused the evacuation of 30 homes in Old Bisbee's Brewery Gulch, but no damage.  Three wildfires--Sycamore Canyon, Warren and Warsaw--grew to around or over 1000 acres.",134
963032,CHIRICAHUA MOUNTAINS (ZONE), ,05/01/2021,0,Drought, , ,0,0,0,0,AZ,MST-7, ,158084,Z,512,TWC,0,0,Drought Monitor, , , , , , , , ,05/31/2021,2359, , , , ,"The exceptional (D4) and extreme (D3) drought categories continued across a large part of southeast Arizona during May, with the exception of western Pima County. Rain for the month totaled less than 0.10 inch in most areas with spotty amounts of 0.25 to 0.50 inch on May 20-21. Showers on May 14 only produced light rain, but gusty winds produced blowing dust from Willcox to San Simon. Soil moisture readings remained below the 5th percentile ranking, except around the 10th percentile ranking in Greenlee and southeast Graham counties. Levels at San Carlos Reservoir remained near zero percent of capacity.  At least two dozen small wild land fires occurred during the month, one of which, the Zacattack fire, caused the evacuation of 30 homes in Old Bisbee's Brewery Gulch, but no damage.  Three wildfires--Sycamore Canyon, Warren and Warsaw--grew to around or over 1000 acres.","The exceptional (D4) and extreme (D3) drought categories continued across a large part of southeast Arizona during May, with the exception of western Pima County. Rain for the month totaled less than 0.10 inch in most areas with spotty amounts of 0.25 to 0.50 inch on May 20-21. Showers on May 14 only produced light rain, but gusty winds produced blowing dust from Willcox to San Simon. Soil moisture readings remained below the 5th percentile ranking, except around the 10th percentile ranking in Greenlee and southeast Graham counties. Levels at San Carlos Reservoir remained near zero percent of capacity.  At least two dozen small wild land fires occurred during the month, one of which, the Zacattack fire, caused the evacuation of 30 homes in Old Bisbee's Brewery Gulch, but no damage.  Three wildfires--Sycamore Canyon, Warren and Warsaw--grew to around or over 1000 acres.",135
963030,WHITE MOUNTAINS OF GRAHAM AND GREENLEE COUNTIES (ZONE), ,05/01/2021,0,Drought, , ,0,0,0,0,AZ,MST-7, ,158084,Z,510,TWC,0,0,Drought Monitor, , , , , , , , ,05/31/2021,2359, , , , ,"The exceptional (D4) and extreme (D3) drought categories continued across a large part of southeast Arizona during May, with the exception of western Pima County. Rain for the month totaled less than 0.10 inch in most areas with spotty amounts of 0.25 to 0.50 inch on May 20-21. Showers on May 14 only produced light rain, but gusty winds produced blowing dust from Willcox to San Simon. Soil moisture readings remained below the 5th percentile ranking, except around the 10th percentile ranking in Greenlee and southeast Graham counties. Levels at San Carlos Reservoir remained near zero percent of capacity.  At least two dozen small wild land fires occurred during the month, one of which, the Zacattack fire, caused the evacuation of 30 homes in Old Bisbee's Brewery Gulch, but no damage.  Three wildfires--Sycamore Canyon, Warren and Warsaw--grew to around or over 1000 acres.","The exceptional (D4) and extreme (D3) drought categories continued across a large part of southeast Arizona during May, with the exception of western Pima County. Rain for the month totaled less than 0.10 inch in most areas with spotty amounts of 0.25 to 0.50 inch on May 20-21. Showers on May 14 only produced light rain, but gusty winds produced blowing dust from Willcox to San Simon. Soil moisture readings remained below the 5th percentile ranking, except around the 10th percentile ranking in Greenlee and southeast Graham counties. Levels at San Carlos Reservoir remained near zero percent of capacity.  At least two dozen small wild land fires occurred during the month, one of which, the Zacattack fire, caused the evacuation of 30 homes in Old Bisbee's Brewery Gulch, but no damage.  Three wildfires--Sycamore Canyon, Warren and Warsaw--grew to around or over 1000 acres.",136
963029,UPPER GILA RIVER AND ARAVAIPA VALLEYS (ZONE), ,05/01/2021,0,Drought, , ,0,0,0,0,AZ,MST-7, ,158084,Z,509,TWC,0,0,Drought Monitor, , , , , , , , ,05/31/2021,2359, , , , ,"The exceptional (D4) and extreme (D3) drought categories continued across a large part of southeast Arizona during May, with the exception of western Pima County. Rain for the month totaled less than 0.10 inch in most areas with spotty amounts of 0.25 to 0.50 inch on May 20-21. Showers on May 14 only produced light rain, but gusty winds produced blowing dust from Willcox to San Simon. Soil moisture readings remained below the 5th percentile ranking, except around the 10th percentile ranking in Greenlee and southeast Graham counties. Levels at San Carlos Reservoir remained near zero percent of capacity.  At least two dozen small wild land fires occurred during the month, one of which, the Zacattack fire, caused the evacuation of 30 homes in Old Bisbee's Brewery Gulch, but no damage.  Three wildfires--Sycamore Canyon, Warren and Warsaw--grew to around or over 1000 acres.","The exceptional (D4) and extreme (D3) drought categories continued across a large part of southeast Arizona during May, with the exception of western Pima County. Rain for the month totaled less than 0.10 inch in most areas with spotty amounts of 0.25 to 0.50 inch on May 20-21. Showers on May 14 only produced light rain, but gusty winds produced blowing dust from Willcox to San Simon. Soil moisture readings remained below the 5th percentile ranking, except around the 10th percentile ranking in Greenlee and southeast Graham counties. Levels at San Carlos Reservoir remained near zero percent of capacity.  At least two dozen small wild land fires occurred during the month, one of which, the Zacattack fire, caused the evacuation of 30 homes in Old Bisbee's Brewery Gulch, but no damage.  Three wildfires--Sycamore Canyon, Warren and Warsaw--grew to around or over 1000 acres.",137
963026,SOUTHEAST PINAL COUNTY (ZONE), ,05/01/2021,0,Drought, , ,0,0,0,0,AZ,MST-7, ,158084,Z,506,TWC,0,0,Drought Monitor, , , , , , , , ,05/31/2021,2359, , , , ,"The exceptional (D4) and extreme (D3) drought categories continued across a large part of southeast Arizona during May, with the exception of western Pima County. Rain for the month totaled less than 0.10 inch in most areas with spotty amounts of 0.25 to 0.50 inch on May 20-21. Showers on May 14 only produced light rain, but gusty winds produced blowing dust from Willcox to San Simon. Soil moisture readings remained below the 5th percentile ranking, except around the 10th percentile ranking in Greenlee and southeast Graham counties. Levels at San Carlos Reservoir remained near zero percent of capacity.  At least two dozen small wild land fires occurred during the month, one of which, the Zacattack fire, caused the evacuation of 30 homes in Old Bisbee's Brewery Gulch, but no damage.  Three wildfires--Sycamore Canyon, Warren and Warsaw--grew to around or over 1000 acres.","The exceptional (D4) and extreme (D3) drought categories continued across a large part of southeast Arizona during May, with the exception of western Pima County. Rain for the month totaled less than 0.10 inch in most areas with spotty amounts of 0.25 to 0.50 inch on May 20-21. Showers on May 14 only produced light rain, but gusty winds produced blowing dust from Willcox to San Simon. Soil moisture readings remained below the 5th percentile ranking, except around the 10th percentile ranking in Greenlee and southeast Graham counties. Levels at San Carlos Reservoir remained near zero percent of capacity.  At least two dozen small wild land fires occurred during the month, one of which, the Zacattack fire, caused the evacuation of 30 homes in Old Bisbee's Brewery Gulch, but no damage.  Three wildfires--Sycamore Canyon, Warren and Warsaw--grew to around or over 1000 acres.",138
958503,TOHONO O ODHAM NATION (ZONE), ,05/01/2021,0,Drought, , ,0,0,0,0,AZ,MST-7, ,158084,Z,502,TWC,0,0,Drought Monitor, , , , , , , , ,05/31/2021,2359, , , , ,"The exceptional (D4) and extreme (D3) drought categories continued across a large part of southeast Arizona during May, with the exception of western Pima County. Rain for the month totaled less than 0.10 inch in most areas with spotty amounts of 0.25 to 0.50 inch on May 20-21. Showers on May 14 only produced light rain, but gusty winds produced blowing dust from Willcox to San Simon. Soil moisture readings remained below the 5th percentile ranking, except around the 10th percentile ranking in Greenlee and southeast Graham counties. Levels at San Carlos Reservoir remained near zero percent of capacity.  At least two dozen small wild land fires occurred during the month, one of which, the Zacattack fire, caused the evacuation of 30 homes in Old Bisbee's Brewery Gulch, but no damage.  Three wildfires--Sycamore Canyon, Warren and Warsaw--grew to around or over 1000 acres.","The exceptional (D4) and extreme (D3) drought categories continued across a large part of southeast Arizona during May, with the exception of western Pima County. Rain for the month totaled less than 0.10 inch in most areas with spotty amounts of 0.25 to 0.50 inch on May 20-21. Showers on May 14 only produced light rain, but gusty winds produced blowing dust from Willcox to San Simon. Soil moisture readings remained below the 5th percentile ranking, except around the 10th percentile ranking in Greenlee and southeast Graham counties. Levels at San Carlos Reservoir remained near zero percent of capacity.  At least two dozen small wild land fires occurred during the month, one of which, the Zacattack fire, caused the evacuation of 30 homes in Old Bisbee's Brewery Gulch, but no damage.  Three wildfires--Sycamore Canyon, Warren and Warsaw--grew to around or over 1000 acres.",139
963034,SANTA CATALINA AND RINCON MOUNTAINS (ZONE), ,05/01/2021,0,Drought, , ,0,0,0,0,AZ,MST-7, ,158084,Z,514,TWC,0,0,Drought Monitor, , , , , , , , ,05/31/2021,2359, , , , ,"The exceptional (D4) and extreme (D3) drought categories continued across a large part of southeast Arizona during May, with the exception of western Pima County. Rain for the month totaled less than 0.10 inch in most areas with spotty amounts of 0.25 to 0.50 inch on May 20-21. Showers on May 14 only produced light rain, but gusty winds produced blowing dust from Willcox to San Simon. Soil moisture readings remained below the 5th percentile ranking, except around the 10th percentile ranking in Greenlee and southeast Graham counties. Levels at San Carlos Reservoir remained near zero percent of capacity.  At least two dozen small wild land fires occurred during the month, one of which, the Zacattack fire, caused the evacuation of 30 homes in Old Bisbee's Brewery Gulch, but no damage.  Three wildfires--Sycamore Canyon, Warren and Warsaw--grew to around or over 1000 acres.","The exceptional (D4) and extreme (D3) drought categories continued across a large part of southeast Arizona during May, with the exception of western Pima County. Rain for the month totaled less than 0.10 inch in most areas with spotty amounts of 0.25 to 0.50 inch on May 20-21. Showers on May 14 only produced light rain, but gusty winds produced blowing dust from Willcox to San Simon. Soil moisture readings remained below the 5th percentile ranking, except around the 10th percentile ranking in Greenlee and southeast Graham counties. Levels at San Carlos Reservoir remained near zero percent of capacity.  At least two dozen small wild land fires occurred during the month, one of which, the Zacattack fire, caused the evacuation of 30 homes in Old Bisbee's Brewery Gulch, but no damage.  Three wildfires--Sycamore Canyon, Warren and Warsaw--grew to around or over 1000 acres.",140
963027,UPPER SAN PEDRO RIVER VALLEY (ZONE), ,05/01/2021,0,Drought, , ,0,0,0,0,AZ,MST-7, ,158084,Z,507,TWC,0,0,Drought Monitor, , , , , , , , ,05/31/2021,2359, , , , ,"The exceptional (D4) and extreme (D3) drought categories continued across a large part of southeast Arizona during May, with the exception of western Pima County. Rain for the month totaled less than 0.10 inch in most areas with spotty amounts of 0.25 to 0.50 inch on May 20-21. Showers on May 14 only produced light rain, but gusty winds produced blowing dust from Willcox to San Simon. Soil moisture readings remained below the 5th percentile ranking, except around the 10th percentile ranking in Greenlee and southeast Graham counties. Levels at San Carlos Reservoir remained near zero percent of capacity.  At least two dozen small wild land fires occurred during the month, one of which, the Zacattack fire, caused the evacuation of 30 homes in Old Bisbee's Brewery Gulch, but no damage.  Three wildfires--Sycamore Canyon, Warren and Warsaw--grew to around or over 1000 acres.","The exceptional (D4) and extreme (D3) drought categories continued across a large part of southeast Arizona during May, with the exception of western Pima County. Rain for the month totaled less than 0.10 inch in most areas with spotty amounts of 0.25 to 0.50 inch on May 20-21. Showers on May 14 only produced light rain, but gusty winds produced blowing dust from Willcox to San Simon. Soil moisture readings remained below the 5th percentile ranking, except around the 10th percentile ranking in Greenlee and southeast Graham counties. Levels at San Carlos Reservoir remained near zero percent of capacity.  At least two dozen small wild land fires occurred during the month, one of which, the Zacattack fire, caused the evacuation of 30 homes in Old Bisbee's Brewery Gulch, but no damage.  Three wildfires--Sycamore Canyon, Warren and Warsaw--grew to around or over 1000 acres.",141
963031,GALIURO AND PINALENO MOUNTAINS (ZONE), ,05/01/2021,0,Drought, , ,0,0,0,0,AZ,MST-7, ,158084,Z,511,TWC,0,0,Drought Monitor, , , , , , , , ,05/31/2021,2359, , , , ,"The exceptional (D4) and extreme (D3) drought categories continued across a large part of southeast Arizona during May, with the exception of western Pima County. Rain for the month totaled less than 0.10 inch in most areas with spotty amounts of 0.25 to 0.50 inch on May 20-21. Showers on May 14 only produced light rain, but gusty winds produced blowing dust from Willcox to San Simon. Soil moisture readings remained below the 5th percentile ranking, except around the 10th percentile ranking in Greenlee and southeast Graham counties. Levels at San Carlos Reservoir remained near zero percent of capacity.  At least two dozen small wild land fires occurred during the month, one of which, the Zacattack fire, caused the evacuation of 30 homes in Old Bisbee's Brewery Gulch, but no damage.  Three wildfires--Sycamore Canyon, Warren and Warsaw--grew to around or over 1000 acres.","The exceptional (D4) and extreme (D3) drought categories continued across a large part of southeast Arizona during May, with the exception of western Pima County. Rain for the month totaled less than 0.10 inch in most areas with spotty amounts of 0.25 to 0.50 inch on May 20-21. Showers on May 14 only produced light rain, but gusty winds produced blowing dust from Willcox to San Simon. Soil moisture readings remained below the 5th percentile ranking, except around the 10th percentile ranking in Greenlee and southeast Graham counties. Levels at San Carlos Reservoir remained near zero percent of capacity.  At least two dozen small wild land fires occurred during the month, one of which, the Zacattack fire, caused the evacuation of 30 homes in Old Bisbee's Brewery Gulch, but no damage.  Three wildfires--Sycamore Canyon, Warren and Warsaw--grew to around or over 1000 acres.",142
963035,BABOQUIVARI MOUNTAINS (ZONE), ,05/01/2021,0,Drought, , ,0,0,0,0,AZ,MST-7, ,158084,Z,515,TWC,0,0,Drought Monitor, , , , , , , , ,05/31/2021,2359, , , , ,"The exceptional (D4) and extreme (D3) drought categories continued across a large part of southeast Arizona during May, with the exception of western Pima County. Rain for the month totaled less than 0.10 inch in most areas with spotty amounts of 0.25 to 0.50 inch on May 20-21. Showers on May 14 only produced light rain, but gusty winds produced blowing dust from Willcox to San Simon. Soil moisture readings remained below the 5th percentile ranking, except around the 10th percentile ranking in Greenlee and southeast Graham counties. Levels at San Carlos Reservoir remained near zero percent of capacity.  At least two dozen small wild land fires occurred during the month, one of which, the Zacattack fire, caused the evacuation of 30 homes in Old Bisbee's Brewery Gulch, but no damage.  Three wildfires--Sycamore Canyon, Warren and Warsaw--grew to around or over 1000 acres.","The exceptional (D4) and extreme (D3) drought categories continued across a large part of southeast Arizona during May, with the exception of western Pima County. Rain for the month totaled less than 0.10 inch in most areas with spotty amounts of 0.25 to 0.50 inch on May 20-21. Showers on May 14 only produced light rain, but gusty winds produced blowing dust from Willcox to San Simon. Soil moisture readings remained below the 5th percentile ranking, except around the 10th percentile ranking in Greenlee and southeast Graham counties. Levels at San Carlos Reservoir remained near zero percent of capacity.  At least two dozen small wild land fires occurred during the month, one of which, the Zacattack fire, caused the evacuation of 30 homes in Old Bisbee's Brewery Gulch, but no damage.  Three wildfires--Sycamore Canyon, Warren and Warsaw--grew to around or over 1000 acres.",143
963023,UPPER SANTA CRUZ RIVER AND ALTAR VALLEYS (ZONE), ,05/01/2021,0,Drought, , ,0,0,0,0,AZ,MST-7, ,158084,Z,503,TWC,0,0,Drought Monitor, , , , , , , , ,05/31/2021,2359, , , , ,"The exceptional (D4) and extreme (D3) drought categories continued across a large part of southeast Arizona during May, with the exception of western Pima County. Rain for the month totaled less than 0.10 inch in most areas with spotty amounts of 0.25 to 0.50 inch on May 20-21. Showers on May 14 only produced light rain, but gusty winds produced blowing dust from Willcox to San Simon. Soil moisture readings remained below the 5th percentile ranking, except around the 10th percentile ranking in Greenlee and southeast Graham counties. Levels at San Carlos Reservoir remained near zero percent of capacity.  At least two dozen small wild land fires occurred during the month, one of which, the Zacattack fire, caused the evacuation of 30 homes in Old Bisbee's Brewery Gulch, but no damage.  Three wildfires--Sycamore Canyon, Warren and Warsaw--grew to around or over 1000 acres.","The exceptional (D4) and extreme (D3) drought categories continued across a large part of southeast Arizona during May, with the exception of western Pima County. Rain for the month totaled less than 0.10 inch in most areas with spotty amounts of 0.25 to 0.50 inch on May 20-21. Showers on May 14 only produced light rain, but gusty winds produced blowing dust from Willcox to San Simon. Soil moisture readings remained below the 5th percentile ranking, except around the 10th percentile ranking in Greenlee and southeast Graham counties. Levels at San Carlos Reservoir remained near zero percent of capacity.  At least two dozen small wild land fires occurred during the month, one of which, the Zacattack fire, caused the evacuation of 30 homes in Old Bisbee's Brewery Gulch, but no damage.  Three wildfires--Sycamore Canyon, Warren and Warsaw--grew to around or over 1000 acres.",144
963024,TUCSON METRO AREA (ZONE), ,05/01/2021,0,Drought, , ,0,0,0,0,AZ,MST-7, ,158084,Z,504,TWC,0,0,Drought Monitor, , , , , , , , ,05/31/2021,2359, , , , ,"The exceptional (D4) and extreme (D3) drought categories continued across a large part of southeast Arizona during May, with the exception of western Pima County. Rain for the month totaled less than 0.10 inch in most areas with spotty amounts of 0.25 to 0.50 inch on May 20-21. Showers on May 14 only produced light rain, but gusty winds produced blowing dust from Willcox to San Simon. Soil moisture readings remained below the 5th percentile ranking, except around the 10th percentile ranking in Greenlee and southeast Graham counties. Levels at San Carlos Reservoir remained near zero percent of capacity.  At least two dozen small wild land fires occurred during the month, one of which, the Zacattack fire, caused the evacuation of 30 homes in Old Bisbee's Brewery Gulch, but no damage.  Three wildfires--Sycamore Canyon, Warren and Warsaw--grew to around or over 1000 acres.","The exceptional (D4) and extreme (D3) drought categories continued across a large part of southeast Arizona during May, with the exception of western Pima County. Rain for the month totaled less than 0.10 inch in most areas with spotty amounts of 0.25 to 0.50 inch on May 20-21. Showers on May 14 only produced light rain, but gusty winds produced blowing dust from Willcox to San Simon. Soil moisture readings remained below the 5th percentile ranking, except around the 10th percentile ranking in Greenlee and southeast Graham counties. Levels at San Carlos Reservoir remained near zero percent of capacity.  At least two dozen small wild land fires occurred during the month, one of which, the Zacattack fire, caused the evacuation of 30 homes in Old Bisbee's Brewery Gulch, but no damage.  Three wildfires--Sycamore Canyon, Warren and Warsaw--grew to around or over 1000 acres.",145
963028,EASTERN COCHISE COUNTY BELOW 5000 FEET (ZONE), ,05/01/2021,0,Drought, , ,0,0,0,0,AZ,MST-7, ,158084,Z,508,TWC,0,0,Drought Monitor, , , , , , , , ,05/31/2021,2359, , , , ,"The exceptional (D4) and extreme (D3) drought categories continued across a large part of southeast Arizona during May, with the exception of western Pima County. Rain for the month totaled less than 0.10 inch in most areas with spotty amounts of 0.25 to 0.50 inch on May 20-21. Showers on May 14 only produced light rain, but gusty winds produced blowing dust from Willcox to San Simon. Soil moisture readings remained below the 5th percentile ranking, except around the 10th percentile ranking in Greenlee and southeast Graham counties. Levels at San Carlos Reservoir remained near zero percent of capacity.  At least two dozen small wild land fires occurred during the month, one of which, the Zacattack fire, caused the evacuation of 30 homes in Old Bisbee's Brewery Gulch, but no damage.  Three wildfires--Sycamore Canyon, Warren and Warsaw--grew to around or over 1000 acres.","The exceptional (D4) and extreme (D3) drought categories continued across a large part of southeast Arizona during May, with the exception of western Pima County. Rain for the month totaled less than 0.10 inch in most areas with spotty amounts of 0.25 to 0.50 inch on May 20-21. Showers on May 14 only produced light rain, but gusty winds produced blowing dust from Willcox to San Simon. Soil moisture readings remained below the 5th percentile ranking, except around the 10th percentile ranking in Greenlee and southeast Graham counties. Levels at San Carlos Reservoir remained near zero percent of capacity.  At least two dozen small wild land fires occurred during the month, one of which, the Zacattack fire, caused the evacuation of 30 homes in Old Bisbee's Brewery Gulch, but no damage.  Three wildfires--Sycamore Canyon, Warren and Warsaw--grew to around or over 1000 acres.",146
963033,DRAGOON/MULE/HUACHUCA AND SANTA RITA MOUNTAINS (ZONE), ,05/01/2021,0,Drought, , ,0,0,0,0,AZ,MST-7, ,158084,Z,513,TWC,0,0,Drought Monitor, , , , , , , , ,05/31/2021,2359, , , , ,"The exceptional (D4) and extreme (D3) drought categories continued across a large part of southeast Arizona during May, with the exception of western Pima County. Rain for the month totaled less than 0.10 inch in most areas with spotty amounts of 0.25 to 0.50 inch on May 20-21. Showers on May 14 only produced light rain, but gusty winds produced blowing dust from Willcox to San Simon. Soil moisture readings remained below the 5th percentile ranking, except around the 10th percentile ranking in Greenlee and southeast Graham counties. Levels at San Carlos Reservoir remained near zero percent of capacity.  At least two dozen small wild land fires occurred during the month, one of which, the Zacattack fire, caused the evacuation of 30 homes in Old Bisbee's Brewery Gulch, but no damage.  Three wildfires--Sycamore Canyon, Warren and Warsaw--grew to around or over 1000 acres.","The exceptional (D4) and extreme (D3) drought categories continued across a large part of southeast Arizona during May, with the exception of western Pima County. Rain for the month totaled less than 0.10 inch in most areas with spotty amounts of 0.25 to 0.50 inch on May 20-21. Showers on May 14 only produced light rain, but gusty winds produced blowing dust from Willcox to San Simon. Soil moisture readings remained below the 5th percentile ranking, except around the 10th percentile ranking in Greenlee and southeast Graham counties. Levels at San Carlos Reservoir remained near zero percent of capacity.  At least two dozen small wild land fires occurred during the month, one of which, the Zacattack fire, caused the evacuation of 30 homes in Old Bisbee's Brewery Gulch, but no damage.  Three wildfires--Sycamore Canyon, Warren and Warsaw--grew to around or over 1000 acres.",147
1057124,CENTRAL PHOENIX (ZONE), ,05/05/2021,1700,Heat, , ,1,0,0,0,AZ,MST-7, ,174348,Z,543,PSR,0,0,County Official, , , , , , , , ,05/05/2021,1700, , , , ,"One direct fatality was reported by the Maricopa County Department of Public Health, with their details, such as age, gender, circumstances, and exact location unavailable.","High pressure over the Desert Southwest in early May allowed for temperatures to climb to around 100��, which is about 10 degrees above normal for this time of the year. Phoenix officially hit 100�� for the first time in 2021 on the 5th with temperatures peaking at 100�� again on the 6th. According to the Maricopa County Department of Public Health, two heat-associated fatalities occurred during this event.",148
963050,EASTERN COCHISE COUNTY BELOW 5000 FEET (ZONE), ,05/06/2021,1200,Heat, , ,1,0,0,0,AZ,MST-7, ,159223,Z,508,TWC,0,0,County Official, , , , , , , , ,05/06/2021,1700, , , , ,"Temperatures around 10 degrees above normal, near 95, occurred in southern Cochise County causing the Moderate Heat Risk category to be reached on May 6. The Pima County Medical Examiner confirmed that heat was the primary cause of death for one female found a few days later near the International Border west of Douglas, but the exact date of the fatality was undetermined.","Hot temperatures were experienced on May 6 with high temperatures in the lower to middle 90s in southern Cochise County. The Pima County Medical Examiner confirmed that heat was the primary cause of death for one female found north of the International Border west of Douglas.",149
952186,YAVAPAI COUNTY MOUNTAINS (ZONE), ,05/08/2021,1415,Wildfire, , ,0,0,0,0,AZ,MST-7, ,157510,Z,8,FGZ,0,0,Park/Forest Service, , , , , , , , ,05/20/2021,1200, , , , ,"The Tussock Fire burned across portions of the Yavapai County Mountains.","The Tussock Fire burned 5,546 acres about 7 miles southwest of Crown King.  The human caused fire burned across areas that are above/below 5000 feet (Yavapai County Mountains/Yavapai County Valleys and Basins).  The fire burned through short Grass (1 foot), brush (2 feet), and chaparral (6 feet).  The fire was primarily been carried by short brush and sparse grasses in the lower elevations and dense cured brush in the mid-elevation drainages. ||GR1; short sparse grass and cacti (hairy grama, blue grama, cacti). GS2; cured, grama/muttongrass and scattered short shrubs.",150
952187,YAVAPAI COUNTY VALLEYS AND BASINS (ZONE), ,05/08/2021,1415,Wildfire, , ,0,0,0,0,AZ,MST-7, ,157510,Z,37,FGZ,0,0,Park/Forest Service, , , , , , , , ,05/20/2021,1200, , , , ,"The Tussock Fire burned across portions of the Yavapai County Valleys and Basins.","The Tussock Fire burned 5,546 acres about 7 miles southwest of Crown King.  The human caused fire burned across areas that are above/below 5000 feet (Yavapai County Mountains/Yavapai County Valleys and Basins).  The fire burned through short Grass (1 foot), brush (2 feet), and chaparral (6 feet).  The fire was primarily been carried by short brush and sparse grasses in the lower elevations and dense cured brush in the mid-elevation drainages. ||GR1; short sparse grass and cacti (hairy grama, blue grama, cacti). GS2; cured, grama/muttongrass and scattered short shrubs.",151
1057125,CENTRAL PHOENIX (ZONE), ,05/08/2021,1700,Heat, , ,1,0,0,0,AZ,MST-7, ,174348,Z,543,PSR,0,0,County Official, , , , , , , , ,05/08/2021,1700, , , , ,"One direct fatality was reported by the Maricopa County Department of Public Health, with their details, such as age, gender, circumstances, and exact location unavailable.","High pressure over the Desert Southwest in early May allowed for temperatures to climb to around 100��, which is about 10 degrees above normal for this time of the year. Phoenix officially hit 100�� for the first time in 2021 on the 5th with temperatures peaking at 100�� again on the 6th. According to the Maricopa County Department of Public Health, two heat-associated fatalities occurred during this event.",152
1057126,CENTRAL PHOENIX (ZONE), ,05/12/2021,1700,Heat, , ,1,0,0,0,AZ,MST-7, ,174349,Z,543,PSR,0,0,County Official, , , , , , , , ,05/12/2021,1700, , , , ,"One direct fatality was reported by the Maricopa County Department of Public Health, with their details, such as age, gender and circumstances unavailable.","High pressure over the Southwest allowed for temperatures across the Phoenix area to warm up above 100��, which is about 7-10 degrees above normal for this time of the year. On the 13th, Phoenix officially hit 102��, making it the warmest temperature recorded up to this point in the year and the warmest temperature during the month. According to the Maricopa County Department of Public Health, five heat-associated fatalities occurred during this event.",153
963053,TOHONO O ODHAM NATION (ZONE), ,05/13/2021,1200,Heat, , ,1,0,0,0,AZ,MST-7, ,159224,Z,502,TWC,0,0,County Official, , , , , , , , ,05/13/2021,1700, , , , ,"Temperatures around 10 degrees above normal, 95 to 100, occurred on the Tohono O'odham Nation causing the Moderate Heat Risk category to be reached on May 13. The Pima County Medical Examiner confirmed that heat was the primary cause of death for one male near west of Sells.","Hot temperatures were experienced on May 13 with high temperatures in the upper 90s on the Tohono O'odham Nation. The Pima County Medical Examiner confirmed that heat was the primary cause of death for one male found in the desert west of Sells.",154
1057127,NORTH PHOENIX/GLENDALE (ZONE), ,05/13/2021,1700,Heat, , ,1,0,0,0,AZ,MST-7, ,174349,Z,544,PSR,0,1,County Official, , , , , , , , ,05/13/2021,1700, , , , ,"Two fatalities (one direct and one indirect) were reported by the Maricopa County Department of Public Health, with their details, such as age, gender and circumstances unavailable.","High pressure over the Southwest allowed for temperatures across the Phoenix area to warm up above 100��, which is about 7-10 degrees above normal for this time of the year. On the 13th, Phoenix officially hit 102��, making it the warmest temperature recorded up to this point in the year and the warmest temperature during the month. According to the Maricopa County Department of Public Health, five heat-associated fatalities occurred during this event.",155
1057128,NORTH PHOENIX/GLENDALE (ZONE), ,05/14/2021,1700,Heat, , ,1,0,0,0,AZ,MST-7, ,174349,Z,544,PSR,0,0,County Official, , , , , , , , ,05/14/2021,1700, , , , ,"One direct fatality was reported by the Maricopa County Department of Public Health, with their details, such as age, gender and circumstances unavailable.","High pressure over the Southwest allowed for temperatures across the Phoenix area to warm up above 100��, which is about 7-10 degrees above normal for this time of the year. On the 13th, Phoenix officially hit 102��, making it the warmest temperature recorded up to this point in the year and the warmest temperature during the month. According to the Maricopa County Department of Public Health, five heat-associated fatalities occurred during this event.",156
958538,UPPER SANTA CRUZ RIVER AND ALTAR VALLEYS (ZONE), ,05/16/2021,1630,Wildfire, , ,0,0,0,0,AZ,MST-7, ,158087,Z,503,TWC,0,0,Park/Forest Service, , , , , , , , ,05/19/2021,1800, , , , ,"The human caused Warsaw Fire started May 16 southwest of Ruby in Santa Cruz County. The wildfire grew to 950 acres by May 19 in hot and dry conditions and gusts to 40 mph. No fire growth was experienced after this date, but the fire was not officially contained until May 25. Fire suppression costs tallied $500,000.","The human caused Warsaw Fire started May 16 southwest of Ruby in Santa Cruz County. The wildfire grew to 950 acres by May 19 in hot and dry conditions and gusts to 40 mph. No fire growth was experienced after this date, but the fire was not officially contained until May 25.  Fire suppression costs tallied $500,000.",157
1057129,NORTH PHOENIX/GLENDALE (ZONE), ,05/16/2021,1700,Heat, , ,1,0,0,0,AZ,MST-7, ,174349,Z,544,PSR,0,0,County Official, , , , , , , , ,05/16/2021,1700, , , , ,"One direct fatality was reported by the Maricopa County Department of Public Health, with their details, such as age, gender and circumstances unavailable.","High pressure over the Southwest allowed for temperatures across the Phoenix area to warm up above 100��, which is about 7-10 degrees above normal for this time of the year. On the 13th, Phoenix officially hit 102��, making it the warmest temperature recorded up to this point in the year and the warmest temperature during the month. According to the Maricopa County Department of Public Health, five heat-associated fatalities occurred during this event.",158
952329,LITTLE COLORADO RIVER VALLEY IN APACHE COUNTY (ZONE), ,05/21/2021,730,High Wind,59.00, ,0,0,0,0,AZ,MST-7,MG,157540,Z,14,FGZ,0,0,ASOS, , , , , , , , ,05/21/2021,945, , , , ,"The Springerville ASOS reported wind gust of 58 MPH or higher at times between 730 and 945 AM.  The peak wind gust of 68 MPH was reported at 835 AM.","Strong upper level low pressure is positioned over the California/Nevada border brought  strong southwest winds to northern Arizona.",159
952335,KAIBAB PLATEAU (ZONE), ,05/21/2021,1115,High Wind,53.00, ,0,0,0,0,AZ,MST-7,MG,157540,Z,4,FGZ,0,0,Mesonet, , , , , , , , ,05/21/2021,1500, , , , ,"The Four Springs RAWS recorded peak winds of 58 MPH or higher between 1115 AM and 300 PM.  The peak wind gust was 61 MPH at 119 PM.","Strong upper level low pressure is positioned over the California/Nevada border brought  strong southwest winds to northern Arizona.",160
952322,LITTLE COLORADO RIVER VALLEY IN COCONINO COUNTY (ZONE), ,05/21/2021,1200,High Wind,59.00, ,0,0,0,0,AZ,MST-7,MG,157540,Z,12,FGZ,0,0,Department of Highways, , , , , , , , ,05/21/2021,1710, , , , ,"The ADOT wind sensor at Two Guns reported wind gusts of 58 MPH or higher at times between noon and 5 PM.  The peak wind gust of 68 MPH was recorded at 113 PM. The winds lofted sand and dust in the air between Two Guns and Twin Arrows. This restricted the visibility to one-half mile by 1230 PM.","Strong upper level low pressure is positioned over the California/Nevada border brought  strong southwest winds to northern Arizona.",161
952337,CHINLE VALLEY (ZONE), ,05/21/2021,1230,Dust Storm, , ,0,0,0,0,AZ,MST-7, ,157540,Z,10,FGZ,0,0,Social Media, , , , , , , , ,05/21/2021,1530, , , , ,"Strong winds (estimated to be 50 MPH) lofted dust and sand into the air between Chinle and Many Farms along Highway 191. The visibility was limited to an estimated 1/2 mile.","Strong upper level low pressure is positioned over the California/Nevada border brought  strong southwest winds to northern Arizona.",162
952336,WHITE MOUNTAINS (ZONE), ,05/21/2021,1255,High Wind,50.00, ,0,0,0,0,AZ,MST-7,MG,157540,Z,17,FGZ,0,0,ASOS, , , , , , , , ,05/21/2021,1255, , , , ,"The Show Low Airport reported a peak wind gust of 58 MPH at 1255 PM.","Strong upper level low pressure is positioned over the California/Nevada border brought  strong southwest winds to northern Arizona.",163
952332,EASTERN MOGOLLON RIM (ZONE), ,05/21/2021,1310,High Wind,55.00, ,0,0,0,0,AZ,MST-7,MG,157540,Z,16,FGZ,0,0,Department of Highways, , , , , , , , ,05/21/2021,1530, , , , ,"The ADOT wind sensor at Highways 277 and 377 reported wind gusts over 58 MPH between 130 and 220.  The peak wind gust was 63 MPH at 243 PM.","Strong upper level low pressure is positioned over the California/Nevada border brought  strong southwest winds to northern Arizona.",164
952330,WESTERN MOGOLLON RIM (ZONE), ,05/21/2021,1350,High Wind,57.00, ,0,0,0,0,AZ,MST-7,MG,157540,Z,15,FGZ,0,0,ASOS, , , , , , , , ,05/21/2021,1500, , , , ,"The Flagstaff Airport measured a few peak wind gusts over 58 MPH between 157 and 215 PM. The peak wind gust was 66 MPH at 157 PM. Bellemont also had a peak wind gust of 66 MPH at 154 PM. A wind sensor at Snowbowl (9379 feet) reported a peak wind gust of 58 MPH at 130 PM. There were multiple reports of uprooted and downed trees as well as broken tree branches throughout the greater Flagstaff from the strong winds.  Localized power outages were also reported in the Ponderosa Trails neighborhood.","Strong upper level low pressure is positioned over the California/Nevada border brought  strong southwest winds to northern Arizona.",165
952294,WHITE MOUNTAINS (ZONE), ,05/22/2021,739,High Wind,51.00, ,0,0,0,0,AZ,MST-7,MG,157537,Z,17,FGZ,0,0,Mesonet, , , , , , , , ,05/22/2021,739, , , , ,"The wind sensor on Greens Peak recorded a peak wind gust of 59 MPH at an elevation of 10118 feet.","A strong, broad area of low pressure brought strong and gusty southwest winds to northern Arizona. The base of the trough rotating through the area during the afternoon helped to increase the pressure gradient especially across eastern Arizona. Most of the highest wind speeds were between 50 and 60 MPH with a few were higher than 60 MPH.",166
952290,LITTLE COLORADO RIVER VALLEY IN APACHE COUNTY (ZONE), ,05/22/2021,800,High Wind,61.00, ,0,0,0,0,AZ,MST-7,MG,157537,Z,14,FGZ,0,0,ASOS, , , , , , , , ,05/22/2021,1400, , , , ,"The Springerville Airport reported sustained winds of 40 MPH or higher at times between 8 AM and 3 PM. The peak wind gust of 61 MPH was recorded at 1055 AM. A wind sensor at Doubtful Tanks  recorded a peak wind gust of 59 MPH at 145 PM (this is on the Petrified Forest National Park land).","A strong, broad area of low pressure brought strong and gusty southwest winds to northern Arizona. The base of the trough rotating through the area during the afternoon helped to increase the pressure gradient especially across eastern Arizona. Most of the highest wind speeds were between 50 and 60 MPH with a few were higher than 60 MPH.",167
952283,LITTLE COLORADO RIVER VALLEY IN NAVAJO COUNTY (ZONE), ,05/22/2021,1250,High Wind,56.00, ,0,0,0,0,AZ,MST-7,MG,157537,Z,13,FGZ,0,0,Department of Highways, , , , , , , , ,05/22/2021,1615, , , , ,"The ADOT wind sensor at the Little Colorado River on I-40 recorded a peak wind gust of 64 MPH at 303 PM and the sensor at Jackrabbit (on I-40) recorded a peak wind gust of 62 MPH at 103 PM.  Wind gusts at Jack Rabbit reached 58 MPH a few more times until 403 PM. The Winslow Airport had a peak wind gust of 59 MPH at 203 PM. The Taylor airport reported a peak wind gust of 58 MPH at 1255 PM.","A strong, broad area of low pressure brought strong and gusty southwest winds to northern Arizona. The base of the trough rotating through the area during the afternoon helped to increase the pressure gradient especially across eastern Arizona. Most of the highest wind speeds were between 50 and 60 MPH with a few were higher than 60 MPH.",168
952293,LITTLE COLORADO RIVER VALLEY IN COCONINO COUNTY (ZONE), ,05/22/2021,1400,High Wind,51.00, ,0,0,0,0,AZ,MST-7,MG,157537,Z,12,FGZ,0,0,ASOS, , , , , , , , ,05/22/2021,1430, , , , ,"The Winslow Airport (just one mile from the Coconino County Line) had a peak wind gust of 59 MPH at 203 PM.","A strong, broad area of low pressure brought strong and gusty southwest winds to northern Arizona. The base of the trough rotating through the area during the afternoon helped to increase the pressure gradient especially across eastern Arizona. Most of the highest wind speeds were between 50 and 60 MPH with a few were higher than 60 MPH.",169
958532,BABOQUIVARI MOUNTAINS (ZONE), ,05/23/2021,815,Wildfire, , ,0,0,0,0,AZ,MST-7, ,158085,Z,515,TWC,0,0,Other Federal Agency, , , , , , , , ,05/28/2021,1200, , , , ,"The human caused Sycamore Canyon Fire started May 23 in the Baboquivari Mountains of Pima County. The wildfire grew to 1858 acres by May 28 in hot and dry conditions. No fire growth was experienced after this date, but the fire was not officially contained until June 4.  Fire suppression costs tallied over $3.5 million.","The human caused Sycamore Canyon Fire started May 23 in the Baboquivari Mountains of Pima County. The wildfire grew to 1858 acres by May 28 in hot and dry conditions. No fire growth was experienced after this date but the fire was not officially contained until June 4.  Fire suppression costs tallied over $3.5 million.",170
952190,WHITE MOUNTAINS (ZONE), ,05/23/2021,1400,Wildfire, , ,0,0,0,0,AZ,MST-7, ,157514,Z,17,FGZ,0,0,Park/Forest Service, , , , , , , , ,05/31/2021,2359, , , , ,"The Boggy Creek Fire burned through at least 3,000 acres by the end of May.","The Boggy Creek Fire was started by lightning on May 23 in the Wallow Fire (2011 -538,000 acres) scar in steep rugged terrain in an area with heavy dead and down snags. The fire was 15 Miles SW of Alpine, Arizona and burned in timber (litter and understory) and short grass (1 foot).",171
952196,WHITE MOUNTAINS (ZONE), ,05/23/2021,1400,Wildfire, , ,0,0,0,0,AZ,MST-7, ,157518,Z,17,FGZ,0,0,Park/Forest Service, , , , , , , , ,05/31/2021,2359, , , , ,"The McDonald Fire burned through 3,500 acres in southern Apache County by the end of May.","The McDonald Take Fire started on May 23 and burned through 3,500 acres by the end of May 25 miles southeast of Whiteriver, Arizona.  The fire was south of Tonto Lake near the Black River on the Fort Apache Indian Nation.  The fuel types involved include: timber (litter and understory), brush (2 feet), tall grass (2.5 feet). The fuels were dry across all types and classes. Live fuel moistures are at critical levels and provided no suppressing effect on fire behavior.",172
958535,CHIRICAHUA MOUNTAINS (ZONE), ,05/25/2021,400,Wildfire, , ,0,0,0,0,AZ,MST-7, ,158086,Z,512,TWC,0,0,Park/Forest Service, , , , , , , , ,05/29/2021,1400, , , , ,"The human caused Warren Fire started May 25 in the Chiricahua Mountains of southeast Cochise County. The wildfire grew to 1400 acres by May 29 in hot and dry conditions. No fire growth was experienced after this date, but the fire was not officially contained until June 5.  Fire suppression costs tallied over $3 million.","The human caused Warren Fire started May 25 in the Chiricahua Mountains of southeast Cochise County. The wildfire grew to 1400 acres by May 29 in hot and dry conditions. No fire growth was experienced after this date, but the fire was not officially contained until June 5.  Fire suppression costs tallied over $3 million.",173
969956,UPPER SANTA CRUZ RIVER AND ALTAR VALLEYS (ZONE), ,06/01/2021,0,Drought, , ,0,0,0,0,AZ,MST-7, ,158523,Z,503,TWC,0,0,Drought Monitor, , , , , , , , ,06/30/2021,2359, , , , ,"The exceptional (D4) and extreme (D3) drought categories continued across a large part of southeast Arizona during June, with the exception of western Pima County.  Most areas only tallied 0.5 or less for the month, which is close to normal. A few locations received 1-1.5 of rain, but that was not enough to make up for record rainfall deficits over the past 12 to 15 months. Soil moisture readings remained below the 5th percentile ranking across most of southeast Arizona except around the 10th percentile ranking in Greenlee and southeast Graham counties. Levels at San Carlos Reservoir remained near zero percent of capacity. Numerous human and lightning caused wild land fires occurred, five of which grew to more than 10,000 acres during the hot, dry and windy month.","The exceptional (D4) and extreme (D3) drought categories continued across a large part of southeast Arizona during June, with the exception of western Pima County.  Most areas only tallied 0.5 or less for the month, which is close to normal. A few locations received 1-1.5 of rain, but that was not enough to make up for record rainfall deficits over the past 12 to 15 months. Soil moisture readings remained below the 5th percentile ranking across most of southeast Arizona except around the 10th percentile ranking in Greenlee and southeast Graham counties. Levels at San Carlos Reservoir remained near zero percent of capacity. Numerous human and lightning caused wild land fires occurred, five of which grew to more than 10,000 acres during the hot, dry and windy month.",174
969957,TUCSON METRO AREA (ZONE), ,06/01/2021,0,Drought, , ,0,0,0,0,AZ,MST-7, ,158523,Z,504,TWC,0,0,Drought Monitor, , , , , , , , ,06/30/2021,2359, , , , ,"The exceptional (D4) and extreme (D3) drought categories continued across a large part of southeast Arizona during June, with the exception of western Pima County.  Most areas only tallied 0.5 or less for the month, which is close to normal. A few locations received 1-1.5 of rain, but that was not enough to make up for record rainfall deficits over the past 12 to 15 months. Soil moisture readings remained below the 5th percentile ranking across most of southeast Arizona except around the 10th percentile ranking in Greenlee and southeast Graham counties. Levels at San Carlos Reservoir remained near zero percent of capacity. Numerous human and lightning caused wild land fires occurred, five of which grew to more than 10,000 acres during the hot, dry and windy month.","The exceptional (D4) and extreme (D3) drought categories continued across a large part of southeast Arizona during June, with the exception of western Pima County.  Most areas only tallied 0.5 or less for the month, which is close to normal. A few locations received 1-1.5 of rain, but that was not enough to make up for record rainfall deficits over the past 12 to 15 months. Soil moisture readings remained below the 5th percentile ranking across most of southeast Arizona except around the 10th percentile ranking in Greenlee and southeast Graham counties. Levels at San Carlos Reservoir remained near zero percent of capacity. Numerous human and lightning caused wild land fires occurred, five of which grew to more than 10,000 acres during the hot, dry and windy month.",175
969959,SOUTHEAST PINAL COUNTY (ZONE), ,06/01/2021,0,Drought, , ,0,0,0,0,AZ,MST-7, ,158523,Z,506,TWC,0,0,Drought Monitor, , , , , , , , ,06/30/2021,2359, , , , ,"The exceptional (D4) and extreme (D3) drought categories continued across a large part of southeast Arizona during June, with the exception of western Pima County.  Most areas only tallied 0.5 or less for the month, which is close to normal. A few locations received 1-1.5 of rain, but that was not enough to make up for record rainfall deficits over the past 12 to 15 months. Soil moisture readings remained below the 5th percentile ranking across most of southeast Arizona except around the 10th percentile ranking in Greenlee and southeast Graham counties. Levels at San Carlos Reservoir remained near zero percent of capacity. Numerous human and lightning caused wild land fires occurred, five of which grew to more than 10,000 acres during the hot, dry and windy month.","The exceptional (D4) and extreme (D3) drought categories continued across a large part of southeast Arizona during June, with the exception of western Pima County.  Most areas only tallied 0.5 or less for the month, which is close to normal. A few locations received 1-1.5 of rain, but that was not enough to make up for record rainfall deficits over the past 12 to 15 months. Soil moisture readings remained below the 5th percentile ranking across most of southeast Arizona except around the 10th percentile ranking in Greenlee and southeast Graham counties. Levels at San Carlos Reservoir remained near zero percent of capacity. Numerous human and lightning caused wild land fires occurred, five of which grew to more than 10,000 acres during the hot, dry and windy month.",176
969960,UPPER SAN PEDRO RIVER VALLEY (ZONE), ,06/01/2021,0,Drought, , ,0,0,0,0,AZ,MST-7, ,158523,Z,507,TWC,0,0,Drought Monitor, , , , , , , , ,06/30/2021,2359, , , , ,"The exceptional (D4) and extreme (D3) drought categories continued across a large part of southeast Arizona during June, with the exception of western Pima County.  Most areas only tallied 0.5 or less for the month, which is close to normal. A few locations received 1-1.5 of rain, but that was not enough to make up for record rainfall deficits over the past 12 to 15 months. Soil moisture readings remained below the 5th percentile ranking across most of southeast Arizona except around the 10th percentile ranking in Greenlee and southeast Graham counties. Levels at San Carlos Reservoir remained near zero percent of capacity. Numerous human and lightning caused wild land fires occurred, five of which grew to more than 10,000 acres during the hot, dry and windy month.","The exceptional (D4) and extreme (D3) drought categories continued across a large part of southeast Arizona during June, with the exception of western Pima County.  Most areas only tallied 0.5 or less for the month, which is close to normal. A few locations received 1-1.5 of rain, but that was not enough to make up for record rainfall deficits over the past 12 to 15 months. Soil moisture readings remained below the 5th percentile ranking across most of southeast Arizona except around the 10th percentile ranking in Greenlee and southeast Graham counties. Levels at San Carlos Reservoir remained near zero percent of capacity. Numerous human and lightning caused wild land fires occurred, five of which grew to more than 10,000 acres during the hot, dry and windy month.",177
969961,EASTERN COCHISE COUNTY BELOW 5000 FEET (ZONE), ,06/01/2021,0,Drought, , ,0,0,0,0,AZ,MST-7, ,158523,Z,508,TWC,0,0,Drought Monitor, , , , , , , , ,06/30/2021,2359, , , , ,"The exceptional (D4) and extreme (D3) drought categories continued across a large part of southeast Arizona during June, with the exception of western Pima County.  Most areas only tallied 0.5 or less for the month, which is close to normal. A few locations received 1-1.5 of rain, but that was not enough to make up for record rainfall deficits over the past 12 to 15 months. Soil moisture readings remained below the 5th percentile ranking across most of southeast Arizona except around the 10th percentile ranking in Greenlee and southeast Graham counties. Levels at San Carlos Reservoir remained near zero percent of capacity. Numerous human and lightning caused wild land fires occurred, five of which grew to more than 10,000 acres during the hot, dry and windy month.","The exceptional (D4) and extreme (D3) drought categories continued across a large part of southeast Arizona during June, with the exception of western Pima County.  Most areas only tallied 0.5 or less for the month, which is close to normal. A few locations received 1-1.5 of rain, but that was not enough to make up for record rainfall deficits over the past 12 to 15 months. Soil moisture readings remained below the 5th percentile ranking across most of southeast Arizona except around the 10th percentile ranking in Greenlee and southeast Graham counties. Levels at San Carlos Reservoir remained near zero percent of capacity. Numerous human and lightning caused wild land fires occurred, five of which grew to more than 10,000 acres during the hot, dry and windy month.",178
969962,UPPER GILA RIVER AND ARAVAIPA VALLEYS (ZONE), ,06/01/2021,0,Drought, , ,0,0,0,0,AZ,MST-7, ,158523,Z,509,TWC,0,0,Drought Monitor, , , , , , , , ,06/30/2021,2359, , , , ,"The exceptional (D4) and extreme (D3) drought categories continued across a large part of southeast Arizona during June, with the exception of western Pima County.  Most areas only tallied 0.5 or less for the month, which is close to normal. A few locations received 1-1.5 of rain, but that was not enough to make up for record rainfall deficits over the past 12 to 15 months. Soil moisture readings remained below the 5th percentile ranking across most of southeast Arizona except around the 10th percentile ranking in Greenlee and southeast Graham counties. Levels at San Carlos Reservoir remained near zero percent of capacity. Numerous human and lightning caused wild land fires occurred, five of which grew to more than 10,000 acres during the hot, dry and windy month.","The exceptional (D4) and extreme (D3) drought categories continued across a large part of southeast Arizona during June, with the exception of western Pima County.  Most areas only tallied 0.5 or less for the month, which is close to normal. A few locations received 1-1.5 of rain, but that was not enough to make up for record rainfall deficits over the past 12 to 15 months. Soil moisture readings remained below the 5th percentile ranking across most of southeast Arizona except around the 10th percentile ranking in Greenlee and southeast Graham counties. Levels at San Carlos Reservoir remained near zero percent of capacity. Numerous human and lightning caused wild land fires occurred, five of which grew to more than 10,000 acres during the hot, dry and windy month.",179
969963,WHITE MOUNTAINS OF GRAHAM AND GREENLEE COUNTIES (ZONE), ,06/01/2021,0,Drought, , ,0,0,0,0,AZ,MST-7, ,158523,Z,510,TWC,0,0,Drought Monitor, , , , , , , , ,06/30/2021,2359, , , , ,"The exceptional (D4) and extreme (D3) drought categories continued across a large part of southeast Arizona during June, with the exception of western Pima County.  Most areas only tallied 0.5 or less for the month, which is close to normal. A few locations received 1-1.5 of rain, but that was not enough to make up for record rainfall deficits over the past 12 to 15 months. Soil moisture readings remained below the 5th percentile ranking across most of southeast Arizona except around the 10th percentile ranking in Greenlee and southeast Graham counties. Levels at San Carlos Reservoir remained near zero percent of capacity. Numerous human and lightning caused wild land fires occurred, five of which grew to more than 10,000 acres during the hot, dry and windy month.","The exceptional (D4) and extreme (D3) drought categories continued across a large part of southeast Arizona during June, with the exception of western Pima County.  Most areas only tallied 0.5 or less for the month, which is close to normal. A few locations received 1-1.5 of rain, but that was not enough to make up for record rainfall deficits over the past 12 to 15 months. Soil moisture readings remained below the 5th percentile ranking across most of southeast Arizona except around the 10th percentile ranking in Greenlee and southeast Graham counties. Levels at San Carlos Reservoir remained near zero percent of capacity. Numerous human and lightning caused wild land fires occurred, five of which grew to more than 10,000 acres during the hot, dry and windy month.",180
969964,GALIURO AND PINALENO MOUNTAINS (ZONE), ,06/01/2021,0,Drought, , ,0,0,0,0,AZ,MST-7, ,158523,Z,511,TWC,0,0,Drought Monitor, , , , , , , , ,06/30/2021,2359, , , , ,"The exceptional (D4) and extreme (D3) drought categories continued across a large part of southeast Arizona during June, with the exception of western Pima County.  Most areas only tallied 0.5 or less for the month, which is close to normal. A few locations received 1-1.5 of rain, but that was not enough to make up for record rainfall deficits over the past 12 to 15 months. Soil moisture readings remained below the 5th percentile ranking across most of southeast Arizona except around the 10th percentile ranking in Greenlee and southeast Graham counties. Levels at San Carlos Reservoir remained near zero percent of capacity. Numerous human and lightning caused wild land fires occurred, five of which grew to more than 10,000 acres during the hot, dry and windy month.","The exceptional (D4) and extreme (D3) drought categories continued across a large part of southeast Arizona during June, with the exception of western Pima County.  Most areas only tallied 0.5 or less for the month, which is close to normal. A few locations received 1-1.5 of rain, but that was not enough to make up for record rainfall deficits over the past 12 to 15 months. Soil moisture readings remained below the 5th percentile ranking across most of southeast Arizona except around the 10th percentile ranking in Greenlee and southeast Graham counties. Levels at San Carlos Reservoir remained near zero percent of capacity. Numerous human and lightning caused wild land fires occurred, five of which grew to more than 10,000 acres during the hot, dry and windy month.",181
969958,SOUTH CENTRAL PINAL COUNTY (ZONE), ,06/01/2021,0,Drought, , ,0,0,0,0,AZ,MST-7, ,158523,Z,505,TWC,0,0,Drought Monitor, , , , , , , , ,06/30/2021,2359, , , , ,"The exceptional (D4) and extreme (D3) drought categories continued across a large part of southeast Arizona during June, with the exception of western Pima County.  Most areas only tallied 0.5 or less for the month, which is close to normal. A few locations received 1-1.5 of rain, but that was not enough to make up for record rainfall deficits over the past 12 to 15 months. Soil moisture readings remained below the 5th percentile ranking across most of southeast Arizona except around the 10th percentile ranking in Greenlee and southeast Graham counties. Levels at San Carlos Reservoir remained near zero percent of capacity. Numerous human and lightning caused wild land fires occurred, five of which grew to more than 10,000 acres during the hot, dry and windy month.","The exceptional (D4) and extreme (D3) drought categories continued across a large part of southeast Arizona during June, with the exception of western Pima County.  Most areas only tallied 0.5 or less for the month, which is close to normal. A few locations received 1-1.5 of rain, but that was not enough to make up for record rainfall deficits over the past 12 to 15 months. Soil moisture readings remained below the 5th percentile ranking across most of southeast Arizona except around the 10th percentile ranking in Greenlee and southeast Graham counties. Levels at San Carlos Reservoir remained near zero percent of capacity. Numerous human and lightning caused wild land fires occurred, five of which grew to more than 10,000 acres during the hot, dry and windy month.",182
969966,DRAGOON/MULE/HUACHUCA AND SANTA RITA MOUNTAINS (ZONE), ,06/01/2021,0,Drought, , ,0,0,0,0,AZ,MST-7, ,158523,Z,513,TWC,0,0,Drought Monitor, , , , , , , , ,06/30/2021,2359, , , , ,"The exceptional (D4) and extreme (D3) drought categories continued across a large part of southeast Arizona during June, with the exception of western Pima County.  Most areas only tallied 0.5 or less for the month, which is close to normal. A few locations received 1-1.5 of rain, but that was not enough to make up for record rainfall deficits over the past 12 to 15 months. Soil moisture readings remained below the 5th percentile ranking across most of southeast Arizona except around the 10th percentile ranking in Greenlee and southeast Graham counties. Levels at San Carlos Reservoir remained near zero percent of capacity. Numerous human and lightning caused wild land fires occurred, five of which grew to more than 10,000 acres during the hot, dry and windy month.","The exceptional (D4) and extreme (D3) drought categories continued across a large part of southeast Arizona during June, with the exception of western Pima County.  Most areas only tallied 0.5 or less for the month, which is close to normal. A few locations received 1-1.5 of rain, but that was not enough to make up for record rainfall deficits over the past 12 to 15 months. Soil moisture readings remained below the 5th percentile ranking across most of southeast Arizona except around the 10th percentile ranking in Greenlee and southeast Graham counties. Levels at San Carlos Reservoir remained near zero percent of capacity. Numerous human and lightning caused wild land fires occurred, five of which grew to more than 10,000 acres during the hot, dry and windy month.",183
969967,SANTA CATALINA AND RINCON MOUNTAINS (ZONE), ,06/01/2021,0,Drought, , ,0,0,0,0,AZ,MST-7, ,158523,Z,514,TWC,0,0,Drought Monitor, , , , , , , , ,06/30/2021,2359, , , , ,"The exceptional (D4) and extreme (D3) drought categories continued across a large part of southeast Arizona during June, with the exception of western Pima County.  Most areas only tallied 0.5 or less for the month, which is close to normal. A few locations received 1-1.5 of rain, but that was not enough to make up for record rainfall deficits over the past 12 to 15 months. Soil moisture readings remained below the 5th percentile ranking across most of southeast Arizona except around the 10th percentile ranking in Greenlee and southeast Graham counties. Levels at San Carlos Reservoir remained near zero percent of capacity. Numerous human and lightning caused wild land fires occurred, five of which grew to more than 10,000 acres during the hot, dry and windy month.","The exceptional (D4) and extreme (D3) drought categories continued across a large part of southeast Arizona during June, with the exception of western Pima County.  Most areas only tallied 0.5 or less for the month, which is close to normal. A few locations received 1-1.5 of rain, but that was not enough to make up for record rainfall deficits over the past 12 to 15 months. Soil moisture readings remained below the 5th percentile ranking across most of southeast Arizona except around the 10th percentile ranking in Greenlee and southeast Graham counties. Levels at San Carlos Reservoir remained near zero percent of capacity. Numerous human and lightning caused wild land fires occurred, five of which grew to more than 10,000 acres during the hot, dry and windy month.",184
969968,BABOQUIVARI MOUNTAINS (ZONE), ,06/01/2021,0,Drought, , ,0,0,0,0,AZ,MST-7, ,158523,Z,515,TWC,0,0,Drought Monitor, , , , , , , , ,06/30/2021,2359, , , , ,"The exceptional (D4) and extreme (D3) drought categories continued across a large part of southeast Arizona during June, with the exception of western Pima County.  Most areas only tallied 0.5 or less for the month, which is close to normal. A few locations received 1-1.5 of rain, but that was not enough to make up for record rainfall deficits over the past 12 to 15 months. Soil moisture readings remained below the 5th percentile ranking across most of southeast Arizona except around the 10th percentile ranking in Greenlee and southeast Graham counties. Levels at San Carlos Reservoir remained near zero percent of capacity. Numerous human and lightning caused wild land fires occurred, five of which grew to more than 10,000 acres during the hot, dry and windy month.","The exceptional (D4) and extreme (D3) drought categories continued across a large part of southeast Arizona during June, with the exception of western Pima County.  Most areas only tallied 0.5 or less for the month, which is close to normal. A few locations received 1-1.5 of rain, but that was not enough to make up for record rainfall deficits over the past 12 to 15 months. Soil moisture readings remained below the 5th percentile ranking across most of southeast Arizona except around the 10th percentile ranking in Greenlee and southeast Graham counties. Levels at San Carlos Reservoir remained near zero percent of capacity. Numerous human and lightning caused wild land fires occurred, five of which grew to more than 10,000 acres during the hot, dry and windy month.",185
969965,CHIRICAHUA MOUNTAINS (ZONE), ,06/01/2021,0,Drought, , ,0,0,0,0,AZ,MST-7, ,158523,Z,512,TWC,0,0,Drought Monitor, , , , , , , , ,06/30/2021,2359, , , , ,"The exceptional (D4) and extreme (D3) drought categories continued across a large part of southeast Arizona during June, with the exception of western Pima County.  Most areas only tallied 0.5 or less for the month, which is close to normal. A few locations received 1-1.5 of rain, but that was not enough to make up for record rainfall deficits over the past 12 to 15 months. Soil moisture readings remained below the 5th percentile ranking across most of southeast Arizona except around the 10th percentile ranking in Greenlee and southeast Graham counties. Levels at San Carlos Reservoir remained near zero percent of capacity. Numerous human and lightning caused wild land fires occurred, five of which grew to more than 10,000 acres during the hot, dry and windy month.","The exceptional (D4) and extreme (D3) drought categories continued across a large part of southeast Arizona during June, with the exception of western Pima County.  Most areas only tallied 0.5 or less for the month, which is close to normal. A few locations received 1-1.5 of rain, but that was not enough to make up for record rainfall deficits over the past 12 to 15 months. Soil moisture readings remained below the 5th percentile ranking across most of southeast Arizona except around the 10th percentile ranking in Greenlee and southeast Graham counties. Levels at San Carlos Reservoir remained near zero percent of capacity. Numerous human and lightning caused wild land fires occurred, five of which grew to more than 10,000 acres during the hot, dry and windy month.",186
969955,TOHONO O ODHAM NATION (ZONE), ,06/01/2021,0,Drought, , ,0,0,0,0,AZ,MST-7, ,158523,Z,502,TWC,0,0,Drought Monitor, , , , , , , , ,06/30/2021,2359, , , , ,"The exceptional (D4) and extreme (D3) drought categories continued across a large part of southeast Arizona during June, with the exception of western Pima County.  Most areas only tallied 0.5 or less for the month, which is close to normal. A few locations received 1-1.5 of rain, but that was not enough to make up for record rainfall deficits over the past 12 to 15 months. Soil moisture readings remained below the 5th percentile ranking across most of southeast Arizona except around the 10th percentile ranking in Greenlee and southeast Graham counties. Levels at San Carlos Reservoir remained near zero percent of capacity. Numerous human and lightning caused wild land fires occurred, five of which grew to more than 10,000 acres during the hot, dry and windy month.","The exceptional (D4) and extreme (D3) drought categories continued across a large part of southeast Arizona during June, with the exception of western Pima County.  Most areas only tallied 0.5 or less for the month, which is close to normal. A few locations received 1-1.5 of rain, but that was not enough to make up for record rainfall deficits over the past 12 to 15 months. Soil moisture readings remained below the 5th percentile ranking across most of southeast Arizona except around the 10th percentile ranking in Greenlee and southeast Graham counties. Levels at San Carlos Reservoir remained near zero percent of capacity. Numerous human and lightning caused wild land fires occurred, five of which grew to more than 10,000 acres during the hot, dry and windy month.",187
1060980,NORTH PHOENIX/GLENDALE (ZONE), ,06/01/2021,1700,Heat, , ,0,0,0,0,AZ,MST-7, ,175038,Z,544,PSR,0,1,County Official, , , , , , , , ,06/01/2021,1700, , , , ,"One indirect fatality was reported by the Maricopa County Department of Public Health, with their details, such as age, gender, circumstances, and exact location unavailable.","High pressure over the western United States led to temperatures warming several degrees above normal into the low 100s. According to the Maricopa County Department of Public Health, one fatality occurred due to the heat.",188
969683,LAKE MEAD NATIONAL RECREATION AREA (ZONE), ,06/02/2021,1200,Excessive Heat, , ,0,0,0,0,AZ,MST-7, ,158819,Z,36,VEF,0,0,Official NWS Observations, , , , , , , , ,06/05/2021,2000, , , , ,"Excessive Heat Warning criteria were reached four days in a row.","The first heat wave of the season pushed temperatures well over 100 degrees in much of the Mojave Desert.",189
969681,LAKE HAVASU AND FORT MOHAVE (ZONE), ,06/02/2021,1200,Excessive Heat, , ,0,0,0,0,AZ,MST-7, ,158819,Z,2,VEF,0,0,Official NWS Observations, , , , , , , , ,06/05/2021,2000, , , , ,"Excessive Heat Warning criteria were reached four days in a row.","The first heat wave of the season pushed temperatures well over 100 degrees in much of the Mojave Desert.",190
970487,TOHONO O ODHAM NATION (ZONE), ,06/02/2021,1200,Heat, , ,2,0,0,0,AZ,MST-7, ,160619,Z,502,TWC,0,0,County Official, , , , , , , , ,06/02/2021,1800, , , , ,"Temperatures 5 to 10 degrees above normal, around 100, occurred on the Tohono O'odham Nation causing the Moderate Heat Risk category to be reached on June 2. The Pima County Medical Examiner confirmed that heat was the primary cause of death for two males found in the desert.","Hot temperatures around 100 degrees were experienced on June 2 on the Tohono O'odham Nation. The Pima County Medical Examiner confirmed that heat was the primary cause of death for two males found in the desert.",191
967350,PINAL/SUPERSTITION MOUNTAINS (ZONE), ,06/04/2021,1330,Wildfire, , ,0,0,8000000,0,AZ,MST-7, ,159547,Z,558,PSR,0,0,Park/Forest Service, , , , , , , , ,06/30/2021,2359, , , , ,"The Telegraph Fire began as a human-caused wildfire south of Superior, Arizona. The wildfire quickly grew and led to multiple extended road closures, which included Highway 177 between Superior and Winkelman, Highway 77 between Globe and Winkelman, and Highway 60 between Superior and Top-Of-The-World. In addition to the road closures, evacuation orders were issued for multiple communities, including Superior, Top-Of-The-World, El Capitan, and portions of Miami and Globe. Increasing monsoonal activity toward the end of June and into early July provided some aid in extinguishing the wildfire. The Telegraph Fire became fully contained by July 6th after burning 180,757 acres and becoming the 6th largest wildfire in Arizona history. No injuries or fatalities were reported as a result of the wildfire, but 52 structures were reported to have burned with 22 of those structures reported to have burned in El Capitan.","Persistent extreme to exceptional drought conditions across much of the state combined with increasing heat going into the summer months promoted a favorable environment for wildfires. These conditions led to the rapid growth of a wildfire that started on June 4th near Superior, Arizona, which became known as the Telegraph Fire. The Telegraph Fire became one of the largest wildfires in state history after burning thousands of acres. The wildfire resulted in numerous road closures and evacuations and burned multiple structures before becoming fully contained in early July.",192
1060981,NORTH PHOENIX/GLENDALE (ZONE), ,06/05/2021,0,Heat, , ,1,0,0,0,AZ,MST-7, ,175039,Z,544,PSR,0,0,County Official, , , , , , , , ,06/05/2021,2359, , , , ,"One direct fatality was reported by the Maricopa County Department of Public Health, with their details, such as age, gender, circumstances, and exact location unavailable.","Strengthening high pressure centered over the Great Basin led to temperatures warming upwards of 5-7 degrees above normal for Phoenix. The warmest temperatures during this time peaked at 108 degrees in Phoenix on the 5th. According to the Maricopa County Department of Public Health, five fatalities occurred due to the heat.",193
1060982,CENTRAL PHOENIX (ZONE), ,06/06/2021,0,Heat, , ,1,0,0,0,AZ,MST-7, ,175039,Z,543,PSR,0,2,County Official, , , , , , , , ,06/06/2021,2359, , , , ,"Three fatalities (one direct and two indirect) were reported by the Maricopa County Department of Public Health, with their details, such as age, gender, circumstances, and exact location unavailable.","Strengthening high pressure centered over the Great Basin led to temperatures warming upwards of 5-7 degrees above normal for Phoenix. The warmest temperatures during this time peaked at 108 degrees in Phoenix on the 5th. According to the Maricopa County Department of Public Health, five fatalities occurred due to the heat.",194
970488,TOHONO O ODHAM NATION (ZONE), ,06/06/2021,1200,Heat, , ,1,0,0,0,AZ,MST-7, ,160620,Z,502,TWC,0,0,County Official, , , , , , , , ,06/07/2021,1900, , , , ,"Hot temperatures, 5 to 10 degrees above normal, were experienced on June 6-7 with high temperatures in the upper 90s to 100 degrees, causing the Moderate Heat Risk category to be reached. The Pima County Medical Examiner confirmed that heat was the primary cause of death for three males found in the desert, one on the Tohono O'odham Nation near Vamori, one near Arivaca, and another north of Amado.","Hot temperatures in the upper 90s to 100 degrees were experienced on June 6-7 in the lower elevations of southern Pima County. The Pima County Medical Examiner confirmed that heat was the primary cause of death for three males found in the desert, one on the Tohono O'odham Nation and 2 in southeast Pima County.",195
970490,UPPER SANTA CRUZ RIVER AND ALTAR VALLEYS (ZONE), ,06/06/2021,1200,Heat, , ,1,0,0,0,AZ,MST-7, ,160620,Z,503,TWC,0,0,County Official, , , , , , , , ,06/07/2021,1900, , , , ,"Hot temperatures, 5 to 10 degrees above normal, were experienced on June 6-7 with high temperatures in the upper 90s to 100 degrees, causing the Moderate Heat Risk category to be reached. The Pima County Medical Examiner confirmed that heat was the primary cause of death for three males found in the desert, one on the Tohono O'odham Nation near Vamori, one near Arivaca, and another north of Amado.","Hot temperatures in the upper 90s to 100 degrees were experienced on June 6-7 in the lower elevations of southern Pima County. The Pima County Medical Examiner confirmed that heat was the primary cause of death for three males found in the desert, one on the Tohono O'odham Nation and 2 in southeast Pima County.",196
970491,TUCSON METRO AREA (ZONE), ,06/06/2021,1200,Heat, , ,1,0,0,0,AZ,MST-7, ,160620,Z,504,TWC,0,0,County Official, , , , , , , , ,06/07/2021,1900, , , , ,"Hot temperatures, 5 to 10 degrees above normal, were experienced on June 6-7 with high temperatures in the upper 90s to 100 degrees, causing the Moderate Heat Risk category to be reached. The Pima County Medical Examiner confirmed that heat was the primary cause of death for three males found in the desert, one on the Tohono O'odham Nation near Vamori, one near Arivaca, and another north of Amado.","Hot temperatures in the upper 90s to 100 degrees were experienced on June 6-7 in the lower elevations of southern Pima County. The Pima County Medical Examiner confirmed that heat was the primary cause of death for three males found in the desert, one on the Tohono O'odham Nation and 2 in southeast Pima County.",197
1060983,CENTRAL PHOENIX (ZONE), ,06/07/2021,1700,Heat, , ,0,0,0,0,AZ,MST-7, ,175039,Z,543,PSR,0,1,County Official, , , , , , , , ,06/07/2021,1700, , , , ,"One indirect fatality was reported by the Maricopa County Department of Public Health, with their details, such as age, gender, circumstances, and exact location unavailable.","Strengthening high pressure centered over the Great Basin led to temperatures warming upwards of 5-7 degrees above normal for Phoenix. The warmest temperatures during this time peaked at 108 degrees in Phoenix on the 5th. According to the Maricopa County Department of Public Health, five fatalities occurred due to the heat.",198
967439,DRAGOON/MULE/HUACHUCA AND SANTA RITA MOUNTAINS (ZONE), ,06/09/2021,2345,Wildfire, , ,0,0,0,0,AZ,MST-7, ,160059,Z,513,TWC,0,0,Park/Forest Service, , , , , , , , ,06/16/2021,1800, , , , ,"The human caused Shamrock Fire started June 9, five miles north of the International Border in the Patagonia Mountains of Santa Cruz County. The wildfire grew quickly in hot and dry conditions, but was contained June 16 after consuming 1104 acres. Fire suppression costs tallied $2.38 million.","The human caused Shamrock Fire started June 9, five miles north of the International Border in the Patagonia Mountains of Santa Cruz County. The wildfire grew quickly in hot and dry conditions, but was contained June 16 after consuming 1104 acres. Fire suppression costs tallied $2.38 million.",199
969949,GALIURO AND PINALENO MOUNTAINS (ZONE), ,06/10/2021,1200,Wildfire, , ,0,0,0,0,AZ,MST-7, ,160491,Z,511,TWC,0,0,Park/Forest Service, , , , , , , , ,06/25/2021,1200, , , , ,"The human caused Pinnacle Fire started June 10 on Pinnacle Ridge in the Santa Teresa Wilderness of western Graham County. The fire grew to over 15,000 acres within a week in hot, dry and windy conditions and to 34,417 acres by June 25. No fire growth was experienced after June 25, but the fire was not officially contained until July 16. Residents of the Aravaipa, Black Rock and Klondyke communities were evacuated for about two weeks, but no structures were lost. Fire suppression costs tallied $10.5 million.","The human caused Pinnacle Fire started June 10 on Pinnacle Ridge in the Santa Teresa Wilderness of western Graham County. The fire grew to over 15,000 acres within a week in hot, dry and windy conditions and to 34,417 acres by June 25. No fire growth was experienced after June 25, but the fire was not officially contained until July 16. Residents of the Aravaipa, Black Rock and Klondyke communities were evacuated for about two weeks, but no structures were lost. Fire suppression costs tallied $10.5 million.",200
970495,DRAGOON/MULE/HUACHUCA AND SANTA RITA MOUNTAINS (ZONE), ,06/10/2021,1200,Heat, , ,1,0,0,0,AZ,MST-7, ,160621,Z,513,TWC,0,0,County Official, , , , , , , , ,06/10/2021,1700, , , , ,"Hot temperatures of 95 to 100 degrees, or 4 to 8 degrees above normal occurred on June 10 in mid slope areas of Santa Cruz County, causing the Moderate Heat Risk category to be reached. The Pima County Medical Examiner confirmed that heat was the primary cause of death for one male found in the Patagonia Mountains.","Hot temperatures topping out from 95 to 100 degrees were experienced on June 10 in mid slope areas of Santa Cruz County. The Pima County Medical Examiner confirmed that heat was the primary cause of death for one male found in the Patagonia Mountains.",201
969948,UPPER GILA RIVER AND ARAVAIPA VALLEYS (ZONE), ,06/10/2021,1200,Wildfire, , ,0,0,0,0,AZ,MST-7, ,160491,Z,509,TWC,0,0,Park/Forest Service, , , , , , , , ,06/25/2021,1200, , , , ,"The human caused Pinnacle Fire started June 10 on Pinnacle Ridge in the Santa Teresa Wilderness of western Graham County. The fire grew to over 15,000 acres within a week in hot, dry and windy conditions and to 34,417 acres by June 25. No fire growth was experienced after June 25, but the fire was not officially contained until July 16. Residents of the Aravaipa, Black Rock and Klondyke communities were evacuated for about two weeks, but no structures were lost. Fire suppression costs tallied $10.5 million.","The human caused Pinnacle Fire started June 10 on Pinnacle Ridge in the Santa Teresa Wilderness of western Graham County. The fire grew to over 15,000 acres within a week in hot, dry and windy conditions and to 34,417 acres by June 25. No fire growth was experienced after June 25, but the fire was not officially contained until July 16. Residents of the Aravaipa, Black Rock and Klondyke communities were evacuated for about two weeks, but no structures were lost. Fire suppression costs tallied $10.5 million.",202
970321,TUCSON METRO AREA (ZONE), ,06/12/2021,1000,Excessive Heat, , ,0,0,0,0,AZ,MST-7, ,160580,Z,504,TWC,0,0,Mesonet, , , , , , , , ,06/20/2021,2100, , , , ,"Very hot high temperatures of 106 to 119 degrees, or 8 to 13 degrees above normal, occurred in the lower elevations of southeast Arizona June 12-20, and caused the High Heat Risk category to be reached. New record daily high temperature records were established at numerous sites on several days during this period. For Tucson International Airport, this nine day period contributed to the hottest June on record and the 4th hottest temperature on record of 115 degrees occurred on June 15.  Sites that tied or broke all time hottest temperature records included Ajo with 119 degrees, Sasabe with 113, Green Valley with 112. The Pima County Medical Examiner confirmed that heat was the primary cause of death for 14 people found in the desert of Pima and Santa Cruz counties during this time period.","Very hot temperatures were experienced in much of southeast Arizona from June 12-20 with high temperatures exceeding established records in many locations. A number of  heat-related deaths were reported of persons found in desert.",203
970323,SOUTHEAST PINAL COUNTY (ZONE), ,06/12/2021,1000,Excessive Heat, , ,0,0,0,0,AZ,MST-7, ,160580,Z,506,TWC,0,0,Mesonet, , , , , , , , ,06/20/2021,2100, , , , ,"Very hot high temperatures of 106 to 119 degrees, or 8 to 13 degrees above normal, occurred in the lower elevations of southeast Arizona June 12-20, and caused the High Heat Risk category to be reached. New record daily high temperature records were established at numerous sites on several days during this period. For Tucson International Airport, this nine day period contributed to the hottest June on record and the 4th hottest temperature on record of 115 degrees occurred on June 15.  Sites that tied or broke all time hottest temperature records included Ajo with 119 degrees, Sasabe with 113, Green Valley with 112. The Pima County Medical Examiner confirmed that heat was the primary cause of death for 14 people found in the desert of Pima and Santa Cruz counties during this time period.","Very hot temperatures were experienced in much of southeast Arizona from June 12-20 with high temperatures exceeding established records in many locations. A number of  heat-related deaths were reported of persons found in desert.",204
970322,SOUTH CENTRAL PINAL COUNTY (ZONE), ,06/12/2021,1000,Excessive Heat, , ,0,0,0,0,AZ,MST-7, ,160580,Z,505,TWC,0,0,Mesonet, , , , , , , , ,06/20/2021,2100, , , , ,"Very hot high temperatures of 106 to 119 degrees, or 8 to 13 degrees above normal, occurred in the lower elevations of southeast Arizona June 12-20, and caused the High Heat Risk category to be reached. New record daily high temperature records were established at numerous sites on several days during this period. For Tucson International Airport, this nine day period contributed to the hottest June on record and the 4th hottest temperature on record of 115 degrees occurred on June 15.  Sites that tied or broke all time hottest temperature records included Ajo with 119 degrees, Sasabe with 113, Green Valley with 112. The Pima County Medical Examiner confirmed that heat was the primary cause of death for 14 people found in the desert of Pima and Santa Cruz counties during this time period.","Very hot temperatures were experienced in much of southeast Arizona from June 12-20 with high temperatures exceeding established records in many locations. A number of  heat-related deaths were reported of persons found in desert.",205
970324,UPPER GILA RIVER AND ARAVAIPA VALLEYS (ZONE), ,06/12/2021,1000,Excessive Heat, , ,0,0,0,0,AZ,MST-7, ,160580,Z,509,TWC,0,0,Mesonet, , , , , , , , ,06/20/2021,2100, , , , ,"Very hot high temperatures of 106 to 119 degrees, or 8 to 13 degrees above normal, occurred in the lower elevations of southeast Arizona June 12-20, and caused the High Heat Risk category to be reached. New record daily high temperature records were established at numerous sites on several days during this period. For Tucson International Airport, this nine day period contributed to the hottest June on record and the 4th hottest temperature on record of 115 degrees occurred on June 15.  Sites that tied or broke all time hottest temperature records included Ajo with 119 degrees, Sasabe with 113, Green Valley with 112. The Pima County Medical Examiner confirmed that heat was the primary cause of death for 14 people found in the desert of Pima and Santa Cruz counties during this time period.","Very hot temperatures were experienced in much of southeast Arizona from June 12-20 with high temperatures exceeding established records in many locations. A number of  heat-related deaths were reported of persons found in desert.",206
970298,WESTERN PIMA COUNTY (ZONE), ,06/12/2021,1000,Excessive Heat, , ,0,0,0,0,AZ,MST-7, ,160580,Z,501,TWC,0,0,Mesonet, , , , , , , , ,06/20/2021,2100, , , , ,"Very hot high temperatures of 106 to 119 degrees, or 8 to 13 degrees above normal, occurred in the lower elevations of southeast Arizona June 12-20, and caused the High Heat Risk category to be reached. New record daily high temperature records were established at numerous sites on several days during this period. For Tucson International Airport, this nine day period contributed to the hottest June on record and the 4th hottest temperature on record of 115 degrees occurred on June 15.  Sites that tied or broke all time hottest temperature records included Ajo with 119 degrees, Sasabe with 113, Green Valley with 112. The Pima County Medical Examiner confirmed that heat was the primary cause of death for 14 people found in the desert of Pima and Santa Cruz counties during this time period.","Very hot temperatures were experienced in much of southeast Arizona from June 12-20 with high temperatures exceeding established records in many locations. A number of  heat-related deaths were reported of persons found in desert.",207
970299,UPPER SAN PEDRO RIVER VALLEY (ZONE), ,06/12/2021,1000,Excessive Heat, , ,1,0,0,0,AZ,MST-7, ,160580,Z,507,TWC,0,0,County Official, , , , , , , , ,06/14/2021,2000, , , , ,"Very hot high temperatures of 103 to 112 degrees, or 8 to 16 degrees above normal, occurred in the lower elevations of Cochise County June 12-14, and caused the High Heat Risk category to be reached. New record daily high temperature records were established at several sites, including 112 degrees at Cascabel, 111 at Willcox, 109 at Tombstone, and 107 at Sierra Vista. The Pima County Medical Examiner confirmed that heat was the primary cause of death for 1 person found in the desert near the International Border south of Palominas on June 14.","Very hot temperatures were experienced in much of southeast Arizona from June 12-20 with high temperatures exceeding established records in many locations. A number of  heat-related deaths were reported of persons found in desert.",208
970319,TOHONO O ODHAM NATION (ZONE), ,06/12/2021,1000,Excessive Heat, , ,11,0,0,0,AZ,MST-7, ,160580,Z,502,TWC,0,0,County Official, , , , , , , , ,06/20/2021,2100, , , , ,"Very hot high temperatures of 106 to 119 degrees, or 8 to 13 degrees above normal, occurred in the lower elevations of southeast Arizona June 12-20, and caused the High Heat Risk category to be reached. New record daily high temperature records were established at numerous sites on several days during this period. For Tucson International Airport, this nine day period contributed to the hottest June on record and the 4th hottest temperature on record of 115 degrees occurred on June 15.  Sites that tied or broke all time hottest temperature records included Ajo with 119 degrees, Sasabe with 113, Green Valley with 112. The Pima County Medical Examiner confirmed that heat was the primary cause of death for 14 people found in the desert of Pima and Santa Cruz counties during this time period.","Very hot temperatures were experienced in much of southeast Arizona from June 12-20 with high temperatures exceeding established records in many locations. A number of  heat-related deaths were reported of persons found in desert.",209
970315,EASTERN COCHISE COUNTY BELOW 5000 FEET (ZONE), ,06/12/2021,1000,Excessive Heat, , ,0,0,0,0,AZ,MST-7, ,160580,Z,508,TWC,0,0,Mesonet, , , , , , , , ,06/14/2021,2000, , , , ,"Very hot high temperatures of 103 to 112 degrees, or 8 to 16 degrees above normal, occurred in the lower elevations of Cochise County June 12-14, and caused the High Heat Risk category to be reached. New record daily high temperature records were established at several sites, including 112 degrees at Cascabel, 111 at Willcox, 109 at Tombstone, and 107 at Sierra Vista. The Pima County Medical Examiner confirmed that heat was the primary cause of death for 1 person found in the desert near the International Border south of Palominas on June 14.","Very hot temperatures were experienced in much of southeast Arizona from June 12-20 with high temperatures exceeding established records in many locations. A number of  heat-related deaths were reported of persons found in desert.",210
970320,UPPER SANTA CRUZ RIVER AND ALTAR VALLEYS (ZONE), ,06/12/2021,1000,Excessive Heat, , ,3,0,0,0,AZ,MST-7, ,160580,Z,503,TWC,0,0,County Official, , , , , , , , ,06/20/2021,2100, , , , ,"Very hot high temperatures of 106 to 119 degrees, or 8 to 13 degrees above normal, occurred in the lower elevations of southeast Arizona June 12-20, and caused the High Heat Risk category to be reached. New record daily high temperature records were established at numerous sites on several days during this period. For Tucson International Airport, this nine day period contributed to the hottest June on record and the 4th hottest temperature on record of 115 degrees occurred on June 15.  Sites that tied or broke all time hottest temperature records included Ajo with 119 degrees, Sasabe with 113, Green Valley with 112. The Pima County Medical Examiner confirmed that heat was the primary cause of death for 14 people found in the desert of Pima and Santa Cruz counties during this time period.","Very hot temperatures were experienced in much of southeast Arizona from June 12-20 with high temperatures exceeding established records in many locations. A number of  heat-related deaths were reported of persons found in desert.",211
1061048,NORTHWEST PINAL COUNTY (ZONE), ,06/12/2021,1000,Excessive Heat, , ,0,0,0,0,AZ,MST-7, ,175040,Z,553,PSR,0,0,County Official, , , , , , , , ,06/20/2021,2000, , , , ,"","A strong upper level ridge strengthened over the Desert Southwest during the middle part of June with the center of high pressure becoming focused over the Four Corners region. As a result, temperatures warmed up well above normal reaching excessive heat conditions. High temperatures climbed at or above 115 degrees each day (6 days) between the 15th-20th, breaking Phoenix's record for consecutive days of 115+ degree temperatures. Temperatures in Phoenix peaked on the 17th at 118 degrees, breaking the record for the date and becoming the hottest temperature for the whole year. According to the Maricopa County Department of Public Health, sixty heat-associated fatalities occurred as a result of this heat wave.",212
1061049,WEST PINAL COUNTY (ZONE), ,06/12/2021,1000,Excessive Heat, , ,0,0,0,0,AZ,MST-7, ,175040,Z,554,PSR,0,0,County Official, , , , , , , , ,06/20/2021,2000, , , , ,"","A strong upper level ridge strengthened over the Desert Southwest during the middle part of June with the center of high pressure becoming focused over the Four Corners region. As a result, temperatures warmed up well above normal reaching excessive heat conditions. High temperatures climbed at or above 115 degrees each day (6 days) between the 15th-20th, breaking Phoenix's record for consecutive days of 115+ degree temperatures. Temperatures in Phoenix peaked on the 17th at 118 degrees, breaking the record for the date and becoming the hottest temperature for the whole year. According to the Maricopa County Department of Public Health, sixty heat-associated fatalities occurred as a result of this heat wave.",213
1061053,DRIPPING SPRINGS (ZONE), ,06/12/2021,1000,Excessive Heat, , ,0,0,0,0,AZ,MST-7, ,175040,Z,561,PSR,0,0,County Official, , , , , , , , ,06/20/2021,2000, , , , ,"","A strong upper level ridge strengthened over the Desert Southwest during the middle part of June with the center of high pressure becoming focused over the Four Corners region. As a result, temperatures warmed up well above normal reaching excessive heat conditions. High temperatures climbed at or above 115 degrees each day (6 days) between the 15th-20th, breaking Phoenix's record for consecutive days of 115+ degree temperatures. Temperatures in Phoenix peaked on the 17th at 118 degrees, breaking the record for the date and becoming the hottest temperature for the whole year. According to the Maricopa County Department of Public Health, sixty heat-associated fatalities occurred as a result of this heat wave.",214
1061051,TONTO BASIN (ZONE), ,06/12/2021,1000,Excessive Heat, , ,0,0,0,0,AZ,MST-7, ,175040,Z,556,PSR,0,0,County Official, , , , , , , , ,06/20/2021,2000, , , , ,"","A strong upper level ridge strengthened over the Desert Southwest during the middle part of June with the center of high pressure becoming focused over the Four Corners region. As a result, temperatures warmed up well above normal reaching excessive heat conditions. High temperatures climbed at or above 115 degrees each day (6 days) between the 15th-20th, breaking Phoenix's record for consecutive days of 115+ degree temperatures. Temperatures in Phoenix peaked on the 17th at 118 degrees, breaking the record for the date and becoming the hottest temperature for the whole year. According to the Maricopa County Department of Public Health, sixty heat-associated fatalities occurred as a result of this heat wave.",215
1061052,SAN CARLOS (ZONE), ,06/12/2021,1000,Excessive Heat, , ,0,0,0,0,AZ,MST-7, ,175040,Z,560,PSR,0,0,County Official, , , , , , , , ,06/20/2021,2000, , , , ,"","A strong upper level ridge strengthened over the Desert Southwest during the middle part of June with the center of high pressure becoming focused over the Four Corners region. As a result, temperatures warmed up well above normal reaching excessive heat conditions. High temperatures climbed at or above 115 degrees each day (6 days) between the 15th-20th, breaking Phoenix's record for consecutive days of 115+ degree temperatures. Temperatures in Phoenix peaked on the 17th at 118 degrees, breaking the record for the date and becoming the hottest temperature for the whole year. According to the Maricopa County Department of Public Health, sixty heat-associated fatalities occurred as a result of this heat wave.",216
1061046,SOUTH MOUNTAIN/AHWATUKEE (ZONE), ,06/12/2021,1000,Excessive Heat, , ,0,0,0,0,AZ,MST-7, ,175040,Z,550,PSR,0,0,County Official, , , , , , , , ,06/20/2021,2000, , , , ,"","A strong upper level ridge strengthened over the Desert Southwest during the middle part of June with the center of high pressure becoming focused over the Four Corners region. As a result, temperatures warmed up well above normal reaching excessive heat conditions. High temperatures climbed at or above 115 degrees each day (6 days) between the 15th-20th, breaking Phoenix's record for consecutive days of 115+ degree temperatures. Temperatures in Phoenix peaked on the 17th at 118 degrees, breaking the record for the date and becoming the hottest temperature for the whole year. According to the Maricopa County Department of Public Health, sixty heat-associated fatalities occurred as a result of this heat wave.",217
1061050,APACHE JUNCTION/GOLD CANYON (ZONE), ,06/12/2021,1000,Excessive Heat, , ,0,0,0,0,AZ,MST-7, ,175040,Z,555,PSR,0,0,County Official, , , , , , , , ,06/20/2021,2000, , , , ,"","A strong upper level ridge strengthened over the Desert Southwest during the middle part of June with the center of high pressure becoming focused over the Four Corners region. As a result, temperatures warmed up well above normal reaching excessive heat conditions. High temperatures climbed at or above 115 degrees each day (6 days) between the 15th-20th, breaking Phoenix's record for consecutive days of 115+ degree temperatures. Temperatures in Phoenix peaked on the 17th at 118 degrees, breaking the record for the date and becoming the hottest temperature for the whole year. According to the Maricopa County Department of Public Health, sixty heat-associated fatalities occurred as a result of this heat wave.",218
1060988,SOUTHEAST VALLEY/QUEEN CREEK (ZONE), ,06/12/2021,1000,Excessive Heat, , ,0,0,0,0,AZ,MST-7, ,175040,Z,551,PSR,0,1,County Official, , , , , , , , ,06/20/2021,2000, , , , ,"One indirect fatality was reported by the Maricopa County Department of Public Health, with their details, such as age, gender, circumstances, and exact location unavailable.","A strong upper level ridge strengthened over the Desert Southwest during the middle part of June with the center of high pressure becoming focused over the Four Corners region. As a result, temperatures warmed up well above normal reaching excessive heat conditions. High temperatures climbed at or above 115 degrees each day (6 days) between the 15th-20th, breaking Phoenix's record for consecutive days of 115+ degree temperatures. Temperatures in Phoenix peaked on the 17th at 118 degrees, breaking the record for the date and becoming the hottest temperature for the whole year. According to the Maricopa County Department of Public Health, sixty heat-associated fatalities occurred as a result of this heat wave.",219
1060990,BUCKEYE/AVONDALE (ZONE), ,06/12/2021,1000,Excessive Heat, , ,2,0,0,0,AZ,MST-7, ,175040,Z,540,PSR,0,0,County Official, , , , , , , , ,06/20/2021,2000, , , , ,"Two direct fatalities were reported by the Maricopa County Department of Public Health, with their details, such as age, gender, circumstances, and exact location unavailable.","A strong upper level ridge strengthened over the Desert Southwest during the middle part of June with the center of high pressure becoming focused over the Four Corners region. As a result, temperatures warmed up well above normal reaching excessive heat conditions. High temperatures climbed at or above 115 degrees each day (6 days) between the 15th-20th, breaking Phoenix's record for consecutive days of 115+ degree temperatures. Temperatures in Phoenix peaked on the 17th at 118 degrees, breaking the record for the date and becoming the hottest temperature for the whole year. According to the Maricopa County Department of Public Health, sixty heat-associated fatalities occurred as a result of this heat wave.",220
1061043,NEW RIVER MESA (ZONE), ,06/12/2021,1000,Excessive Heat, , ,0,0,0,0,AZ,MST-7, ,175040,Z,545,PSR,0,0,County Official, , , , , , , , ,06/20/2021,2000, , , , ,"","A strong upper level ridge strengthened over the Desert Southwest during the middle part of June with the center of high pressure becoming focused over the Four Corners region. As a result, temperatures warmed up well above normal reaching excessive heat conditions. High temperatures climbed at or above 115 degrees each day (6 days) between the 15th-20th, breaking Phoenix's record for consecutive days of 115+ degree temperatures. Temperatures in Phoenix peaked on the 17th at 118 degrees, breaking the record for the date and becoming the hottest temperature for the whole year. According to the Maricopa County Department of Public Health, sixty heat-associated fatalities occurred as a result of this heat wave.",221
1061044,RIO VERDE/SALT RIVER (ZONE), ,06/12/2021,1000,Excessive Heat, , ,0,0,0,0,AZ,MST-7, ,175040,Z,547,PSR,0,0,County Official, , , , , , , , ,06/20/2021,2000, , , , ,"","A strong upper level ridge strengthened over the Desert Southwest during the middle part of June with the center of high pressure becoming focused over the Four Corners region. As a result, temperatures warmed up well above normal reaching excessive heat conditions. High temperatures climbed at or above 115 degrees each day (6 days) between the 15th-20th, breaking Phoenix's record for consecutive days of 115+ degree temperatures. Temperatures in Phoenix peaked on the 17th at 118 degrees, breaking the record for the date and becoming the hottest temperature for the whole year. According to the Maricopa County Department of Public Health, sixty heat-associated fatalities occurred as a result of this heat wave.",222
1061045,FOUNTAIN HILLS/EAST MESA (ZONE), ,06/12/2021,1000,Excessive Heat, , ,0,0,0,0,AZ,MST-7, ,175040,Z,549,PSR,0,0,County Official, , , , , , , , ,06/20/2021,2000, , , , ,"","A strong upper level ridge strengthened over the Desert Southwest during the middle part of June with the center of high pressure becoming focused over the Four Corners region. As a result, temperatures warmed up well above normal reaching excessive heat conditions. High temperatures climbed at or above 115 degrees each day (6 days) between the 15th-20th, breaking Phoenix's record for consecutive days of 115+ degree temperatures. Temperatures in Phoenix peaked on the 17th at 118 degrees, breaking the record for the date and becoming the hottest temperature for the whole year. According to the Maricopa County Department of Public Health, sixty heat-associated fatalities occurred as a result of this heat wave.",223
1061047,SUPERIOR (ZONE), ,06/12/2021,1000,Excessive Heat, , ,0,0,0,0,AZ,MST-7, ,175040,Z,552,PSR,0,0,County Official, , , , , , , , ,06/20/2021,2000, , , , ,"","A strong upper level ridge strengthened over the Desert Southwest during the middle part of June with the center of high pressure becoming focused over the Four Corners region. As a result, temperatures warmed up well above normal reaching excessive heat conditions. High temperatures climbed at or above 115 degrees each day (6 days) between the 15th-20th, breaking Phoenix's record for consecutive days of 115+ degree temperatures. Temperatures in Phoenix peaked on the 17th at 118 degrees, breaking the record for the date and becoming the hottest temperature for the whole year. According to the Maricopa County Department of Public Health, sixty heat-associated fatalities occurred as a result of this heat wave.",224
1061042,DEER VALLEY (ZONE), ,06/12/2021,1000,Excessive Heat, , ,0,0,0,0,AZ,MST-7, ,175040,Z,542,PSR,0,0,County Official, , , , , , , , ,06/20/2021,2000, , , , ,"","A strong upper level ridge strengthened over the Desert Southwest during the middle part of June with the center of high pressure becoming focused over the Four Corners region. As a result, temperatures warmed up well above normal reaching excessive heat conditions. High temperatures climbed at or above 115 degrees each day (6 days) between the 15th-20th, breaking Phoenix's record for consecutive days of 115+ degree temperatures. Temperatures in Phoenix peaked on the 17th at 118 degrees, breaking the record for the date and becoming the hottest temperature for the whole year. According to the Maricopa County Department of Public Health, sixty heat-associated fatalities occurred as a result of this heat wave.",225
1061041,CAVE CREEK/NEW RIVER (ZONE), ,06/12/2021,1000,Excessive Heat, , ,0,0,0,0,AZ,MST-7, ,175040,Z,541,PSR,0,0,County Official, , , , , , , , ,06/20/2021,2000, , , , ,"","A strong upper level ridge strengthened over the Desert Southwest during the middle part of June with the center of high pressure becoming focused over the Four Corners region. As a result, temperatures warmed up well above normal reaching excessive heat conditions. High temperatures climbed at or above 115 degrees each day (6 days) between the 15th-20th, breaking Phoenix's record for consecutive days of 115+ degree temperatures. Temperatures in Phoenix peaked on the 17th at 118 degrees, breaking the record for the date and becoming the hottest temperature for the whole year. According to the Maricopa County Department of Public Health, sixty heat-associated fatalities occurred as a result of this heat wave.",226
1060984,CENTRAL PHOENIX (ZONE), ,06/12/2021,1000,Excessive Heat, , ,27,0,0,0,AZ,MST-7, ,175040,Z,543,PSR,0,8,County Official, , , , , , , , ,06/20/2021,2000, , , , ,"Thirty-five fatalities (27 direct and 8 indirect) were reported by the Maricopa County Department of Public Health, with their details, such as age, gender, circumstances, and exact location unavailable.","A strong upper level ridge strengthened over the Desert Southwest during the middle part of June with the center of high pressure becoming focused over the Four Corners region. As a result, temperatures warmed up well above normal reaching excessive heat conditions. High temperatures climbed at or above 115 degrees each day (6 days) between the 15th-20th, breaking Phoenix's record for consecutive days of 115+ degree temperatures. Temperatures in Phoenix peaked on the 17th at 118 degrees, breaking the record for the date and becoming the hottest temperature for the whole year. According to the Maricopa County Department of Public Health, sixty heat-associated fatalities occurred as a result of this heat wave.",227
1060986,NORTHWEST VALLEY (ZONE), ,06/12/2021,1000,Excessive Heat, , ,3,0,0,0,AZ,MST-7, ,175040,Z,537,PSR,0,1,County Official, , , , , , , , ,06/20/2021,2000, , , , ,"Four fatalities (3 direct and 1 indirect) were reported by the Maricopa County Department of Public Health, with their details, such as age, gender, circumstances, and exact location unavailable.","A strong upper level ridge strengthened over the Desert Southwest during the middle part of June with the center of high pressure becoming focused over the Four Corners region. As a result, temperatures warmed up well above normal reaching excessive heat conditions. High temperatures climbed at or above 115 degrees each day (6 days) between the 15th-20th, breaking Phoenix's record for consecutive days of 115+ degree temperatures. Temperatures in Phoenix peaked on the 17th at 118 degrees, breaking the record for the date and becoming the hottest temperature for the whole year. According to the Maricopa County Department of Public Health, sixty heat-associated fatalities occurred as a result of this heat wave.",228
1061054,GLOBE/MIAMI (ZONE), ,06/12/2021,1000,Excessive Heat, , ,0,0,0,0,AZ,MST-7, ,175040,Z,562,PSR,0,0,County Official, , , , , , , , ,06/20/2021,2000, , , , ,"","A strong upper level ridge strengthened over the Desert Southwest during the middle part of June with the center of high pressure becoming focused over the Four Corners region. As a result, temperatures warmed up well above normal reaching excessive heat conditions. High temperatures climbed at or above 115 degrees each day (6 days) between the 15th-20th, breaking Phoenix's record for consecutive days of 115+ degree temperatures. Temperatures in Phoenix peaked on the 17th at 118 degrees, breaking the record for the date and becoming the hottest temperature for the whole year. According to the Maricopa County Department of Public Health, sixty heat-associated fatalities occurred as a result of this heat wave.",229
1060985,SCOTTSDALE/PARADISE VALLEY (ZONE), ,06/12/2021,1000,Excessive Heat, , ,3,0,0,0,AZ,MST-7, ,175040,Z,546,PSR,0,1,County Official, , , , , , , , ,06/20/2021,2000, , , , ,"Four fatalities (3 direct and 1 indirect) were reported by the Maricopa County Department of Public Health, with their details, such as age, gender, circumstances, and exact location unavailable.","A strong upper level ridge strengthened over the Desert Southwest during the middle part of June with the center of high pressure becoming focused over the Four Corners region. As a result, temperatures warmed up well above normal reaching excessive heat conditions. High temperatures climbed at or above 115 degrees each day (6 days) between the 15th-20th, breaking Phoenix's record for consecutive days of 115+ degree temperatures. Temperatures in Phoenix peaked on the 17th at 118 degrees, breaking the record for the date and becoming the hottest temperature for the whole year. According to the Maricopa County Department of Public Health, sixty heat-associated fatalities occurred as a result of this heat wave.",230
1060987,NORTH PHOENIX/GLENDALE (ZONE), ,06/12/2021,1000,Excessive Heat, , ,3,0,0,0,AZ,MST-7, ,175040,Z,544,PSR,0,2,County Official, , , , , , , , ,06/20/2021,2000, , , , ,"Five fatalities (3 direct and 2 indirect) were reported by the Maricopa County Department of Public Health, with their details, such as age, gender, circumstances, and exact location unavailable.","A strong upper level ridge strengthened over the Desert Southwest during the middle part of June with the center of high pressure becoming focused over the Four Corners region. As a result, temperatures warmed up well above normal reaching excessive heat conditions. High temperatures climbed at or above 115 degrees each day (6 days) between the 15th-20th, breaking Phoenix's record for consecutive days of 115+ degree temperatures. Temperatures in Phoenix peaked on the 17th at 118 degrees, breaking the record for the date and becoming the hottest temperature for the whole year. According to the Maricopa County Department of Public Health, sixty heat-associated fatalities occurred as a result of this heat wave.",231
1060989,EAST VALLEY (ZONE), ,06/12/2021,1000,Excessive Heat, , ,6,0,0,0,AZ,MST-7, ,175040,Z,548,PSR,0,3,County Official, , , , , , , , ,06/20/2021,2000, , , , ,"Nine fatalities (6 direct and 3 indirect) were reported by the Maricopa County Department of Public Health, with their details, such as age, gender, circumstances, and exact location unavailable.","A strong upper level ridge strengthened over the Desert Southwest during the middle part of June with the center of high pressure becoming focused over the Four Corners region. As a result, temperatures warmed up well above normal reaching excessive heat conditions. High temperatures climbed at or above 115 degrees each day (6 days) between the 15th-20th, breaking Phoenix's record for consecutive days of 115+ degree temperatures. Temperatures in Phoenix peaked on the 17th at 118 degrees, breaking the record for the date and becoming the hottest temperature for the whole year. According to the Maricopa County Department of Public Health, sixty heat-associated fatalities occurred as a result of this heat wave.",232
970980,SANTA CATALINA AND RINCON MOUNTAINS (ZONE), ,06/12/2021,1200,Heat, , ,1,0,0,0,AZ,MST-7, ,160580,Z,514,TWC,0,0,State Official, , , , , , , , ,06/20/2021,1800, , , , ,"A man on a four-day hike suffered heat exhaustion in the Santa Catalina Mountains.  He had checked in the morning of his passing but did not make it to his pick up point. High temperatures were above normal and ranged from 90 to 100 degrees between 5000 and 7000 feet.","Very hot temperatures were experienced in much of southeast Arizona from June 12-20 with high temperatures exceeding established records in many locations. A number of  heat-related deaths were reported of persons found in desert.",233
1061060,PINAL/SUPERSTITION MOUNTAINS (ZONE), ,06/13/2021,1000,Excessive Heat, , ,0,0,0,0,AZ,MST-7, ,175040,Z,558,PSR,0,0,County Official, , , , , , , , ,06/20/2021,2000, , , , ,"","A strong upper level ridge strengthened over the Desert Southwest during the middle part of June with the center of high pressure becoming focused over the Four Corners region. As a result, temperatures warmed up well above normal reaching excessive heat conditions. High temperatures climbed at or above 115 degrees each day (6 days) between the 15th-20th, breaking Phoenix's record for consecutive days of 115+ degree temperatures. Temperatures in Phoenix peaked on the 17th at 118 degrees, breaking the record for the date and becoming the hottest temperature for the whole year. According to the Maricopa County Department of Public Health, sixty heat-associated fatalities occurred as a result of this heat wave.",234
1061055,AGUILA VALLEY (ZONE), ,06/13/2021,1000,Excessive Heat, , ,0,0,0,0,AZ,MST-7, ,175040,Z,534,PSR,0,0,County Official, , , , , , , , ,06/20/2021,2000, , , , ,"","A strong upper level ridge strengthened over the Desert Southwest during the middle part of June with the center of high pressure becoming focused over the Four Corners region. As a result, temperatures warmed up well above normal reaching excessive heat conditions. High temperatures climbed at or above 115 degrees each day (6 days) between the 15th-20th, breaking Phoenix's record for consecutive days of 115+ degree temperatures. Temperatures in Phoenix peaked on the 17th at 118 degrees, breaking the record for the date and becoming the hottest temperature for the whole year. According to the Maricopa County Department of Public Health, sixty heat-associated fatalities occurred as a result of this heat wave.",235
1061056,TONOPAH DESERT (ZONE), ,06/13/2021,1000,Excessive Heat, , ,0,0,0,0,AZ,MST-7, ,175040,Z,538,PSR,0,0,County Official, , , , , , , , ,06/20/2021,2000, , , , ,"","A strong upper level ridge strengthened over the Desert Southwest during the middle part of June with the center of high pressure becoming focused over the Four Corners region. As a result, temperatures warmed up well above normal reaching excessive heat conditions. High temperatures climbed at or above 115 degrees each day (6 days) between the 15th-20th, breaking Phoenix's record for consecutive days of 115+ degree temperatures. Temperatures in Phoenix peaked on the 17th at 118 degrees, breaking the record for the date and becoming the hottest temperature for the whole year. According to the Maricopa County Department of Public Health, sixty heat-associated fatalities occurred as a result of this heat wave.",236
1061057,GILA BEND (ZONE), ,06/13/2021,1000,Excessive Heat, , ,0,0,0,0,AZ,MST-7, ,175040,Z,539,PSR,0,0,County Official, , , , , , , , ,06/20/2021,2000, , , , ,"","A strong upper level ridge strengthened over the Desert Southwest during the middle part of June with the center of high pressure becoming focused over the Four Corners region. As a result, temperatures warmed up well above normal reaching excessive heat conditions. High temperatures climbed at or above 115 degrees each day (6 days) between the 15th-20th, breaking Phoenix's record for consecutive days of 115+ degree temperatures. Temperatures in Phoenix peaked on the 17th at 118 degrees, breaking the record for the date and becoming the hottest temperature for the whole year. According to the Maricopa County Department of Public Health, sixty heat-associated fatalities occurred as a result of this heat wave.",237
1061059,MAZATZAL MOUNTAINS (ZONE), ,06/13/2021,1000,Excessive Heat, , ,0,0,0,0,AZ,MST-7, ,175040,Z,557,PSR,0,0,County Official, , , , , , , , ,06/20/2021,2000, , , , ,"","A strong upper level ridge strengthened over the Desert Southwest during the middle part of June with the center of high pressure becoming focused over the Four Corners region. As a result, temperatures warmed up well above normal reaching excessive heat conditions. High temperatures climbed at or above 115 degrees each day (6 days) between the 15th-20th, breaking Phoenix's record for consecutive days of 115+ degree temperatures. Temperatures in Phoenix peaked on the 17th at 118 degrees, breaking the record for the date and becoming the hottest temperature for the whole year. According to the Maricopa County Department of Public Health, sixty heat-associated fatalities occurred as a result of this heat wave.",238
1061058,SONORAN DESERT NATL MONUMENT (ZONE), ,06/13/2021,1000,Excessive Heat, , ,0,0,0,0,AZ,MST-7, ,175040,Z,559,PSR,0,0,County Official, , , , , , , , ,06/20/2021,2000, , , , ,"","A strong upper level ridge strengthened over the Desert Southwest during the middle part of June with the center of high pressure becoming focused over the Four Corners region. As a result, temperatures warmed up well above normal reaching excessive heat conditions. High temperatures climbed at or above 115 degrees each day (6 days) between the 15th-20th, breaking Phoenix's record for consecutive days of 115+ degree temperatures. Temperatures in Phoenix peaked on the 17th at 118 degrees, breaking the record for the date and becoming the hottest temperature for the whole year. According to the Maricopa County Department of Public Health, sixty heat-associated fatalities occurred as a result of this heat wave.",239
1061061,SOUTHEAST GILA COUNTY (ZONE), ,06/13/2021,1000,Excessive Heat, , ,0,0,0,0,AZ,MST-7, ,175040,Z,563,PSR,0,0,County Official, , , , , , , , ,06/20/2021,2000, , , , ,"","A strong upper level ridge strengthened over the Desert Southwest during the middle part of June with the center of high pressure becoming focused over the Four Corners region. As a result, temperatures warmed up well above normal reaching excessive heat conditions. High temperatures climbed at or above 115 degrees each day (6 days) between the 15th-20th, breaking Phoenix's record for consecutive days of 115+ degree temperatures. Temperatures in Phoenix peaked on the 17th at 118 degrees, breaking the record for the date and becoming the hottest temperature for the whole year. According to the Maricopa County Department of Public Health, sixty heat-associated fatalities occurred as a result of this heat wave.",240
1061064,YUMA (ZONE), ,06/14/2021,1000,Excessive Heat, , ,0,0,0,0,AZ,MST-7, ,175040,Z,532,PSR,0,0,County Official, , , , , , , , ,06/20/2021,2000, , , , ,"","A strong upper level ridge strengthened over the Desert Southwest during the middle part of June with the center of high pressure becoming focused over the Four Corners region. As a result, temperatures warmed up well above normal reaching excessive heat conditions. High temperatures climbed at or above 115 degrees each day (6 days) between the 15th-20th, breaking Phoenix's record for consecutive days of 115+ degree temperatures. Temperatures in Phoenix peaked on the 17th at 118 degrees, breaking the record for the date and becoming the hottest temperature for the whole year. According to the Maricopa County Department of Public Health, sixty heat-associated fatalities occurred as a result of this heat wave.",241
1061062,PARKER VALLEY (ZONE), ,06/14/2021,1000,Excessive Heat, , ,0,0,0,0,AZ,MST-7, ,175040,Z,530,PSR,0,0,County Official, , , , , , , , ,06/20/2021,2000, , , , ,"","A strong upper level ridge strengthened over the Desert Southwest during the middle part of June with the center of high pressure becoming focused over the Four Corners region. As a result, temperatures warmed up well above normal reaching excessive heat conditions. High temperatures climbed at or above 115 degrees each day (6 days) between the 15th-20th, breaking Phoenix's record for consecutive days of 115+ degree temperatures. Temperatures in Phoenix peaked on the 17th at 118 degrees, breaking the record for the date and becoming the hottest temperature for the whole year. According to the Maricopa County Department of Public Health, sixty heat-associated fatalities occurred as a result of this heat wave.",242
1061063,KOFA (ZONE), ,06/14/2021,1000,Excessive Heat, , ,0,0,0,0,AZ,MST-7, ,175040,Z,531,PSR,0,0,County Official, , , , , , , , ,06/20/2021,2000, , , , ,"","A strong upper level ridge strengthened over the Desert Southwest during the middle part of June with the center of high pressure becoming focused over the Four Corners region. As a result, temperatures warmed up well above normal reaching excessive heat conditions. High temperatures climbed at or above 115 degrees each day (6 days) between the 15th-20th, breaking Phoenix's record for consecutive days of 115+ degree temperatures. Temperatures in Phoenix peaked on the 17th at 118 degrees, breaking the record for the date and becoming the hottest temperature for the whole year. According to the Maricopa County Department of Public Health, sixty heat-associated fatalities occurred as a result of this heat wave.",243
1061065,CENTRAL LA PAZ (ZONE), ,06/14/2021,1000,Excessive Heat, , ,0,0,0,0,AZ,MST-7, ,175040,Z,533,PSR,0,0,County Official, , , , , , , , ,06/20/2021,2000, , , , ,"","A strong upper level ridge strengthened over the Desert Southwest during the middle part of June with the center of high pressure becoming focused over the Four Corners region. As a result, temperatures warmed up well above normal reaching excessive heat conditions. High temperatures climbed at or above 115 degrees each day (6 days) between the 15th-20th, breaking Phoenix's record for consecutive days of 115+ degree temperatures. Temperatures in Phoenix peaked on the 17th at 118 degrees, breaking the record for the date and becoming the hottest temperature for the whole year. According to the Maricopa County Department of Public Health, sixty heat-associated fatalities occurred as a result of this heat wave.",244
1061067,GILA RIVER VALLEY (ZONE), ,06/14/2021,1000,Excessive Heat, , ,0,0,0,0,AZ,MST-7, ,175040,Z,536,PSR,0,0,County Official, , , , , , , , ,06/20/2021,2000, , , , ,"","A strong upper level ridge strengthened over the Desert Southwest during the middle part of June with the center of high pressure becoming focused over the Four Corners region. As a result, temperatures warmed up well above normal reaching excessive heat conditions. High temperatures climbed at or above 115 degrees each day (6 days) between the 15th-20th, breaking Phoenix's record for consecutive days of 115+ degree temperatures. Temperatures in Phoenix peaked on the 17th at 118 degrees, breaking the record for the date and becoming the hottest temperature for the whole year. According to the Maricopa County Department of Public Health, sixty heat-associated fatalities occurred as a result of this heat wave.",245
1061066,SOUTHEAST YUMA COUNTY (ZONE), ,06/14/2021,1000,Excessive Heat, , ,0,0,0,0,AZ,MST-7, ,175040,Z,535,PSR,0,0,County Official, , , , , , , , ,06/20/2021,2000, , , , ,"","A strong upper level ridge strengthened over the Desert Southwest during the middle part of June with the center of high pressure becoming focused over the Four Corners region. As a result, temperatures warmed up well above normal reaching excessive heat conditions. High temperatures climbed at or above 115 degrees each day (6 days) between the 15th-20th, breaking Phoenix's record for consecutive days of 115+ degree temperatures. Temperatures in Phoenix peaked on the 17th at 118 degrees, breaking the record for the date and becoming the hottest temperature for the whole year. According to the Maricopa County Department of Public Health, sixty heat-associated fatalities occurred as a result of this heat wave.",246
969699,LAKE MEAD NATIONAL RECREATION AREA (ZONE), ,06/14/2021,1200,Excessive Heat, , ,0,0,0,0,AZ,MST-7, ,158823,Z,36,VEF,0,0,Official NWS Observations, , , , , , , , ,06/20/2021,2000, , , , ,"Excessive Heat Warning criteria were reached seven days in a row.","Strong, nearly stationary high pressure led to a week long, intense heat wave with many temperature records broken.",247
969696,NORTHWEST PLATEAU (ZONE), ,06/14/2021,1200,Excessive Heat, , ,0,0,0,0,AZ,MST-7, ,158823,Z,1,VEF,0,0,Official NWS Observations, , , , , , , , ,06/20/2021,2000, , , , ,"Excessive Heat Warning criteria were reached seven days in a row.","Strong, nearly stationary high pressure led to a week long, intense heat wave with many temperature records broken.",248
969697,LAKE HAVASU AND FORT MOHAVE (ZONE), ,06/14/2021,1200,Excessive Heat, , ,0,0,0,0,AZ,MST-7, ,158823,Z,2,VEF,0,0,Official NWS Observations, , , , , , , , ,06/20/2021,2000, , , , ,"Excessive Heat Warning criteria were reached seven days in a row.","Strong, nearly stationary high pressure led to a week long, intense heat wave with many temperature records broken.",249
969698,NORTHWEST DESERTS (ZONE), ,06/14/2021,1200,Excessive Heat, , ,0,0,0,0,AZ,MST-7, ,158823,Z,3,VEF,0,0,Official NWS Observations, , , , , , , , ,06/20/2021,2000, , , , ,"Excessive Heat Warning criteria were reached seven days in a row.","Strong, nearly stationary high pressure led to a week long, intense heat wave with many temperature records broken.",250
969974,GRAHAM CO.,DUBLIN,06/14/2021,1800,Thunderstorm Wind,52.00, ,0,0,10000,0,AZ,MST-7,EG,160492,C,9,TWC,0,0,Newspaper, , , ,2,SSW,2,NNW,CACTUS FLAT,06/14/2021,1810,32.9002,-109.8421,32.7809,-109.7329,"Thunderstorm outflow wind gusts of 50 to 60 mph blew across the Gila River Valley. Several power poles were downed in Pima and south of Safford. A wind gust to 54 mph was measured at the Safford Airport ASOS.","Isolated high based thunderstorms moved west across Graham and Cochise counties. Outflow winds downed several power poles in Graham County.",251
967429,WHITE MOUNTAINS OF GRAHAM AND GREENLEE COUNTIES (ZONE), ,06/16/2021,730,Wildfire, , ,0,0,0,0,AZ,MST-7, ,160057,Z,510,TWC,0,0,Park/Forest Service, , , , , , , , ,06/29/2021,900, , , , ,"The Horton Fire was the largest of four lightning caused that ignited on June 16 north of Hannagan Meadows in the White Mountains in Greenlee County. The four fires, driven by thunderstorm outflow wind gusts in excess of 40 mph at times, merged into an 11,000 acre fire by June 26 and grew to 12,263 acres by June 29. No fire growth was experienced after this date, but the fire was not officially contained until July 13. Fire suppression costs tallied $3.5 million.","The Horton Fire was the largest of four lightning caused fires that ignited on June 16 north of Hannagan Meadows in the White Mountains in Greenlee County. The four fires, driven by thunderstorm outflow wind gusts in excess of 40 mph on several days, merged into an 11,000 acre fire by June 26 and grew to 12,263 acres by June 29. No fire growth was experienced after this date, but the fire was not officially contained until July 13. Fire suppression costs tallied $3.5 million.",252
967375,WHITE MOUNTAINS OF GRAHAM AND GREENLEE COUNTIES (ZONE), ,06/16/2021,1400,Wildfire, , ,0,0,0,0,AZ,MST-7, ,160050,Z,510,TWC,0,0,Park/Forest Service, , , , , , , , ,06/28/2021,1400, , , , ,"The lightning caused Bear Fire started June 16 in the White Mountains in Greenlee County. Thunderstorm outflow wind gusts in excess of 40 mph caused the wildfire to grow to more than 2000 acres on June 20 and resulted in the closure of Highway 191. Rapid fire growth occurred during the next week due to several additional days of gusty thunderstorm outflow winds with 23,480 acres consumed by June 28. Increased humidity inhibited rapid growth thereafter, and during this time of less active fire management, the final total reached 24,067 acres by July 8, when Highway 191 was reopened. Fire suppression costs tallied $200,000.","The lightning caused Bear Fire started June 16 in the White Mountains in Greenlee County. Thunderstorm outflow wind gusts in excess of 40 mph caused the wildfire to grow to more than 2000 acres on June 20 and resulted in the closure of Highway 191. Rapid fire growth occurred during the next week due to several additional days of gusty thunderstorm outflow winds with 23,480 acres consumed by June 28. Increased humidity inhibited rapid growth thereafter, and during this time of less active fire management the final total reached 24,067 acres by July 8, when Highway 191 was reopened. Fire suppression costs tallied $200,000.",253
968013,NAVAJO CO.,TEES TO,06/16/2021,1731,Tornado, ,EF0,0,0,0,0,AZ,MST-7, ,160172,C,17,FGZ,0,0,Public, ,0.1,10,6,W,6,W,TEES TO,06/16/2021,1736,35.49,-110.51,35.49,-110.51,"A land spout tornado observed by a member of the public west of Seba Dalkai School from 5:31 - 5:36 PM MST.","Mid level moisture increased over northern Arizona and isolated thunderstorm developed. A landspout formed along a gust front from a thunderstorm.",254
968828,YAVAPAI COUNTY MOUNTAINS (ZONE), ,06/17/2021,0,Wildfire, , ,0,0,0,0,AZ,MST-7, ,160309,Z,8,FGZ,0,0,Park/Forest Service, , , , , , , , ,06/30/2021,2200, , , , ,"Fire fires were started by lightning about five miles north of Paulden and west of Highway 89. The fires were: Rock Butte -126 acres, Red Hat ��� 49 acres, Limestone ��� 33 acres, Silent ��� 27 acres, and Spring ��� 567 acres.","Five fires were started by lightning on June 17 to 18 and were treated as a fire complex under one Incident Command Team. Combined, they burned just over 800 acres.",255
967999,APACHE CO.,SANDERS,06/17/2021,1531,Tornado, ,EF0,0,0,0,0,AZ,MST-7, ,160107,C,1,FGZ,0,0,Public, ,0.1,10,14,SE,14,SE,SANDERS,06/17/2021,1536,35.08,-109.18,35.08,-109.18,"A land spout tornado was reported by the public on Highway 191.  The land spout formed along a gust front produced by a thunderstorm.","Mid level moisture increased over northern Arizona and isolated thunderstorm developed. A landspout formed along a gust front from a thunderstorm.",256
969715,MOHAVE CO.,(IGM)MOJAVE CO ARPT,06/17/2021,1936,Thunderstorm Wind,61.00, ,0,0,0,0,AZ,MST-7,MG,158826,C,15,VEF,0,0,ASOS, , , ,2,N,2,N,(IGM)MOJAVE CO ARPT,06/17/2021,1951,35.2605,-113.9341,35.2605,-113.9341,"","Hot and dry conditions at the low levels helped a high based thunderstorm produce severe winds in Kingman.",257
968432,YAVAPAI COUNTY MOUNTAINS (ZONE), ,06/18/2021,1300,Wildfire, , ,0,0,0,0,AZ,MST-7, ,160256,Z,8,FGZ,0,0,Park/Forest Service, , , , , , , , ,06/30/2021,2300, , , , ,"The Rafael Fire was started by lightning June 18 and grew to just over 78,000 acres by the end of June. Little if any growth was observed in July before the rainy season started. The fire was located 4 miles north of Perkinsville, Arizona and east of Highway 89 in The Prescott National Forest.  There were three other lightning caused fires in the area: Sand Flat, Archibald, and Horney.","The Rafael Fire was started by lightning June 18 and grew to just over 78,000 acres by the end of June. Little if any growth was observed in July before the rainy season started.",258
968811,NORTHERN GILA COUNTY (ZONE), ,06/18/2021,2330,Wildfire, , ,0,0,0,0,AZ,MST-7, ,160306,Z,18,FGZ,0,0,Park/Forest Service, , , , , , , , ,06/30/2021,2330, , , , ,"The Backbone Fire was started by lightning on June 16 at around 1130 PM and burned around 40,900 acres by the end of June.  The fire was located about 2 miles west of Pine, Arizona in pi��on, juniper, chaparral, brush, grass, and cactus. About 20 of the fire was in Gila County.","The Backbone Fire was started by lightning on June 16 at around 1130 PM and burned around 40,900 acres by the end of June.  The fire was located about 2 miles 2 west of Pine, Arizona in pi��on, juniper, chaparral, brush, grass, and cactus. The fire burned in parts of three forecast zones.",259
968812,YAVAPAI COUNTY MOUNTAINS (ZONE), ,06/18/2021,2330,Wildfire, , ,0,0,0,0,AZ,MST-7, ,160306,Z,8,FGZ,0,0,Park/Forest Service, , , , , , , , ,06/30/2021,2330, , , , ,"The Backbone Fire was started by lightning on June 16 at around 1130 PM and burned around 40,900 acres by the end of June.  The fire was located about 2 miles west of Pine, Arizona in pi��on, juniper, chaparral, brush, grass, and cactus. About 80 percent of the fire was in Yavapai County, and 10 percent was above 5,000 feet.","The Backbone Fire was started by lightning on June 16 at around 1130 PM and burned around 40,900 acres by the end of June.  The fire was located about 2 miles 2 west of Pine, Arizona in pi��on, juniper, chaparral, brush, grass, and cactus. The fire burned in parts of three forecast zones.",260
968813,YAVAPAI COUNTY VALLEYS AND BASINS (ZONE), ,06/18/2021,2330,Wildfire, , ,0,0,0,0,AZ,MST-7, ,160306,Z,37,FGZ,0,0,Park/Forest Service, , , , , , , , ,06/30/2021,2330, , , , ,"The Backbone Fire was started by lightning on June 16 at around 1130 PM and burned around 40,900 acres by the end of June.  The fire was located about 2 miles west of Pine, Arizona in pi��on, juniper, chaparral, brush, grass, and cactus. About 80 percent of the fire was in Yavapai County, and 70 percent was below 5,000 feet.","The Backbone Fire was started by lightning on June 16 at around 1130 PM and burned around 40,900 acres by the end of June.  The fire was located about 2 miles 2 west of Pine, Arizona in pi��on, juniper, chaparral, brush, grass, and cactus. The fire burned in parts of three forecast zones.",261
967440,UPPER SAN PEDRO RIVER VALLEY (ZONE), ,06/20/2021,600,Wildfire, , ,0,0,0,0,AZ,MST-7, ,160060,Z,507,TWC,0,0,State Official, , , , , , , , ,06/29/2021,1715, , , , ,"The lightning caused Walnut Fire started June 20 in the Little Dragoon Mountains in Cochise County. The wildfire grew rapidly to nearly 7000 acres in hot, dry and occasionally windy conditions by June 22, jumping Interstate 10 and prompting its closure and the evacuation of several residences and businesses in the Texas Canyon and Dragoon areas. Rain on the 23rd helped slow the fire's spread and additional rain on the 28th quashed the fire after it consumed a total of 10,667 acres. Fire suppression costs tallied $1.4 million.","The lightning caused Walnut Fire started June 20 in the Little Dragoon Mountains in Cochise County. The wildfire grew rapidly to nearly 7000 acres in hot, dry and occasionally windy conditions by June 22, jumping Interstate 10 and prompting its closure and the evacuation of several residences and businesses in the Texas Canyon and Dragoon areas. Rain on the 23rd helped slow the fire's spread and additional rain on the 28th quashed the fire after it consumed a total of 10,667 acres. Fire suppression costs tallied $1.4 million.",262
967441,EASTERN COCHISE COUNTY BELOW 5000 FEET (ZONE), ,06/20/2021,600,Wildfire, , ,0,0,0,0,AZ,MST-7, ,160060,Z,508,TWC,0,0,State Official, , , , , , , , ,06/29/2021,1715, , , , ,"The lightning caused Walnut Fire started June 20 in the Little Dragoon Mountains in Cochise County. The wildfire grew rapidly to nearly 7000 acres in hot, dry and occasionally windy conditions by June 22, jumping Interstate 10 and prompting its closure and the evacuation of several residences and businesses in the Texas Canyon and Dragoon areas. Rain on the 23rd helped slow the fire's spread and additional rain on the 28th quashed the fire after it consumed a total of 10,667 acres. Fire suppression costs tallied $1.4 million.","The lightning caused Walnut Fire started June 20 in the Little Dragoon Mountains in Cochise County. The wildfire grew rapidly to nearly 7000 acres in hot, dry and occasionally windy conditions by June 22, jumping Interstate 10 and prompting its closure and the evacuation of several residences and businesses in the Texas Canyon and Dragoon areas. Rain on the 23rd helped slow the fire's spread and additional rain on the 28th quashed the fire after it consumed a total of 10,667 acres. Fire suppression costs tallied $1.4 million.",263
967442,DRAGOON/MULE/HUACHUCA AND SANTA RITA MOUNTAINS (ZONE), ,06/20/2021,600,Wildfire, , ,0,0,0,0,AZ,MST-7, ,160060,Z,513,TWC,0,0,State Official, , , , , , , , ,06/29/2021,1715, , , , ,"The lightning caused Walnut Fire started June 20 in the Little Dragoon Mountains in Cochise County. The wildfire grew rapidly to nearly 7000 acres in hot, dry and occasionally windy conditions by June 22, jumping Interstate 10 and prompting its closure and the evacuation of several residences and businesses in the Texas Canyon and Dragoon areas. Rain on the 23rd helped slow the fire's spread and additional rain on the 28th quashed the fire after it consumed a total of 10,667 acres. Fire suppression costs tallied $1.4 million.","The lightning caused Walnut Fire started June 20 in the Little Dragoon Mountains in Cochise County. The wildfire grew rapidly to nearly 7000 acres in hot, dry and occasionally windy conditions by June 22, jumping Interstate 10 and prompting its closure and the evacuation of several residences and businesses in the Texas Canyon and Dragoon areas. Rain on the 23rd helped slow the fire's spread and additional rain on the 28th quashed the fire after it consumed a total of 10,667 acres. Fire suppression costs tallied $1.4 million.",264
967361,UPPER SANTA CRUZ RIVER AND ALTAR VALLEYS (ZONE), ,06/20/2021,1300,Wildfire, , ,0,0,0,0,AZ,MST-7, ,160048,Z,503,TWC,0,0,Park/Forest Service, , , , , , , , ,06/28/2021,1642, , , , ,"The human caused Alamo Fire started June 20 near the International Border in Santa Cruz County. The wildfire grew quickly in hot conditions and due to occasional thunderstorm outflow wind gusts near 40 mph on both sides of the border. The fire was contained on June 28 after consuming 4953 acres on the U.S.side of the border and nearly that acreage in Mexico. Fire suppression costs in Arizona tallied over $400,000.","The human caused Alamo Fire started June 20 near the International Border in Santa Cruz County. The wildfire grew quickly in hot conditions and due to occasional thunderstorm outflow wind gusts near 40 mph on both sides of the border. The fire was contained on June 28 after consuming 4953 acres on the U.S.side of the border and nearly that acreage in Mexico. Fire suppression costs in Arizona tallied over $400,000.",265
1061109,CENTRAL PHOENIX (ZONE), ,06/25/2021,0,Heat, , ,2,0,0,0,AZ,MST-7, ,175047,Z,543,PSR,0,0,County Official, , , , , , , , ,06/25/2021,2359, , , , ,"Two direct fatalities were reported by the Maricopa County Department of Public Health, with their details, such as age, gender, circumstances, and exact location unavailable.","An amplified upper level ridge situated over the West Coast allowed for temperatures to warm up above normal and even briefly reach excessive heat conditions across parts of the lower deserts. High temperatures in Phoenix during this time peaked on the 27th at 113 degrees, while low temperatures only fell into the low to mid 80s each night. According to the Maricopa County Department of Public Health, 17 fatalities occurred due to the heat.",266
1061110,BUCKEYE/AVONDALE (ZONE), ,06/26/2021,0,Heat, , ,0,0,0,0,AZ,MST-7, ,175047,Z,540,PSR,0,1,County Official, , , , , , , , ,06/26/2021,2359, , , , ,"One indirect fatality was reported by the Maricopa County Department of Public Health, with their details, such as age, gender, circumstances, and exact location unavailable.","An amplified upper level ridge situated over the West Coast allowed for temperatures to warm up above normal and even briefly reach excessive heat conditions across parts of the lower deserts. High temperatures in Phoenix during this time peaked on the 27th at 113 degrees, while low temperatures only fell into the low to mid 80s each night. According to the Maricopa County Department of Public Health, 17 fatalities occurred due to the heat.",267
1061112,CENTRAL PHOENIX (ZONE), ,06/27/2021,0,Excessive Heat, , ,1,0,0,0,AZ,MST-7, ,175047,Z,543,PSR,0,0,County Official, , , , , , , , ,06/27/2021,2359, , , , ,"One direct fatality was reported by the Maricopa County Department of Public Health, with their details, such as age, gender, circumstances, and exact location unavailable.","An amplified upper level ridge situated over the West Coast allowed for temperatures to warm up above normal and even briefly reach excessive heat conditions across parts of the lower deserts. High temperatures in Phoenix during this time peaked on the 27th at 113 degrees, while low temperatures only fell into the low to mid 80s each night. According to the Maricopa County Department of Public Health, 17 fatalities occurred due to the heat.",268
1061113,EAST VALLEY (ZONE), ,06/27/2021,0,Excessive Heat, , ,1,0,0,0,AZ,MST-7, ,175047,Z,548,PSR,0,0,County Official, , , , , , , , ,06/27/2021,2359, , , , ,"One direct fatality was reported by the Maricopa County Department of Public Health, with their details, such as age, gender, circumstances, and exact location unavailable.","An amplified upper level ridge situated over the West Coast allowed for temperatures to warm up above normal and even briefly reach excessive heat conditions across parts of the lower deserts. High temperatures in Phoenix during this time peaked on the 27th at 113 degrees, while low temperatures only fell into the low to mid 80s each night. According to the Maricopa County Department of Public Health, 17 fatalities occurred due to the heat.",269
970506,TOHONO O ODHAM NATION (ZONE), ,06/27/2021,1000,Heat, , ,3,0,0,0,AZ,MST-7, ,160625,Z,502,TWC,0,0,County Official, , , , , , , , ,06/27/2021,1900, , , , ,"Temperatures 5 to 10 degrees above normal, from 104 to 108, occurred on the Tohono O'odham Nation causing the Moderate Heat Risk category to be reached on June 27. The Pima County Medical Examiner confirmed that heat was the primary cause of death for two males and one female found in different locations of the desert.","Hot temperatures in the 100s occurred on June 27 on the Tohono O'odham Nation. The Pima County Medical Examiner confirmed that heat was the primary cause of death for three persons found in the desert.",270
1061122,YUMA (ZONE), ,06/27/2021,1000,Excessive Heat, , ,0,0,0,0,AZ,MST-7, ,175047,Z,532,PSR,0,0,County Official, , , , , , , , ,06/28/2021,2000, , , , ,"","An amplified upper level ridge situated over the West Coast allowed for temperatures to warm up above normal and even briefly reach excessive heat conditions across parts of the lower deserts. High temperatures in Phoenix during this time peaked on the 27th at 113 degrees, while low temperatures only fell into the low to mid 80s each night. According to the Maricopa County Department of Public Health, 17 fatalities occurred due to the heat.",271
1061121,PARKER VALLEY (ZONE), ,06/27/2021,1000,Excessive Heat, , ,0,0,0,0,AZ,MST-7, ,175047,Z,530,PSR,0,0,County Official, , , , , , , , ,06/28/2021,2000, , , , ,"","An amplified upper level ridge situated over the West Coast allowed for temperatures to warm up above normal and even briefly reach excessive heat conditions across parts of the lower deserts. High temperatures in Phoenix during this time peaked on the 27th at 113 degrees, while low temperatures only fell into the low to mid 80s each night. According to the Maricopa County Department of Public Health, 17 fatalities occurred due to the heat.",272
967376,UPPER GILA RIVER AND ARAVAIPA VALLEYS (ZONE), ,06/28/2021,0,Wildfire, , ,0,0,0,0,AZ,MST-7, ,160051,Z,509,TWC,0,0,Tribal Official, , , , , , , , ,06/30/2021,2359, , , , ,"The lightning caused Bottom Fire started June 28 in the Gila River Valley on San Carlos Apache tribal lands within Graham County. The fire quickly grew to around 3000 acres by the end of the month due to daily bouts of gusty thunderstorm outflow winds. The fire was officially contained July 10 after consuming 6004 acres. Fire suppression costs tallied $1.4 million.","The lightning caused Bottom Fire started June 28 in the Gila River Valley on San Carlos Apache tribal lands within Graham County. The fire quickly grew to around 3000 acres by the end of the month due to daily bouts of gusty thunderstorm outflow winds. The fire was officially contained July 10 after consuming 6004 acres. Fire suppression costs tallied $1.4 million.",273
1061115,EAST VALLEY (ZONE), ,06/28/2021,0,Heat, , ,1,0,0,0,AZ,MST-7, ,175047,Z,548,PSR,0,0,County Official, , , , , , , , ,06/28/2021,2359, , , , ,"One direct fatality was reported by the Maricopa County Department of Public Health, with their details, such as age, gender, circumstances, and exact location unavailable.","An amplified upper level ridge situated over the West Coast allowed for temperatures to warm up above normal and even briefly reach excessive heat conditions across parts of the lower deserts. High temperatures in Phoenix during this time peaked on the 27th at 113 degrees, while low temperatures only fell into the low to mid 80s each night. According to the Maricopa County Department of Public Health, 17 fatalities occurred due to the heat.",274
970020,GRAHAM CO.,CENTRAL,06/28/2021,1600,Lightning, , ,0,0,100000,0,AZ,MST-7, ,160512,C,9,TWC,0,0,Newspaper, , , ,1,E,1,E,CENTRAL,06/28/2021,1600,32.8695,-109.7865,32.8695,-109.7865,"Lightning struck a partially constructed home, causing it to burn to the ground.","Thunderstorms developed over the Mogollon Rim and moved southwest across Greenlee and Graham counties.  One storm caused lightning and wind damage in Central.",275
970019,GRAHAM CO.,CENTRAL,06/28/2021,1605,Thunderstorm Wind,56.00, ,0,0,20000,0,AZ,MST-7,EG,160512,C,9,TWC,0,0,Newspaper, , , ,1,E,1,E,CENTRAL,06/28/2021,1605,32.8714,-109.7883,32.8688,-109.7908,"Thunderstorm winds downed two large trees, one power pole, a barn and a few small sheds in Central. One of the downed trees smashed through a brick wall. Another of the trees downed two power lines which trapped two people in separate vehicles.","Thunderstorms developed over the Mogollon Rim and moved southwest across Greenlee and Graham counties.  One storm caused lightning and wind damage in Central.",276
1061117,NORTH PHOENIX/GLENDALE (ZONE), ,06/29/2021,0,Heat, , ,0,0,0,0,AZ,MST-7, ,175047,Z,544,PSR,0,3,County Official, , , , , , , , ,06/29/2021,2359, , , , ,"Three indirect fatalities were reported by the Maricopa County Department of Public Health, with their details, such as age, gender, circumstances, and exact location unavailable.","An amplified upper level ridge situated over the West Coast allowed for temperatures to warm up above normal and even briefly reach excessive heat conditions across parts of the lower deserts. High temperatures in Phoenix during this time peaked on the 27th at 113 degrees, while low temperatures only fell into the low to mid 80s each night. According to the Maricopa County Department of Public Health, 17 fatalities occurred due to the heat.",277
1061118,BUCKEYE/AVONDALE (ZONE), ,06/29/2021,0,Heat, , ,0,0,0,0,AZ,MST-7, ,175047,Z,540,PSR,0,1,County Official, , , , , , , , ,06/29/2021,2359, , , , ,"One indirect fatality was reported by the Maricopa County Department of Public Health, with their details, such as age, gender, circumstances, and exact location unavailable.","An amplified upper level ridge situated over the West Coast allowed for temperatures to warm up above normal and even briefly reach excessive heat conditions across parts of the lower deserts. High temperatures in Phoenix during this time peaked on the 27th at 113 degrees, while low temperatures only fell into the low to mid 80s each night. According to the Maricopa County Department of Public Health, 17 fatalities occurred due to the heat.",278
1061116,CENTRAL PHOENIX (ZONE), ,06/29/2021,0,Heat, , ,1,0,0,0,AZ,MST-7, ,175047,Z,543,PSR,0,0,County Official, , , , , , , , ,06/29/2021,2359, , , , ,"One direct fatality was reported by the Maricopa County Department of Public Health, with their details, such as age, gender, circumstances, and exact location unavailable.","An amplified upper level ridge situated over the West Coast allowed for temperatures to warm up above normal and even briefly reach excessive heat conditions across parts of the lower deserts. High temperatures in Phoenix during this time peaked on the 27th at 113 degrees, while low temperatures only fell into the low to mid 80s each night. According to the Maricopa County Department of Public Health, 17 fatalities occurred due to the heat.",279
970367,MOHAVE CO.,COLORADO CITY,06/29/2021,1404,Flash Flood, , ,0,0,5000,0,AZ,MST-7, ,158832,C,15,VEF,0,0,Fire Department/Rescue,Heavy Rain, , ,1,WNW,1,WNW,COLORADO CITY,06/29/2021,1600,36.9854,-112.99,36.9895,-112.9922,"Short Creek flooded and closed roads in Colorado City.","A push of monsoon moisture fueled thunderstorms over northwest Arizona. One storm produced flash flooding.",280
968014,COCONINO CO.,COSNINO,06/29/2021,1600,Tornado, ,EF0,0,0,0,0,AZ,MST-7, ,160173,C,5,FGZ,0,0,Public, ,0.1,10,5,NNW,5,NNW,COSNINO,06/29/2021,1600,35.27,-111.52,35.27,-111.52,"A member of the public reported a brief weak spin-up of a landspout tornado in Doney Park. A gust from from a thunderstorm was moving through the area at the time.","Monsoon moisture increasing from the south brought thunderstorms across northern Arizona. The outflow boundary form one of the thunderstorms produced a landspout tornado over Doney Park.",281
968025,COCONINO CO.,MARBLE CANYON,06/30/2021,0,Flash Flood, , ,0,0,0,0,AZ,MST-7, ,160178,C,5,FGZ,0,0,Official NWS Observations,Heavy Rain, , ,3,NNE,19,NW,MARBLE CANYON,06/30/2021,830,36.8603,-111.5978,37.0014,-111.8915,"Monsoon moisture increasing from the south brought thunderstorms across northern Arizona. Heavy Rain in Utah produced flash flooding in the Paria River that flows into Arizona and the gauge near Lees Ferry rose from 4.4 feet to 6.3 feet at 4:30 AM MST.","Monsoon moisture increasing from the south brought thunderstorms across northern Arizona and southern Utah. Heavy Rain in Utah produced flash flooding in the Paria River that flows into Arizona.",282
1061119,CENTRAL PHOENIX (ZONE), ,06/30/2021,0,Heat, , ,0,0,0,0,AZ,MST-7, ,175047,Z,543,PSR,0,2,County Official, , , , , , , , ,06/30/2021,2359, , , , ,"Two indirect fatalities were reported by the Maricopa County Department of Public Health, with their details, such as age, gender, circumstances, and exact location unavailable.","An amplified upper level ridge situated over the West Coast allowed for temperatures to warm up above normal and even briefly reach excessive heat conditions across parts of the lower deserts. High temperatures in Phoenix during this time peaked on the 27th at 113 degrees, while low temperatures only fell into the low to mid 80s each night. According to the Maricopa County Department of Public Health, 17 fatalities occurred due to the heat.",283
1061120,BUCKEYE/AVONDALE (ZONE), ,06/30/2021,0,Heat, , ,0,0,0,0,AZ,MST-7, ,175047,Z,540,PSR,0,4,County Official, , , , , , , , ,06/30/2021,2359, , , , ,"Four indirect fatalities were reported by the Maricopa County Department of Public Health, with their details, such as age, gender, circumstances, and exact location unavailable.","An amplified upper level ridge situated over the West Coast allowed for temperatures to warm up above normal and even briefly reach excessive heat conditions across parts of the lower deserts. High temperatures in Phoenix during this time peaked on the 27th at 113 degrees, while low temperatures only fell into the low to mid 80s each night. According to the Maricopa County Department of Public Health, 17 fatalities occurred due to the heat.",284
968422,YAVAPAI CO.,MIDDLE VERDE,06/30/2021,1250,Thunderstorm Wind,50.00, ,0,0,0,0,AZ,MST-7,MG,160249,C,25,FGZ,0,0,Public, , , ,1,SSE,6,SSE,CROWN KING,06/30/2021,1250,34.6,-111.87,34.11,-112.3,"Montezuma Airpark (Site ID  KAZcampV9) reported a peak wind gust of 58 MPH.","Moisture moving northward into Arizona brought thunderstorms and gusty winds to the Verde Valley.",285
968833,YAVAPAI COUNTY MOUNTAINS (ZONE), ,06/30/2021,1400,Wildfire, , ,0,0,0,0,AZ,MST-7, ,160310,Z,8,FGZ,0,0,Park/Forest Service, , , , , , , , ,06/30/2021,2359, , , , ,"The Tiger Fire was started by lightning eleven miles east of the town of Crown King in short grass, brush, and timber.  The fire was relatively small by the end of June. However, it grew to over 12,000 acres in the first week of July.  the final size was around 16,300 acres.","The Tiger fire was started by lightning and grew to about 16,300 acres before it was contained by the end of July.",286
970021,PIMA CO.,JAYNES,06/30/2021,1415,Thunderstorm Wind,48.00, ,0,0,30000,0,AZ,MST-7,EG,160513,C,19,TWC,0,0,Newspaper, , , ,4,SE,4,SE,JAYNES,06/30/2021,1415,32.2639,-110.9814,32.2639,-110.9814,"Thunderstorm winds damaged or uprooted 35 shallow-rooted trees at Evergreen Cemetery in Tucson.","Isolated thunderstorms moved southwest across southeast Arizona.  One storm caused extensive tree damage in Tucson.",287
969115,MARICOPA CO.,TORTILLA FLAT,06/30/2021,1545,Thunderstorm Wind,51.00, ,0,0,0,0,AZ,MST-7,MG,160363,C,13,PSR,0,0,Mesonet, , , ,16,NE,16,NE,TORTILLA FLAT,06/30/2021,1545,33.6699,-111.1602,33.6699,-111.1602,"Isolated thunderstorms developed over the higher terrain east of Phoenix during the afternoon of the 30th. One of these thunderstorms developed near Roosevelt Lake and quickly became strong. At 15:45 MST, an SRP mesonet station at Roosevelt Dam measured a wind gust of 59 mph. No damage or injuries were reported with this thunderstorm.","Isolated thunderstorms developed over the higher terrain east of Phoenix during the afternoon on the 30th. At around 15:30 MST, a thunderstorm developed near Roosevelt Lake and quickly became strong. Minutes later, the thunderstorm produced a strong downburst that resulted in a 59 mph gust at Roosevelt Dam. No damage or injuries were reported with this thunderstorm.",288
968349,LITTLE COLORADO RIVER VALLEY IN COCONINO COUNTY (ZONE), ,06/30/2021,1605,Dust Storm, , ,0,0,0,0,AZ,MST-7, ,160245,Z,12,FGZ,0,0,Public, , , , , , , , ,06/30/2021,1625, , , , ,"A dust storm moved from north to south across the Little Colorado River Valley near Winslow with visibility down to between 1/4 to 1/2 miles. Significant blowing dust was also observed in Tuba City.  The winds were gusting to near 40 MPH around this event.","Thunderstorm outflow winds caused blowing dust that hit both Winslow and Tuba City.",289
968351,LITTLE COLORADO RIVER VALLEY IN NAVAJO COUNTY (ZONE), ,06/30/2021,1605,Dust Storm, , ,0,0,0,0,AZ,MST-7, ,160245,Z,13,FGZ,0,0,ASOS, , , , , , , , ,06/30/2021,1625, , , , ,"Dust from a thunderstorm gust front dropped the visibility at the Winslow Airport down to 4 miles at the Winslow airport with gusts to 36 MPH.","Thunderstorm outflow winds caused blowing dust that hit both Winslow and Tuba City.",290
972816,UPPER SAN PEDRO RIVER VALLEY (ZONE), ,07/01/2021,0,Drought, , ,0,0,0,0,AZ,MST-7, ,160514,Z,507,TWC,0,0,Drought Monitor, , , , , , , , ,07/27/2021,2359, , , , ,"A wet July caused the exceptional (D4) drought category and extreme (D3) drought category to cease across nearly all of southeast Arizona, with exceptional drought only remaining in far southeast Cochise County by the end of the month. The extreme (D3) drought category remained across the rest of eastern and central Cochise County, much of Graham and Greenlee counties and parts of the Tohono O'odham Nation. July rainfall varied widely from 2 to 15 inches across southeast Arizona. In areas where the drought lingered through the end of the month this equated to 75 to 125 percent of normal rainfall while areas in which the drought eased further rainfall tallied as much as 400 percent of normal. July ranked as the wettest on record for any month at the Tucson International Airport where 8.06 inches was recorded. The rainfall caused wildfire season to end and soil moisture readings to improve from below the 10th percentile to between the 30th and 70th percentiles by month's end. Levels at San Carlos Reservoir started to rise, but only reached slightly more than 1 percent of capacity by the end of the month.","A wet July caused the exceptional (D4) drought category and extreme (D3) drought category to cease across nearly all of southeast Arizona, with exceptional drought only remaining in far southeast Cochise County by the end of the month. The extreme (D3) drought category remained across the rest of eastern and central Cochise County, much of Graham and Greenlee counties and parts of the Tohono O'odham Nation. July rainfall varied widely from 2 to 15 inches across southeast Arizona. In areas where the drought lingered through the end of the month this equated to 75 to 125 percent of normal rainfall while areas in which the drought eased further rainfall tallied as much as 400 percent of normal. July ranked as the wettest on record for any month at the Tucson International Airport where 8.06 inches was recorded. The rainfall caused wildfire season to end and soil moisture readings to improve from below the 10th percentile to between the 30th and 70th percentiles by month's end. Levels at San Carlos Reservoir started to rise, but only reached slightly more than 1 percent of capacity by the end of the month.",291
972825,GALIURO AND PINALENO MOUNTAINS (ZONE), ,07/01/2021,0,Drought, , ,0,0,0,0,AZ,MST-7, ,160514,Z,511,TWC,0,0,Drought Monitor, , , , , , , , ,07/31/2021,2359, , , , ,"A wet July caused the exceptional (D4) drought category and extreme (D3) drought category to cease across nearly all of southeast Arizona, with exceptional drought only remaining in far southeast Cochise County by the end of the month. The extreme (D3) drought category remained across the rest of eastern and central Cochise County, much of Graham and Greenlee counties and parts of the Tohono O'odham Nation. July rainfall varied widely from 2 to 15 inches across southeast Arizona. In areas where the drought lingered through the end of the month this equated to 75 to 125 percent of normal rainfall while areas in which the drought eased further rainfall tallied as much as 400 percent of normal. July ranked as the wettest on record for any month at the Tucson International Airport where 8.06 inches was recorded. The rainfall caused wildfire season to end and soil moisture readings to improve from below the 10th percentile to between the 30th and 70th percentiles by month's end. Levels at San Carlos Reservoir started to rise, but only reached slightly more than 1 percent of capacity by the end of the month.","A wet July caused the exceptional (D4) drought category and extreme (D3) drought category to cease across nearly all of southeast Arizona, with exceptional drought only remaining in far southeast Cochise County by the end of the month. The extreme (D3) drought category remained across the rest of eastern and central Cochise County, much of Graham and Greenlee counties and parts of the Tohono O'odham Nation. July rainfall varied widely from 2 to 15 inches across southeast Arizona. In areas where the drought lingered through the end of the month this equated to 75 to 125 percent of normal rainfall while areas in which the drought eased further rainfall tallied as much as 400 percent of normal. July ranked as the wettest on record for any month at the Tucson International Airport where 8.06 inches was recorded. The rainfall caused wildfire season to end and soil moisture readings to improve from below the 10th percentile to between the 30th and 70th percentiles by month's end. Levels at San Carlos Reservoir started to rise, but only reached slightly more than 1 percent of capacity by the end of the month.",292
972823,UPPER GILA RIVER AND ARAVAIPA VALLEYS (ZONE), ,07/01/2021,0,Drought, , ,0,0,0,0,AZ,MST-7, ,160514,Z,509,TWC,0,0,Drought Monitor, , , , , , , , ,07/31/2021,2359, , , , ,"A wet July caused the exceptional (D4) drought category and extreme (D3) drought category to cease across nearly all of southeast Arizona, with exceptional drought only remaining in far southeast Cochise County by the end of the month. The extreme (D3) drought category remained across the rest of eastern and central Cochise County, much of Graham and Greenlee counties and parts of the Tohono O'odham Nation. July rainfall varied widely from 2 to 15 inches across southeast Arizona. In areas where the drought lingered through the end of the month this equated to 75 to 125 percent of normal rainfall while areas in which the drought eased further rainfall tallied as much as 400 percent of normal. July ranked as the wettest on record for any month at the Tucson International Airport where 8.06 inches was recorded. The rainfall caused wildfire season to end and soil moisture readings to improve from below the 10th percentile to between the 30th and 70th percentiles by month's end. Levels at San Carlos Reservoir started to rise, but only reached slightly more than 1 percent of capacity by the end of the month.","A wet July caused the exceptional (D4) drought category and extreme (D3) drought category to cease across nearly all of southeast Arizona, with exceptional drought only remaining in far southeast Cochise County by the end of the month. The extreme (D3) drought category remained across the rest of eastern and central Cochise County, much of Graham and Greenlee counties and parts of the Tohono O'odham Nation. July rainfall varied widely from 2 to 15 inches across southeast Arizona. In areas where the drought lingered through the end of the month this equated to 75 to 125 percent of normal rainfall while areas in which the drought eased further rainfall tallied as much as 400 percent of normal. July ranked as the wettest on record for any month at the Tucson International Airport where 8.06 inches was recorded. The rainfall caused wildfire season to end and soil moisture readings to improve from below the 10th percentile to between the 30th and 70th percentiles by month's end. Levels at San Carlos Reservoir started to rise, but only reached slightly more than 1 percent of capacity by the end of the month.",293
972820,TOHONO O ODHAM NATION (ZONE), ,07/01/2021,0,Drought, , ,0,0,0,0,AZ,MST-7, ,160514,Z,502,TWC,0,0,Drought Monitor, , , , , , , , ,07/31/2021,2359, , , , ,"A wet July caused the exceptional (D4) drought category and extreme (D3) drought category to cease across nearly all of southeast Arizona, with exceptional drought only remaining in far southeast Cochise County by the end of the month. The extreme (D3) drought category remained across the rest of eastern and central Cochise County, much of Graham and Greenlee counties and parts of the Tohono O'odham Nation. July rainfall varied widely from 2 to 15 inches across southeast Arizona. In areas where the drought lingered through the end of the month this equated to 75 to 125 percent of normal rainfall while areas in which the drought eased further rainfall tallied as much as 400 percent of normal. July ranked as the wettest on record for any month at the Tucson International Airport where 8.06 inches was recorded. The rainfall caused wildfire season to end and soil moisture readings to improve from below the 10th percentile to between the 30th and 70th percentiles by month's end. Levels at San Carlos Reservoir started to rise, but only reached slightly more than 1 percent of capacity by the end of the month.","A wet July caused the exceptional (D4) drought category and extreme (D3) drought category to cease across nearly all of southeast Arizona, with exceptional drought only remaining in far southeast Cochise County by the end of the month. The extreme (D3) drought category remained across the rest of eastern and central Cochise County, much of Graham and Greenlee counties and parts of the Tohono O'odham Nation. July rainfall varied widely from 2 to 15 inches across southeast Arizona. In areas where the drought lingered through the end of the month this equated to 75 to 125 percent of normal rainfall while areas in which the drought eased further rainfall tallied as much as 400 percent of normal. July ranked as the wettest on record for any month at the Tucson International Airport where 8.06 inches was recorded. The rainfall caused wildfire season to end and soil moisture readings to improve from below the 10th percentile to between the 30th and 70th percentiles by month's end. Levels at San Carlos Reservoir started to rise, but only reached slightly more than 1 percent of capacity by the end of the month.",294
972818,SANTA CATALINA AND RINCON MOUNTAINS (ZONE), ,07/01/2021,0,Drought, , ,0,0,0,0,AZ,MST-7, ,160514,Z,514,TWC,0,0,Drought Monitor, , , , , , , , ,07/27/2021,2359, , , , ,"A wet July caused the exceptional (D4) drought category and extreme (D3) drought category to cease across nearly all of southeast Arizona, with exceptional drought only remaining in far southeast Cochise County by the end of the month. The extreme (D3) drought category remained across the rest of eastern and central Cochise County, much of Graham and Greenlee counties and parts of the Tohono O'odham Nation. July rainfall varied widely from 2 to 15 inches across southeast Arizona. In areas where the drought lingered through the end of the month this equated to 75 to 125 percent of normal rainfall while areas in which the drought eased further rainfall tallied as much as 400 percent of normal. July ranked as the wettest on record for any month at the Tucson International Airport where 8.06 inches was recorded. The rainfall caused wildfire season to end and soil moisture readings to improve from below the 10th percentile to between the 30th and 70th percentiles by month's end. Levels at San Carlos Reservoir started to rise, but only reached slightly more than 1 percent of capacity by the end of the month.","A wet July caused the exceptional (D4) drought category and extreme (D3) drought category to cease across nearly all of southeast Arizona, with exceptional drought only remaining in far southeast Cochise County by the end of the month. The extreme (D3) drought category remained across the rest of eastern and central Cochise County, much of Graham and Greenlee counties and parts of the Tohono O'odham Nation. July rainfall varied widely from 2 to 15 inches across southeast Arizona. In areas where the drought lingered through the end of the month this equated to 75 to 125 percent of normal rainfall while areas in which the drought eased further rainfall tallied as much as 400 percent of normal. July ranked as the wettest on record for any month at the Tucson International Airport where 8.06 inches was recorded. The rainfall caused wildfire season to end and soil moisture readings to improve from below the 10th percentile to between the 30th and 70th percentiles by month's end. Levels at San Carlos Reservoir started to rise, but only reached slightly more than 1 percent of capacity by the end of the month.",295
972819,BABOQUIVARI MOUNTAINS (ZONE), ,07/01/2021,0,Drought, , ,0,0,0,0,AZ,MST-7, ,160514,Z,515,TWC,0,0,Drought Monitor, , , , , , , , ,07/27/2021,2359, , , , ,"A wet July caused the exceptional (D4) drought category and extreme (D3) drought category to cease across nearly all of southeast Arizona, with exceptional drought only remaining in far southeast Cochise County by the end of the month. The extreme (D3) drought category remained across the rest of eastern and central Cochise County, much of Graham and Greenlee counties and parts of the Tohono O'odham Nation. July rainfall varied widely from 2 to 15 inches across southeast Arizona. In areas where the drought lingered through the end of the month this equated to 75 to 125 percent of normal rainfall while areas in which the drought eased further rainfall tallied as much as 400 percent of normal. July ranked as the wettest on record for any month at the Tucson International Airport where 8.06 inches was recorded. The rainfall caused wildfire season to end and soil moisture readings to improve from below the 10th percentile to between the 30th and 70th percentiles by month's end. Levels at San Carlos Reservoir started to rise, but only reached slightly more than 1 percent of capacity by the end of the month.","A wet July caused the exceptional (D4) drought category and extreme (D3) drought category to cease across nearly all of southeast Arizona, with exceptional drought only remaining in far southeast Cochise County by the end of the month. The extreme (D3) drought category remained across the rest of eastern and central Cochise County, much of Graham and Greenlee counties and parts of the Tohono O'odham Nation. July rainfall varied widely from 2 to 15 inches across southeast Arizona. In areas where the drought lingered through the end of the month this equated to 75 to 125 percent of normal rainfall while areas in which the drought eased further rainfall tallied as much as 400 percent of normal. July ranked as the wettest on record for any month at the Tucson International Airport where 8.06 inches was recorded. The rainfall caused wildfire season to end and soil moisture readings to improve from below the 10th percentile to between the 30th and 70th percentiles by month's end. Levels at San Carlos Reservoir started to rise, but only reached slightly more than 1 percent of capacity by the end of the month.",296
972822,EASTERN COCHISE COUNTY BELOW 5000 FEET (ZONE), ,07/01/2021,0,Drought, , ,0,0,0,0,AZ,MST-7, ,160514,Z,508,TWC,0,0,Drought Monitor, , , , , , , , ,07/31/2021,2359, , , , ,"A wet July caused the exceptional (D4) drought category and extreme (D3) drought category to cease across nearly all of southeast Arizona, with exceptional drought only remaining in far southeast Cochise County by the end of the month. The extreme (D3) drought category remained across the rest of eastern and central Cochise County, much of Graham and Greenlee counties and parts of the Tohono O'odham Nation. July rainfall varied widely from 2 to 15 inches across southeast Arizona. In areas where the drought lingered through the end of the month this equated to 75 to 125 percent of normal rainfall while areas in which the drought eased further rainfall tallied as much as 400 percent of normal. July ranked as the wettest on record for any month at the Tucson International Airport where 8.06 inches was recorded. The rainfall caused wildfire season to end and soil moisture readings to improve from below the 10th percentile to between the 30th and 70th percentiles by month's end. Levels at San Carlos Reservoir started to rise, but only reached slightly more than 1 percent of capacity by the end of the month.","A wet July caused the exceptional (D4) drought category and extreme (D3) drought category to cease across nearly all of southeast Arizona, with exceptional drought only remaining in far southeast Cochise County by the end of the month. The extreme (D3) drought category remained across the rest of eastern and central Cochise County, much of Graham and Greenlee counties and parts of the Tohono O'odham Nation. July rainfall varied widely from 2 to 15 inches across southeast Arizona. In areas where the drought lingered through the end of the month this equated to 75 to 125 percent of normal rainfall while areas in which the drought eased further rainfall tallied as much as 400 percent of normal. July ranked as the wettest on record for any month at the Tucson International Airport where 8.06 inches was recorded. The rainfall caused wildfire season to end and soil moisture readings to improve from below the 10th percentile to between the 30th and 70th percentiles by month's end. Levels at San Carlos Reservoir started to rise, but only reached slightly more than 1 percent of capacity by the end of the month.",297
972824,WHITE MOUNTAINS OF GRAHAM AND GREENLEE COUNTIES (ZONE), ,07/01/2021,0,Drought, , ,0,0,0,0,AZ,MST-7, ,160514,Z,510,TWC,0,0,Drought Monitor, , , , , , , , ,07/31/2021,2359, , , , ,"A wet July caused the exceptional (D4) drought category and extreme (D3) drought category to cease across nearly all of southeast Arizona, with exceptional drought only remaining in far southeast Cochise County by the end of the month. The extreme (D3) drought category remained across the rest of eastern and central Cochise County, much of Graham and Greenlee counties and parts of the Tohono O'odham Nation. July rainfall varied widely from 2 to 15 inches across southeast Arizona. In areas where the drought lingered through the end of the month this equated to 75 to 125 percent of normal rainfall while areas in which the drought eased further rainfall tallied as much as 400 percent of normal. July ranked as the wettest on record for any month at the Tucson International Airport where 8.06 inches was recorded. The rainfall caused wildfire season to end and soil moisture readings to improve from below the 10th percentile to between the 30th and 70th percentiles by month's end. Levels at San Carlos Reservoir started to rise, but only reached slightly more than 1 percent of capacity by the end of the month.","A wet July caused the exceptional (D4) drought category and extreme (D3) drought category to cease across nearly all of southeast Arizona, with exceptional drought only remaining in far southeast Cochise County by the end of the month. The extreme (D3) drought category remained across the rest of eastern and central Cochise County, much of Graham and Greenlee counties and parts of the Tohono O'odham Nation. July rainfall varied widely from 2 to 15 inches across southeast Arizona. In areas where the drought lingered through the end of the month this equated to 75 to 125 percent of normal rainfall while areas in which the drought eased further rainfall tallied as much as 400 percent of normal. July ranked as the wettest on record for any month at the Tucson International Airport where 8.06 inches was recorded. The rainfall caused wildfire season to end and soil moisture readings to improve from below the 10th percentile to between the 30th and 70th percentiles by month's end. Levels at San Carlos Reservoir started to rise, but only reached slightly more than 1 percent of capacity by the end of the month.",298
972817,DRAGOON/MULE/HUACHUCA AND SANTA RITA MOUNTAINS (ZONE), ,07/01/2021,0,Drought, , ,0,0,0,0,AZ,MST-7, ,160514,Z,513,TWC,0,0,Drought Monitor, , , , , , , , ,07/27/2021,2359, , , , ,"A wet July caused the exceptional (D4) drought category and extreme (D3) drought category to cease across nearly all of southeast Arizona, with exceptional drought only remaining in far southeast Cochise County by the end of the month. The extreme (D3) drought category remained across the rest of eastern and central Cochise County, much of Graham and Greenlee counties and parts of the Tohono O'odham Nation. July rainfall varied widely from 2 to 15 inches across southeast Arizona. In areas where the drought lingered through the end of the month this equated to 75 to 125 percent of normal rainfall while areas in which the drought eased further rainfall tallied as much as 400 percent of normal. July ranked as the wettest on record for any month at the Tucson International Airport where 8.06 inches was recorded. The rainfall caused wildfire season to end and soil moisture readings to improve from below the 10th percentile to between the 30th and 70th percentiles by month's end. Levels at San Carlos Reservoir started to rise, but only reached slightly more than 1 percent of capacity by the end of the month.","A wet July caused the exceptional (D4) drought category and extreme (D3) drought category to cease across nearly all of southeast Arizona, with exceptional drought only remaining in far southeast Cochise County by the end of the month. The extreme (D3) drought category remained across the rest of eastern and central Cochise County, much of Graham and Greenlee counties and parts of the Tohono O'odham Nation. July rainfall varied widely from 2 to 15 inches across southeast Arizona. In areas where the drought lingered through the end of the month this equated to 75 to 125 percent of normal rainfall while areas in which the drought eased further rainfall tallied as much as 400 percent of normal. July ranked as the wettest on record for any month at the Tucson International Airport where 8.06 inches was recorded. The rainfall caused wildfire season to end and soil moisture readings to improve from below the 10th percentile to between the 30th and 70th percentiles by month's end. Levels at San Carlos Reservoir started to rise, but only reached slightly more than 1 percent of capacity by the end of the month.",299
972801,UPPER SANTA CRUZ RIVER AND ALTAR VALLEYS (ZONE), ,07/01/2021,0,Drought, , ,0,0,0,0,AZ,MST-7, ,160514,Z,503,TWC,0,0,Drought Monitor, , , , , , , , ,07/27/2021,2359, , , , ,"A wet July caused the exceptional (D4) drought category and extreme (D3) drought category to cease across nearly all of southeast Arizona, with exceptional drought only remaining in far southeast Cochise County by the end of the month. The extreme (D3) drought category remained across the rest of eastern and central Cochise County, much of Graham and Greenlee counties and parts of the Tohono O'odham Nation. July rainfall varied widely from 2 to 15 inches across southeast Arizona. In areas where the drought lingered through the end of the month this equated to 75 to 125 percent of normal rainfall while areas in which the drought eased further rainfall tallied as much as 400 percent of normal. July ranked as the wettest on record for any month at the Tucson International Airport where 8.06 inches was recorded. The rainfall caused wildfire season to end and soil moisture readings to improve from below the 10th percentile to between the 30th and 70th percentiles by month's end. Levels at San Carlos Reservoir started to rise, but only reached slightly more than 1 percent of capacity by the end of the month.","A wet July caused the exceptional (D4) drought category and extreme (D3) drought category to cease across nearly all of southeast Arizona, with exceptional drought only remaining in far southeast Cochise County by the end of the month. The extreme (D3) drought category remained across the rest of eastern and central Cochise County, much of Graham and Greenlee counties and parts of the Tohono O'odham Nation. July rainfall varied widely from 2 to 15 inches across southeast Arizona. In areas where the drought lingered through the end of the month this equated to 75 to 125 percent of normal rainfall while areas in which the drought eased further rainfall tallied as much as 400 percent of normal. July ranked as the wettest on record for any month at the Tucson International Airport where 8.06 inches was recorded. The rainfall caused wildfire season to end and soil moisture readings to improve from below the 10th percentile to between the 30th and 70th percentiles by month's end. Levels at San Carlos Reservoir started to rise, but only reached slightly more than 1 percent of capacity by the end of the month.",300
969950,UPPER GILA RIVER AND ARAVAIPA VALLEYS (ZONE), ,07/01/2021,0,Wildfire, , ,0,0,50000,0,AZ,MST-7, ,160052,Z,509,TWC,0,0,Tribal Official, , , , , , , , ,07/10/2021,1200, , , , ,"The lightning caused Bottom Fire started June 28 in the Gila River Valley on San Carlos Apache tribal lands within Graham County. The fire quickly grew to around 3000 acres by the end of the month due to daily bouts of gusty thunderstorm outflow winds. Nearly daily rounds of thunderstorm winds continued during the first week of July causing the fire to grow to 6004 acres before it was fully contained July 10. Three structures in Calva were temporarily evacuated on July 6 when strong winds caused the fire to break containment lines. Highway 70 was closed for a time and a nearby Eastern Arizona railroad trestle was damaged. Fire suppression costs tallied $1.4 million.","The lightning caused Bottom Fire started June 28 in the Gila River Valley on San Carlos Apache tribal lands within Graham County. The fire quickly grew to around 3000 acres by the end of the month due to daily bouts of gusty thunderstorm outflow winds. Nearly daily rounds of thunderstorm winds continued during the first week of July causing the fire to grow to 6004 acres before it was fully contained July 10. Three structures in Calva were temporarily evacuated on July 6 when strong winds caused the fire to break containment lines. Highway 70 was closed for a time and a nearby Eastern Arizona railroad trestle was damaged. Fire suppression costs tallied $1.4 million.",301
972826,CHIRICAHUA MOUNTAINS (ZONE), ,07/01/2021,0,Drought, , ,0,0,0,0,AZ,MST-7, ,160514,Z,512,TWC,0,0,Drought Monitor, , , , , , , , ,07/31/2021,2359, , , , ,"A wet July caused the exceptional (D4) drought category and extreme (D3) drought category to cease across nearly all of southeast Arizona, with exceptional drought only remaining in far southeast Cochise County by the end of the month. The extreme (D3) drought category remained across the rest of eastern and central Cochise County, much of Graham and Greenlee counties and parts of the Tohono O'odham Nation. July rainfall varied widely from 2 to 15 inches across southeast Arizona. In areas where the drought lingered through the end of the month this equated to 75 to 125 percent of normal rainfall while areas in which the drought eased further rainfall tallied as much as 400 percent of normal. July ranked as the wettest on record for any month at the Tucson International Airport where 8.06 inches was recorded. The rainfall caused wildfire season to end and soil moisture readings to improve from below the 10th percentile to between the 30th and 70th percentiles by month's end. Levels at San Carlos Reservoir started to rise, but only reached slightly more than 1 percent of capacity by the end of the month.","A wet July caused the exceptional (D4) drought category and extreme (D3) drought category to cease across nearly all of southeast Arizona, with exceptional drought only remaining in far southeast Cochise County by the end of the month. The extreme (D3) drought category remained across the rest of eastern and central Cochise County, much of Graham and Greenlee counties and parts of the Tohono O'odham Nation. July rainfall varied widely from 2 to 15 inches across southeast Arizona. In areas where the drought lingered through the end of the month this equated to 75 to 125 percent of normal rainfall while areas in which the drought eased further rainfall tallied as much as 400 percent of normal. July ranked as the wettest on record for any month at the Tucson International Airport where 8.06 inches was recorded. The rainfall caused wildfire season to end and soil moisture readings to improve from below the 10th percentile to between the 30th and 70th percentiles by month's end. Levels at San Carlos Reservoir started to rise, but only reached slightly more than 1 percent of capacity by the end of the month.",302
972812,TUCSON METRO AREA (ZONE), ,07/01/2021,0,Drought, , ,0,0,0,0,AZ,MST-7, ,160514,Z,504,TWC,0,0,Drought Monitor, , , , , , , , ,07/27/2021,2359, , , , ,"A wet July caused the exceptional (D4) drought category and extreme (D3) drought category to cease across nearly all of southeast Arizona, with exceptional drought only remaining in far southeast Cochise County by the end of the month. The extreme (D3) drought category remained across the rest of eastern and central Cochise County, much of Graham and Greenlee counties and parts of the Tohono O'odham Nation. July rainfall varied widely from 2 to 15 inches across southeast Arizona. In areas where the drought lingered through the end of the month this equated to 75 to 125 percent of normal rainfall while areas in which the drought eased further rainfall tallied as much as 400 percent of normal. July ranked as the wettest on record for any month at the Tucson International Airport where 8.06 inches was recorded. The rainfall caused wildfire season to end and soil moisture readings to improve from below the 10th percentile to between the 30th and 70th percentiles by month's end. Levels at San Carlos Reservoir started to rise, but only reached slightly more than 1 percent of capacity by the end of the month.","A wet July caused the exceptional (D4) drought category and extreme (D3) drought category to cease across nearly all of southeast Arizona, with exceptional drought only remaining in far southeast Cochise County by the end of the month. The extreme (D3) drought category remained across the rest of eastern and central Cochise County, much of Graham and Greenlee counties and parts of the Tohono O'odham Nation. July rainfall varied widely from 2 to 15 inches across southeast Arizona. In areas where the drought lingered through the end of the month this equated to 75 to 125 percent of normal rainfall while areas in which the drought eased further rainfall tallied as much as 400 percent of normal. July ranked as the wettest on record for any month at the Tucson International Airport where 8.06 inches was recorded. The rainfall caused wildfire season to end and soil moisture readings to improve from below the 10th percentile to between the 30th and 70th percentiles by month's end. Levels at San Carlos Reservoir started to rise, but only reached slightly more than 1 percent of capacity by the end of the month.",303
972813,SOUTH CENTRAL PINAL COUNTY (ZONE), ,07/01/2021,0,Drought, , ,0,0,0,0,AZ,MST-7, ,160514,Z,505,TWC,0,0,Drought Monitor, , , , , , , , ,07/27/2021,2359, , , , ,"A wet July caused the exceptional (D4) drought category and extreme (D3) drought category to cease across nearly all of southeast Arizona, with exceptional drought only remaining in far southeast Cochise County by the end of the month. The extreme (D3) drought category remained across the rest of eastern and central Cochise County, much of Graham and Greenlee counties and parts of the Tohono O'odham Nation. July rainfall varied widely from 2 to 15 inches across southeast Arizona. In areas where the drought lingered through the end of the month this equated to 75 to 125 percent of normal rainfall while areas in which the drought eased further rainfall tallied as much as 400 percent of normal. July ranked as the wettest on record for any month at the Tucson International Airport where 8.06 inches was recorded. The rainfall caused wildfire season to end and soil moisture readings to improve from below the 10th percentile to between the 30th and 70th percentiles by month's end. Levels at San Carlos Reservoir started to rise, but only reached slightly more than 1 percent of capacity by the end of the month.","A wet July caused the exceptional (D4) drought category and extreme (D3) drought category to cease across nearly all of southeast Arizona, with exceptional drought only remaining in far southeast Cochise County by the end of the month. The extreme (D3) drought category remained across the rest of eastern and central Cochise County, much of Graham and Greenlee counties and parts of the Tohono O'odham Nation. July rainfall varied widely from 2 to 15 inches across southeast Arizona. In areas where the drought lingered through the end of the month this equated to 75 to 125 percent of normal rainfall while areas in which the drought eased further rainfall tallied as much as 400 percent of normal. July ranked as the wettest on record for any month at the Tucson International Airport where 8.06 inches was recorded. The rainfall caused wildfire season to end and soil moisture readings to improve from below the 10th percentile to between the 30th and 70th percentiles by month's end. Levels at San Carlos Reservoir started to rise, but only reached slightly more than 1 percent of capacity by the end of the month.",304
972814,SOUTHEAST PINAL COUNTY (ZONE), ,07/01/2021,0,Drought, , ,0,0,0,0,AZ,MST-7, ,160514,Z,506,TWC,0,0,Drought Monitor, , , , , , , , ,07/27/2021,2359, , , , ,"A wet July caused the exceptional (D4) drought category and extreme (D3) drought category to cease across nearly all of southeast Arizona, with exceptional drought only remaining in far southeast Cochise County by the end of the month. The extreme (D3) drought category remained across the rest of eastern and central Cochise County, much of Graham and Greenlee counties and parts of the Tohono O'odham Nation. July rainfall varied widely from 2 to 15 inches across southeast Arizona. In areas where the drought lingered through the end of the month this equated to 75 to 125 percent of normal rainfall while areas in which the drought eased further rainfall tallied as much as 400 percent of normal. July ranked as the wettest on record for any month at the Tucson International Airport where 8.06 inches was recorded. The rainfall caused wildfire season to end and soil moisture readings to improve from below the 10th percentile to between the 30th and 70th percentiles by month's end. Levels at San Carlos Reservoir started to rise, but only reached slightly more than 1 percent of capacity by the end of the month.","A wet July caused the exceptional (D4) drought category and extreme (D3) drought category to cease across nearly all of southeast Arizona, with exceptional drought only remaining in far southeast Cochise County by the end of the month. The extreme (D3) drought category remained across the rest of eastern and central Cochise County, much of Graham and Greenlee counties and parts of the Tohono O'odham Nation. July rainfall varied widely from 2 to 15 inches across southeast Arizona. In areas where the drought lingered through the end of the month this equated to 75 to 125 percent of normal rainfall while areas in which the drought eased further rainfall tallied as much as 400 percent of normal. July ranked as the wettest on record for any month at the Tucson International Airport where 8.06 inches was recorded. The rainfall caused wildfire season to end and soil moisture readings to improve from below the 10th percentile to between the 30th and 70th percentiles by month's end. Levels at San Carlos Reservoir started to rise, but only reached slightly more than 1 percent of capacity by the end of the month.",305
1066907,CENTRAL PHOENIX (ZONE), ,07/01/2021,1700,Heat, , ,1,0,0,0,AZ,MST-7, ,175747,Z,543,PSR,0,1,County Official, , , , , , , , ,07/01/2021,1700, , , , ,"Two fatalities (1 direct and 1 indirect) were reported by the Maricopa County Department of Public Health, with their details, such as age, gender, circumstances, and exact location unavailable.","Upper level ridging over much of the western United States led to deadly heat at the beginning of July. Temperatures at Phoenix Sky Harbor during this time peaked at 107 degrees, which is normal for this time of year. However, low temperatures only cooled to around 90 degrees at times, providing little overnight relief. According to the Maricopa County Department of Public Health, 14 heat-associated fatalities occurred during this time.",306
975170,PIMA CO.,SABINO,07/02/2021,1457,Tornado, ,EFU,0,0,0,0,AZ,MST-7, ,161477,C,19,TWC,0,0,Broadcast Media, ,0.59,10,2,WNW,2,WNW,SABINO,07/02/2021,1503,32.3085,-110.8445,32.3093,-110.8546,"Photo showed a landspout in northeast Tucson around Skyline and Kolb. No damage occurred.","Scattered thunderstorms moved west across southeast Arizona. Storms produced flash flooding and a swath of damaging winds across the Tucson Metro area, and a landspout was also observed. A swift water rescue with two injuries occurred in Cornfield Canyon in western Cochise County.",307
975203,PINAL CO.,ORACLE,07/02/2021,1515,Thunderstorm Wind,61.00, ,0,0,0,0,AZ,MST-7,EG,161477,C,21,TWC,0,0,Trained Spotter, , , ,12,SW,12,SW,ORACLE,07/02/2021,1515,32.489,-110.9028,32.489,-110.9028,"A trained spotter estimated 70 mph wind gusts in Catalina.","Scattered thunderstorms moved west across southeast Arizona. Storms produced flash flooding and a swath of damaging winds across the Tucson Metro area, and a landspout was also observed. A swift water rescue with two injuries occurred in Cornfield Canyon in western Cochise County.",308
975173,PIMA CO.,SABINO,07/02/2021,1518,Funnel Cloud, , ,0,0,0,0,AZ,MST-7, ,161477,C,19,TWC,0,0,Storm Chaser, , , ,4,W,4,W,SABINO,07/02/2021,1521,32.3085,-110.8931,32.3085,-110.8931,"A storm chaser observed a funnel cloud for 3 minutes in northeast Tucson around Swan and Sunrise.","Scattered thunderstorms moved west across southeast Arizona. Storms produced flash flooding and a swath of damaging winds across the Tucson Metro area, and a landspout was also observed. A swift water rescue with two injuries occurred in Cornfield Canyon in western Cochise County.",309
975201,PIMA CO.,TUCSON,07/02/2021,1520,Thunderstorm Wind,55.00, ,0,0,100000,0,AZ,MST-7,EG,161477,C,19,TWC,0,0,Broadcast Media, , , ,2,ENE,2,S,CASAS ADOBES,07/02/2021,1530,32.2434,-110.9012,32.2879,-110.9763,"Thunderstorm winds downed or uprooted numerous trees in midtown Tucson including several at a cemetery on Prince Rd and Oracle Blvd. One tree fell on a house near Pima St. and Columbus Blvd. and another damaged a car at River Rd. and 1st Ave. Winds also damaged a house under construction near Prince and Country Club Rd. and downed large |power poles near Tucson Mall causing the closure of 1st Ave between River and Wetmore Rds. About 6000 customers lost electricity service.","Scattered thunderstorms moved west across southeast Arizona. Storms produced flash flooding and a swath of damaging winds across the Tucson Metro area, and a landspout was also observed. A swift water rescue with two injuries occurred in Cornfield Canyon in western Cochise County.",310
975209,PIMA CO.,CASAS ADOBES,07/02/2021,1540,Thunderstorm Wind,56.00, ,0,0,10000,0,AZ,MST-7,EG,161477,C,19,TWC,0,0,Broadcast Media, , , ,2,NNW,2,NNW,CASAS ADOBES,07/02/2021,1540,32.3519,-110.9958,32.3519,-110.9958,"Thunderstorm winds blew a metal utility shed into a utility pole at Magee Rd. and La Ca��ada Dr.","Scattered thunderstorms moved west across southeast Arizona. Storms produced flash flooding and a swath of damaging winds across the Tucson Metro area, and a landspout was also observed. A swift water rescue with two injuries occurred in Cornfield Canyon in western Cochise County.",311
975211,PIMA CO.,SABINO,07/02/2021,1600,Flash Flood, , ,0,0,0,0,AZ,MST-7, ,161477,C,19,TWC,0,0,Social Media,Heavy Rain, , ,1,WNW,1,SW,SABINO,07/02/2021,1800,32.3031,-110.8339,32.2929,-110.8306,"Heavy rain of 1 to 1.5 fell in less that 1 hour in the Catalina Foothills. Ventana Wash rose and flowed up to 18 deep across Snyder Rd, causing its closure.","Scattered thunderstorms moved west across southeast Arizona. Storms produced flash flooding and a swath of damaging winds across the Tucson Metro area, and a landspout was also observed. A swift water rescue with two injuries occurred in Cornfield Canyon in western Cochise County.",312
975210,GRAHAM CO.,FT THOMAS,07/02/2021,1610,Thunderstorm Wind,50.00, ,0,0,0,0,AZ,MST-7,MG,161477,C,9,TWC,0,0,RAWS, , , ,4,NNE,4,NNE,FT THOMAS,07/02/2021,1610,33.082,-109.9512,33.082,-109.9512,"Black Hills RAWS measured a wind gust of 58 mph.","Scattered thunderstorms moved west across southeast Arizona. Storms produced flash flooding and a swath of damaging winds across the Tucson Metro area, and a landspout was also observed. A swift water rescue with two injuries occurred in Cornfield Canyon in western Cochise County.",313
975212,PIMA CO.,OLD TUSCON,07/02/2021,1615,Flash Flood, , ,0,0,0,0,AZ,MST-7, ,161477,C,19,TWC,0,0,Public,Heavy Rain, , ,2,SSE,3,S,OLD TUSCON,07/02/2021,1800,32.1915,-111.1219,32.1743,-111.1316,"Heavy rain of 1-2 in less than 1 hour from Tucson Mt Park to Highway 86 caused the flooding and closure of Bopp Rd closed in several locations from Lead Flower Ave west past San Joaquin Rd.","Scattered thunderstorms moved west across southeast Arizona. Storms produced flash flooding and a swath of damaging winds across the Tucson Metro area, and a landspout was also observed. A swift water rescue with two injuries occurred in Cornfield Canyon in western Cochise County.",314
1066908,CENTRAL PHOENIX (ZONE), ,07/02/2021,1700,Heat, , ,0,0,0,0,AZ,MST-7, ,175747,Z,543,PSR,0,3,County Official, , , , , , , , ,07/02/2021,1700, , , , ,"Three indirect fatalities were reported by the Maricopa County Department of Public Health, with their details, such as age, gender, circumstances, and exact location unavailable.","Upper level ridging over much of the western United States led to deadly heat at the beginning of July. Temperatures at Phoenix Sky Harbor during this time peaked at 107 degrees, which is normal for this time of year. However, low temperatures only cooled to around 90 degrees at times, providing little overnight relief. According to the Maricopa County Department of Public Health, 14 heat-associated fatalities occurred during this time.",315
972473,GILA CO.,MIAMI,07/02/2021,1740,Flash Flood, , ,0,0,0,0,AZ,MST-7, ,161015,C,7,PSR,0,0,Park/Forest Service,Heavy Rain / Burn Area, , ,7,S,7,S,MIAMI,07/02/2021,1840,33.3009,-110.8634,33.3006,-110.8618,"A Tonto National Forest service member shared photos from a forest service road near Pinal Peak showing evidence of a flash flood with debris across the road, including boulders/rocks and tree branches strewn across the road. In coordination with the WFO Phoenix Senior Service Hydrologist, it would have taken at least 6 inches of flowing water to move the debris in the photos. There were no reports of damage or injuries.","Thunderstorms developed across southeast Arizona in the afternoon, with strong cells pulsing up over terrain features and outflow boundaries. With precipitable water values near record levels for early-July and very slow steering flow, storms were capable of producing very heavy rain over the same areas, with rain rates around 1-2 inches per hour, resulting in localized flash flooding. Heavy rain from strong storms that developed over Pinal Peak experienced enhanced runoff due to the recent Telegraph burn scar. Runoff from these storms collected in the many dry washes with flow over forest service roads.",316
975437,COCHISE CO.,POMERENE,07/02/2021,1945,Flash Flood, , ,0,2,0,0,AZ,MST-7, ,161477,C,3,TWC,0,0,County Official,Heavy Rain, , ,4,WNW,4,NW,POMERENE,07/02/2021,2100,32.0237,-110.3359,32.0312,-110.328,"One to three inches of rain in 90 minutes in the Cornfield Canyon watershed caused flash flooding. As two females, who had exited their vehicle, were viewing the stream at Ocatillo Road, an additional rise in water levels swept them downstream. One was rescued about three quarters of a mile away while the other was finally located in the San Pedro River the next morning. Both sustained minor injuries.","Scattered thunderstorms moved west across southeast Arizona. Storms produced flash flooding and a swath of damaging winds across the Tucson Metro area, and a landspout was also observed. A swift water rescue with two injuries occurred in Cornfield Canyon in western Cochise County.",317
975474,PIMA CO.,LAS GUIJAS,07/03/2021,1300,Flash Flood, , ,0,0,0,0,AZ,MST-7, ,161519,C,19,TWC,0,0,County Official,Heavy Rain, , ,7,E,9,NNE,LAS GUIJAS,07/03/2021,1500,31.6597,-111.2649,31.7887,-111.3066,"Two inches of rain in less than 1 hour caused extensive flooding of Arivaca Road between mile markers 10 and 16 with additional flash flooding farther north near Keystone Peak.","Scattered thunderstorms moved developed and moved west across southeast Arizona. Storms produced heavy rain from late morning into early afternoon causing flash flooding in parts of Santa Cruz, western Cochise, and southeast Pima counties.",318
975469,COCHISE CO.,(FHU)FT HUACHUCA AFB,07/03/2021,1300,Flash Flood, , ,0,0,0,0,AZ,MST-7, ,161519,C,3,TWC,0,0,CoCoRaHS,Heavy Rain, , ,5,SSW,3,SSW,(FHU)FT HUACHUCA AFB,07/03/2021,1430,31.5144,-110.389,31.5417,-110.3739,"More than one inch of rain in less than 1 hour in upper reaches of Huachuca Canyon flooded the canyon and flowed across Burt Rd at Fort Huachuca.","Scattered thunderstorms moved developed and moved west across southeast Arizona. Storms produced heavy rain from late morning into early afternoon causing flash flooding in parts of Santa Cruz, western Cochise, and southeast Pima counties.",319
975646,SANTA CRUZ CO.,CALABASAS,07/03/2021,1330,Flash Flood, , ,0,0,0,0,AZ,MST-7, ,161519,C,23,TWC,0,0,CoCoRaHS,Heavy Rain, , ,8,WSW,3,WNW,RIO RICO,07/03/2021,1430,31.4243,-111.0974,31.5142,-111.0219,"More than 3 inches of rain in 90 minutes in Rio Rico Southwest caused flash flooding more than 1 foot deep across several roadways.","Scattered thunderstorms moved developed and moved west across southeast Arizona. Storms produced heavy rain from late morning into early afternoon causing flash flooding in parts of Santa Cruz, western Cochise, and southeast Pima counties.",320
973322,NORTHWEST PINAL COUNTY (ZONE), ,07/03/2021,1520,Dust Storm, , ,0,0,0,0,AZ,MST-7, ,160959,Z,553,PSR,0,0,Trained Spotter, , , , , , , , ,07/03/2021,1530, , , , ,"A trained spotter on Interstate 8 at mile post 167 reported visibility briefly fell to 1/4 mile in blowing dust from a strong outflow boundary produced by thunderstorms in northern Pima county. No damages or injuries were reported.","Strong thunderstorms developed in the afternoon over the high terrain of central and southern Arizona before spreading to the lower deserts through the evening, with new development driven mostly by strong outflow boundaries. The primary outflow boundary moved southwest with widespread 30-40 mph wind gusts observed across south-central Arizona and a few stronger gusts, including a 59 mph gust in southern Gila county. The winds were strong enough to cause hundreds of power outages in the Phoenix metro area and generate dense blowing dust over the open deserts in Pinal and western Maricopa counties. With above normal moisture levels, storms also produced localized flash flooding mostly in foothill/high terrain areas, including flash flooding enhanced by recent burn scars.",321
975952,YAVAPAI CO.,DEWEY,07/03/2021,1543,Flash Flood, , ,0,0,0,0,AZ,MST-7, ,161635,C,25,FGZ,0,0,Trained Spotter,Heavy Rain, , ,1,S,3,WSW,DEWEY,07/03/2021,1830,34.52,-112.23,34.5175,-112.2853,"Thunderstorms produced heavy rain and flooding from Dewey and the Agua Fria River to Humbug Creek and Mayer. Water was flowing over roads in Dewey and Meyer. A river gauge in Meyer showed a two foot rise.","High pressure centered near the Four Corners brought moisture over Arizona which developed into strong thunderstorms.",322
972111,GILA CO.,PINAL,07/03/2021,1645,Thunderstorm Wind,51.00, ,0,0,0,0,AZ,MST-7,MG,160959,C,7,PSR,0,0,RAWS, , , ,5,S,5,S,PINAL,07/03/2021,1645,33.33,-110.76,33.33,-110.76,"The Globe RAWS weather station (QGLA3), south of Globe proper, measured a 59 mph thunderstorm wind gust. Timing was estimated from radar.","Strong thunderstorms developed in the afternoon over the high terrain of central and southern Arizona before spreading to the lower deserts through the evening, with new development driven mostly by strong outflow boundaries. The primary outflow boundary moved southwest with widespread 30-40 mph wind gusts observed across south-central Arizona and a few stronger gusts, including a 59 mph gust in southern Gila county. The winds were strong enough to cause hundreds of power outages in the Phoenix metro area and generate dense blowing dust over the open deserts in Pinal and western Maricopa counties. With above normal moisture levels, storms also produced localized flash flooding mostly in foothill/high terrain areas, including flash flooding enhanced by recent burn scars.",323
1066909,CENTRAL PHOENIX (ZONE), ,07/03/2021,1700,Heat, , ,1,0,0,0,AZ,MST-7, ,175747,Z,543,PSR,0,3,County Official, , , , , , , , ,07/03/2021,1700, , , , ,"Four fatalities (1 direct and 3 indirect) were reported by the Maricopa County Department of Public Health, with their details, such as age, gender, circumstances, and exact location unavailable.","Upper level ridging over much of the western United States led to deadly heat at the beginning of July. Temperatures at Phoenix Sky Harbor during this time peaked at 107 degrees, which is normal for this time of year. However, low temperatures only cooled to around 90 degrees at times, providing little overnight relief. According to the Maricopa County Department of Public Health, 14 heat-associated fatalities occurred during this time.",324
972113,GILA CO.,GLOBE,07/03/2021,1700,Flash Flood, , ,0,0,0,0,AZ,MST-7, ,160959,C,7,PSR,0,0,Public,Heavy Rain / Burn Area, , ,2,SSE,2,SSE,GLOBE,07/03/2021,1800,33.37,-110.77,33.3718,-110.7656,"Significant amount of flowing water through Icehouse Canyon and Pinal Creek in Sixshooter Canyon, with downstream flow through Globe, was observed due to heavy rain. Runoff was enhanced by the recent Telegraph burn scar. A spotter in the area reported all major creeks and washes were flowing with ash blackened flood waters. The spotter added that Beer Tree Crossing through Sixshooter Canyon was flooded and there was minor street flooding further downstream. No damages or injuries were reported.","Strong thunderstorms developed in the afternoon over the high terrain of central and southern Arizona before spreading to the lower deserts through the evening, with new development driven mostly by strong outflow boundaries. The primary outflow boundary moved southwest with widespread 30-40 mph wind gusts observed across south-central Arizona and a few stronger gusts, including a 59 mph gust in southern Gila county. The winds were strong enough to cause hundreds of power outages in the Phoenix metro area and generate dense blowing dust over the open deserts in Pinal and western Maricopa counties. With above normal moisture levels, storms also produced localized flash flooding mostly in foothill/high terrain areas, including flash flooding enhanced by recent burn scars.",325
973326,SOUTH MOUNTAIN/AHWATUKEE (ZONE), ,07/03/2021,1730,Dust Storm, , ,0,0,0,0,AZ,MST-7, ,160959,Z,550,PSR,0,0,Public, , , , , , , , ,07/03/2021,1740, , , , ,"Visibility briefly fell to 1/4 mile in blowing dust along Highway 347 between Riggs Road and Interstate 8. Blowing dust was generated by a strong northward-moving outflow boundary from storms in northern Pima county and reinforced by a storm near the town of Maricopa. There were no reports of damages or injuries.","Strong thunderstorms developed in the afternoon over the high terrain of central and southern Arizona before spreading to the lower deserts through the evening, with new development driven mostly by strong outflow boundaries. The primary outflow boundary moved southwest with widespread 30-40 mph wind gusts observed across south-central Arizona and a few stronger gusts, including a 59 mph gust in southern Gila county. The winds were strong enough to cause hundreds of power outages in the Phoenix metro area and generate dense blowing dust over the open deserts in Pinal and western Maricopa counties. With above normal moisture levels, storms also produced localized flash flooding mostly in foothill/high terrain areas, including flash flooding enhanced by recent burn scars.",326
973328,NORTHWEST VALLEY (ZONE), ,07/03/2021,1738,Dust Storm, , ,0,0,0,0,AZ,MST-7, ,160959,Z,537,PSR,0,0,Trained Spotter, , , , , , , , ,07/03/2021,1748, , , , ,"A trained spotter in Wittman reported visibility briefly fell to less than 1/4 mile in blowing dust generated by a strong southwestward-moving outflow boundary with reinforcing thunderstorms. There were no reports of damages or injuries.","Strong thunderstorms developed in the afternoon over the high terrain of central and southern Arizona before spreading to the lower deserts through the evening, with new development driven mostly by strong outflow boundaries. The primary outflow boundary moved southwest with widespread 30-40 mph wind gusts observed across south-central Arizona and a few stronger gusts, including a 59 mph gust in southern Gila county. The winds were strong enough to cause hundreds of power outages in the Phoenix metro area and generate dense blowing dust over the open deserts in Pinal and western Maricopa counties. With above normal moisture levels, storms also produced localized flash flooding mostly in foothill/high terrain areas, including flash flooding enhanced by recent burn scars.",327
973262,GILA CO.,LITTLE ACRES,07/03/2021,1800,Flash Flood, , ,0,0,0,0,AZ,MST-7, ,160959,C,7,PSR,0,0,Emergency Manager,Heavy Rain / Burn Area, , ,3,SSE,3,SSE,LITTLE ACRES,07/03/2021,1900,33.3594,-110.8161,33.3593,-110.8156,"An emergency manager reported a 4-5 foot rise in water in the typically dry Russell Gulch with enhanced runoff from the 2021 Telegraph burn scar. The timing of max flow was estimated.  Additionally, Russell Road, which runs through Russell Gulch, was reportedly closed at mile marker 4 by a former trained spotter due to flood waters and burned mud. No damages or injuries were reported.","Strong thunderstorms developed in the afternoon over the high terrain of central and southern Arizona before spreading to the lower deserts through the evening, with new development driven mostly by strong outflow boundaries. The primary outflow boundary moved southwest with widespread 30-40 mph wind gusts observed across south-central Arizona and a few stronger gusts, including a 59 mph gust in southern Gila county. The winds were strong enough to cause hundreds of power outages in the Phoenix metro area and generate dense blowing dust over the open deserts in Pinal and western Maricopa counties. With above normal moisture levels, storms also produced localized flash flooding mostly in foothill/high terrain areas, including flash flooding enhanced by recent burn scars.",328
973270,MARICOPA CO.,FT MCDOWELL,07/03/2021,1855,Flash Flood, , ,0,0,0,0,AZ,MST-7, ,160959,C,13,PSR,0,0,Public,Heavy Rain, , ,8,ESE,8,ESE,FT MCDOWELL,07/03/2021,1940,33.6033,-111.5472,33.6033,-111.5467,"A Twitter video showed an estimated 6 inches of flowing water over Bush Highway and roughly 3 feet of water collected on the side of the highway at about 1 mile north of the Butcher Jones turnoff. No damages or injuries reported.","Strong thunderstorms developed in the afternoon over the high terrain of central and southern Arizona before spreading to the lower deserts through the evening, with new development driven mostly by strong outflow boundaries. The primary outflow boundary moved southwest with widespread 30-40 mph wind gusts observed across south-central Arizona and a few stronger gusts, including a 59 mph gust in southern Gila county. The winds were strong enough to cause hundreds of power outages in the Phoenix metro area and generate dense blowing dust over the open deserts in Pinal and western Maricopa counties. With above normal moisture levels, storms also produced localized flash flooding mostly in foothill/high terrain areas, including flash flooding enhanced by recent burn scars.",329
973264,MARICOPA CO.,TORTILLA FLAT,07/03/2021,1900,Flash Flood, , ,0,0,0,0,AZ,MST-7, ,160959,C,13,PSR,0,0,Public,Heavy Rain / Burn Area, , ,17,E,17,E,TORTILLA FLAT,07/03/2021,2000,33.528,-111.0823,33.53,-111.08,"Upper Campaign Creek rose 1 to 2 feet. Runoff may have been enhanced by the 2019 Woodbury burn scar. Low water crossing along J Bar Road closed due to flowing water and debris. Time estimated from radar and nearby NWS rain gage. No damage or injuries were reported.","Strong thunderstorms developed in the afternoon over the high terrain of central and southern Arizona before spreading to the lower deserts through the evening, with new development driven mostly by strong outflow boundaries. The primary outflow boundary moved southwest with widespread 30-40 mph wind gusts observed across south-central Arizona and a few stronger gusts, including a 59 mph gust in southern Gila county. The winds were strong enough to cause hundreds of power outages in the Phoenix metro area and generate dense blowing dust over the open deserts in Pinal and western Maricopa counties. With above normal moisture levels, storms also produced localized flash flooding mostly in foothill/high terrain areas, including flash flooding enhanced by recent burn scars.",330
973275,MARICOPA CO.,SKYWAY VLG,07/03/2021,1930,Flash Flood, , ,0,0,0,0,AZ,MST-7, ,160959,C,13,PSR,0,0,Park/Forest Service,Heavy Rain, , ,8,NE,8,NE,SKYWAY VLG,07/03/2021,2030,33.58,-111.52,33.5781,-111.5135,"Tonto National Forest closed Butcher Jones Beach Road due to significant flash flooding impacts to the recreational beach and day-use area. Time estimated by radar. No damages or injuries were reported.","Strong thunderstorms developed in the afternoon over the high terrain of central and southern Arizona before spreading to the lower deserts through the evening, with new development driven mostly by strong outflow boundaries. The primary outflow boundary moved southwest with widespread 30-40 mph wind gusts observed across south-central Arizona and a few stronger gusts, including a 59 mph gust in southern Gila county. The winds were strong enough to cause hundreds of power outages in the Phoenix metro area and generate dense blowing dust over the open deserts in Pinal and western Maricopa counties. With above normal moisture levels, storms also produced localized flash flooding mostly in foothill/high terrain areas, including flash flooding enhanced by recent burn scars.",331
973320,MARICOPA CO.,MOBILE,07/03/2021,2200,Flash Flood, , ,0,0,0,0,AZ,MST-7, ,160959,C,13,PSR,0,0,Department of Highways,Heavy Rain, , ,1,NNW,0,NW,MOBILE,07/04/2021,0,33.0577,-112.2748,33.0523,-112.2736,"Arizona Department of Transportation (ADOT) reported via Twitter that the flood prone state route 238 was closed in both directions between mile markers 25 and 38 due to flooding. The Twitter report was roughly 2 hours after the causative heavy rain. Timing was adjusted based on radar. Radar estimated rainfall was around 1.00-1.25 inches. ADOT reported state route 238 reopened at 20:15 on the 4th. No damages or injuries were reported.","Strong thunderstorms developed in the afternoon over the high terrain of central and southern Arizona before spreading to the lower deserts through the evening, with new development driven mostly by strong outflow boundaries. The primary outflow boundary moved southwest with widespread 30-40 mph wind gusts observed across south-central Arizona and a few stronger gusts, including a 59 mph gust in southern Gila county. The winds were strong enough to cause hundreds of power outages in the Phoenix metro area and generate dense blowing dust over the open deserts in Pinal and western Maricopa counties. With above normal moisture levels, storms also produced localized flash flooding mostly in foothill/high terrain areas, including flash flooding enhanced by recent burn scars.",332
1066910,CENTRAL PHOENIX (ZONE), ,07/04/2021,1700,Heat, , ,0,0,0,0,AZ,MST-7, ,175747,Z,543,PSR,0,2,County Official, , , , , , , , ,07/04/2021,1700, , , , ,"Two indirect fatalities were reported by the Maricopa County Department of Public Health, with their details, such as age, gender, circumstances, and exact location unavailable.","Upper level ridging over much of the western United States led to deadly heat at the beginning of July. Temperatures at Phoenix Sky Harbor during this time peaked at 107 degrees, which is normal for this time of year. However, low temperatures only cooled to around 90 degrees at times, providing little overnight relief. According to the Maricopa County Department of Public Health, 14 heat-associated fatalities occurred during this time.",333
974392,GILA CO.,GLOBE,07/04/2021,1710,Debris Flow, , ,0,0,0,0,AZ,MST-7, ,161240,C,7,PSR,0,0,Public,Heavy Rain / Burn Area, , ,8,S,8,S,GLOBE,07/04/2021,1740,33.29,-110.7946,33.2906,-110.7906,"A survey done by the Arizona Geological Survey (AZGS) from the University of Arizona found evidence of debris flow across Forest Service Road 112 in multiple locations between Icehouse CCC Campground and Pioneer Pass Campground. Debris flow was found in tributaries to Pinal Creek from both the west and the east. Photos from the survey showed many large loose boulders. Timing of debris flow estimated from radar. No injuries or damage reported.","On the 4th, deep moisture was in place with near record level PWAT values of 1.8-2.0 inches observed by regional soundings. Instability was marginal with MLCAPE around 1000 J/kg, but it was sufficient for thunderstorms to develop across Gila county in the afternoon. With the deep moisture in place, all thunderstorms were producing very heavy rain with rain rates commonly around 1-2 inches per hour and briefly higher. Heavy rain impacted multiple burn scars across the county which are especially prone to flash flooding. Multiple flash flood warnings were issued. One storm impacted the 2021 Telegraph burn scar with 1.5-2.0 inches of rain in about 1 hour. A rain gage in Sixshooter Canyon measured 1.38 inches in 41 minutes. This led to a significant flash flood event with runoff collecting in Sixshooter Canyon and the upper portions of Pinal Creek and flowing downstream into the town of Globe. Many homes were damaged by flood waters and debris and Pinal Creek ran bankfull through much of downtown Globe with some bridges nearly overtopped. The floodwave continued several miles north of Globe with a USGS gage in Pinal Creek measuring a notable rise.",334
973783,GILA CO.,BORCH,07/04/2021,1755,Flash Flood, , ,0,0,0,0,AZ,MST-7, ,161240,C,7,PSR,0,0,River/Stream Gage,Heavy Rain / Burn Area, , ,9,NNW,9,NNW,BORCH,07/04/2021,1830,33.5608,-110.8949,33.5632,-110.892,"USGS stream gage on Pinal Creek at Inspiration Dam measured a rapid rise from 1.28 feet at 1745 MST to 5.20 feet at 1800 MST. A radar estimated 2 to 3 inches of rain fell over the area, including a portion of the 2020 Salt burn scar, between 1610 MST and 1730 MST. Additional smaller rises were measured at 2000 MST and 2330 MST that may have been related to a different flood wave that moved through the Globe area around 1800-1900 MST. No damages or injuries were reported.","On the 4th, deep moisture was in place with near record level PWAT values of 1.8-2.0 inches observed by regional soundings. Instability was marginal with MLCAPE around 1000 J/kg, but it was sufficient for thunderstorms to develop across Gila county in the afternoon. With the deep moisture in place, all thunderstorms were producing very heavy rain with rain rates commonly around 1-2 inches per hour and briefly higher. Heavy rain impacted multiple burn scars across the county which are especially prone to flash flooding. Multiple flash flood warnings were issued. One storm impacted the 2021 Telegraph burn scar with 1.5-2.0 inches of rain in about 1 hour. A rain gage in Sixshooter Canyon measured 1.38 inches in 41 minutes. This led to a significant flash flood event with runoff collecting in Sixshooter Canyon and the upper portions of Pinal Creek and flowing downstream into the town of Globe. Many homes were damaged by flood waters and debris and Pinal Creek ran bankfull through much of downtown Globe with some bridges nearly overtopped. The floodwave continued several miles north of Globe with a USGS gage in Pinal Creek measuring a notable rise.",335
974036,GILA CO.,GLOBE,07/04/2021,1755,Flash Flood, , ,0,0,800000,0,AZ,MST-7, ,161240,C,7,PSR,0,0,Emergency Manager,Heavy Rain / Burn Area, , ,4,S,4,S,GLOBE,07/04/2021,1855,33.3443,-110.77,33.3436,-110.767,"A significant flood wave of water, ash, mud, and other debris moved downstream in Pinal Creek through Six Shooter Canyon. Flood water escaped the banks of Pinal Creek in many locations and caused varying degrees of property damage to 15 homes along Six Shooter Canyon Road with one of the homes deemed a total loss. Photos and videos of two of the impacted homes showed 1-3 feet of water and debris moving through the the yards and up against the homes with water and mud entering the homes. There were also multiple videos that showed 1-2 feet of water and debris flowing rapidly down Six Shooter Canyon Rd from Delores Lane to at least Marlin Drive. In addition to the 15 damaged homes, there was a lot of damage to fencing, roads, a few bridges, vehicles, and other infrastructure and personal property. The flood wave would continue down Pinal Creek all the way through downtown Globe. There were no reports of injuries.","On the 4th, deep moisture was in place with near record level PWAT values of 1.8-2.0 inches observed by regional soundings. Instability was marginal with MLCAPE around 1000 J/kg, but it was sufficient for thunderstorms to develop across Gila county in the afternoon. With the deep moisture in place, all thunderstorms were producing very heavy rain with rain rates commonly around 1-2 inches per hour and briefly higher. Heavy rain impacted multiple burn scars across the county which are especially prone to flash flooding. Multiple flash flood warnings were issued. One storm impacted the 2021 Telegraph burn scar with 1.5-2.0 inches of rain in about 1 hour. A rain gage in Sixshooter Canyon measured 1.38 inches in 41 minutes. This led to a significant flash flood event with runoff collecting in Sixshooter Canyon and the upper portions of Pinal Creek and flowing downstream into the town of Globe. Many homes were damaged by flood waters and debris and Pinal Creek ran bankfull through much of downtown Globe with some bridges nearly overtopped. The floodwave continued several miles north of Globe with a USGS gage in Pinal Creek measuring a notable rise.",336
973789,GILA CO.,GLOBE,07/04/2021,1820,Flash Flood, , ,0,0,0,0,AZ,MST-7, ,161240,C,7,PSR,0,0,Trained Spotter,Heavy Rain / Burn Area, , ,1,SSE,1,SSE,GLOBE,07/04/2021,1850,33.3815,-110.7711,33.3816,-110.7706,"Video from a trained spotter showed substantial ash-blackened flood water flowing through Pinal Creek, with flow over Beer Tree Crossing near Jess Hayes Road. No damages or injuries were reported.","On the 4th, deep moisture was in place with near record level PWAT values of 1.8-2.0 inches observed by regional soundings. Instability was marginal with MLCAPE around 1000 J/kg, but it was sufficient for thunderstorms to develop across Gila county in the afternoon. With the deep moisture in place, all thunderstorms were producing very heavy rain with rain rates commonly around 1-2 inches per hour and briefly higher. Heavy rain impacted multiple burn scars across the county which are especially prone to flash flooding. Multiple flash flood warnings were issued. One storm impacted the 2021 Telegraph burn scar with 1.5-2.0 inches of rain in about 1 hour. A rain gage in Sixshooter Canyon measured 1.38 inches in 41 minutes. This led to a significant flash flood event with runoff collecting in Sixshooter Canyon and the upper portions of Pinal Creek and flowing downstream into the town of Globe. Many homes were damaged by flood waters and debris and Pinal Creek ran bankfull through much of downtown Globe with some bridges nearly overtopped. The floodwave continued several miles north of Globe with a USGS gage in Pinal Creek measuring a notable rise.",337
974404,GILA CO.,GLOBE,07/04/2021,1855,Flash Flood, , ,0,0,0,0,AZ,MST-7, ,161240,C,7,PSR,0,0,Public,Heavy Rain, , ,1,W,1,NW,GLOBE,07/04/2021,1945,33.4009,-110.7903,33.4086,-110.793,"Multiple social media photos and videos showed 6-8 feet of water flowing down the Pinal Creek flood retention channel in downtown Globe. Flood water nearly reached the bottom of a few of the bridges across Pinal Creek. Flood water would continue downstream in Pinal Creek for several miles north of Globe. There were no reports of damage or injuries in Downtown Globe.","On the 4th, deep moisture was in place with near record level PWAT values of 1.8-2.0 inches observed by regional soundings. Instability was marginal with MLCAPE around 1000 J/kg, but it was sufficient for thunderstorms to develop across Gila county in the afternoon. With the deep moisture in place, all thunderstorms were producing very heavy rain with rain rates commonly around 1-2 inches per hour and briefly higher. Heavy rain impacted multiple burn scars across the county which are especially prone to flash flooding. Multiple flash flood warnings were issued. One storm impacted the 2021 Telegraph burn scar with 1.5-2.0 inches of rain in about 1 hour. A rain gage in Sixshooter Canyon measured 1.38 inches in 41 minutes. This led to a significant flash flood event with runoff collecting in Sixshooter Canyon and the upper portions of Pinal Creek and flowing downstream into the town of Globe. Many homes were damaged by flood waters and debris and Pinal Creek ran bankfull through much of downtown Globe with some bridges nearly overtopped. The floodwave continued several miles north of Globe with a USGS gage in Pinal Creek measuring a notable rise.",338
1066911,CENTRAL PHOENIX (ZONE), ,07/05/2021,1700,Heat, , ,1,0,0,0,AZ,MST-7, ,175747,Z,543,PSR,0,2,County Official, , , , , , , , ,07/05/2021,1700, , , , ,"Three fatalities (1 direct and 2 indirect) were reported by the Maricopa County Department of Public Health, with their details, such as age, gender, circumstances, and exact location unavailable.","Upper level ridging over much of the western United States led to deadly heat at the beginning of July. Temperatures at Phoenix Sky Harbor during this time peaked at 107 degrees, which is normal for this time of year. However, low temperatures only cooled to around 90 degrees at times, providing little overnight relief. According to the Maricopa County Department of Public Health, 14 heat-associated fatalities occurred during this time.",339
1066913,CENTRAL PHOENIX (ZONE), ,07/06/2021,0,Heat, , ,1,0,0,0,AZ,MST-7, ,175748,Z,543,PSR,0,1,County Official, , , , , , , , ,07/06/2021,2359, , , , ,"Two fatalities (1 direct and 1 indirect) were reported by the Maricopa County Department of Public Health, with their details, such as age, gender, circumstances, and exact location unavailable.","Strong high pressure encompassing the Desert Southwest led to above normal temperatures, with excessive heat conditions occurring across the Phoenix area between the 9th and 11th. At Phoenix Sky Harbor, temperatures climbed above 110 degrees for six consecutive days between the 6th and 11th, with the warmest highs peaking at 112 degrees. Overnight low temperatures offered little relief from the heat as temperatures only fell to around 90 degrees most nights. On the 9th, Phoenix recorded a low temperature of 93 degrees, setting a new record warm low for the date. According to the Maricopa County Department of Public Health, 49 heat-associated fatalities occurred during this time.",340
1066916,EAST VALLEY (ZONE), ,07/06/2021,0,Heat, , ,1,0,0,0,AZ,MST-7, ,175748,Z,548,PSR,0,0,County Official, , , , , , , , ,07/06/2021,2359, , , , ,"One direct fatality was reported by the Maricopa County Department of Public Health, with their details, such as age, gender, circumstances, and exact location unavailable.","Strong high pressure encompassing the Desert Southwest led to above normal temperatures, with excessive heat conditions occurring across the Phoenix area between the 9th and 11th. At Phoenix Sky Harbor, temperatures climbed above 110 degrees for six consecutive days between the 6th and 11th, with the warmest highs peaking at 112 degrees. Overnight low temperatures offered little relief from the heat as temperatures only fell to around 90 degrees most nights. On the 9th, Phoenix recorded a low temperature of 93 degrees, setting a new record warm low for the date. According to the Maricopa County Department of Public Health, 49 heat-associated fatalities occurred during this time.",341
976591,WESTERN PIMA COUNTY (ZONE), ,07/06/2021,1000,Heat, , ,1,0,0,0,AZ,MST-7, ,161763,Z,501,TWC,0,0,County Official, , , , , , , , ,07/06/2021,2000, , , , ,"Temperatures 5 degrees above normal near 110 degrees, occurred in western Pima County causing the Moderate Heat Risk category to be reached on July 6. The Pima County Medical Examiner confirmed that heat was the primary cause of death for one male found in the desert west of Ajo.","Hot temperatures around 105 degrees on the Tohono O'odham Nation and 110 in western Pima County were experienced on July 6.  The Pima County Medical Examiner confirmed that heat was the primary cause of death for four males found in the desert.",342
976592,TOHONO O ODHAM NATION (ZONE), ,07/06/2021,1000,Heat, , ,3,0,0,0,AZ,MST-7, ,161763,Z,502,TWC,0,0,County Official, , , , , , , , ,07/06/2021,2000, , , , ,"Temperatures 5 degrees above normal around 105 degrees, occurred on the Tohono O'odham Nation causing the Moderate Heat Risk category to be reached on July 6. The Pima County Medical Examiner confirmed that heat was the primary cause of death for three males found in the desert, two near Sells and one near Vamori.","Hot temperatures around 105 degrees on the Tohono O'odham Nation and 110 in western Pima County were experienced on July 6.  The Pima County Medical Examiner confirmed that heat was the primary cause of death for four males found in the desert.",343
1066914,CENTRAL PHOENIX (ZONE), ,07/07/2021,0,Heat, , ,2,0,0,0,AZ,MST-7, ,175748,Z,543,PSR,0,0,County Official, , , , , , , , ,07/07/2021,2359, , , , ,"Two direct fatalities were reported by the Maricopa County Department of Public Health, with their details, such as age, gender, circumstances, and exact location unavailable.","Strong high pressure encompassing the Desert Southwest led to above normal temperatures, with excessive heat conditions occurring across the Phoenix area between the 9th and 11th. At Phoenix Sky Harbor, temperatures climbed above 110 degrees for six consecutive days between the 6th and 11th, with the warmest highs peaking at 112 degrees. Overnight low temperatures offered little relief from the heat as temperatures only fell to around 90 degrees most nights. On the 9th, Phoenix recorded a low temperature of 93 degrees, setting a new record warm low for the date. According to the Maricopa County Department of Public Health, 49 heat-associated fatalities occurred during this time.",344
1066917,EAST VALLEY (ZONE), ,07/07/2021,0,Heat, , ,1,0,0,0,AZ,MST-7, ,175748,Z,548,PSR,0,0,County Official, , , , , , , , ,07/07/2021,2359, , , , ,"One direct fatality was reported by the Maricopa County Department of Public Health, with their details, such as age, gender, circumstances, and exact location unavailable.","Strong high pressure encompassing the Desert Southwest led to above normal temperatures, with excessive heat conditions occurring across the Phoenix area between the 9th and 11th. At Phoenix Sky Harbor, temperatures climbed above 110 degrees for six consecutive days between the 6th and 11th, with the warmest highs peaking at 112 degrees. Overnight low temperatures offered little relief from the heat as temperatures only fell to around 90 degrees most nights. On the 9th, Phoenix recorded a low temperature of 93 degrees, setting a new record warm low for the date. According to the Maricopa County Department of Public Health, 49 heat-associated fatalities occurred during this time.",345
974540,LAKE HAVASU AND FORT MOHAVE (ZONE), ,07/07/2021,1100,Excessive Heat, , ,0,0,0,0,AZ,MST-7, ,161382,Z,2,VEF,0,0,Official NWS Observations, , , , , , , , ,07/12/2021,2000, , , , ,"Excessive Heat Warning criteria were reached six days in a row.","Strong high pressure over the Desert Southwest brought several days of scorching temperatures.",346
974541,NORTHWEST DESERTS (ZONE), ,07/07/2021,1100,Excessive Heat, , ,0,0,0,0,AZ,MST-7, ,161382,Z,3,VEF,0,0,Official NWS Observations, , , , , , , , ,07/12/2021,2000, , , , ,"Excessive Heat Warning criteria were reached six days in a row.","Strong high pressure over the Desert Southwest brought several days of scorching temperatures.",347
974542,LAKE MEAD NATIONAL RECREATION AREA (ZONE), ,07/07/2021,1100,Excessive Heat, , ,0,0,0,0,AZ,MST-7, ,161382,Z,36,VEF,0,0,Official NWS Observations, , , , , , , , ,07/12/2021,2000, , , , ,"Excessive Heat Warning criteria were reached six days in a row.","Strong high pressure over the Desert Southwest brought several days of scorching temperatures.",348
974539,NORTHWEST PLATEAU (ZONE), ,07/07/2021,1100,Excessive Heat, , ,0,0,0,0,AZ,MST-7, ,161382,Z,1,VEF,0,0,Official NWS Observations, , , , , , , , ,07/12/2021,2000, , , , ,"Excessive Heat Warning criteria were reached six days in a row.","Strong high pressure over the Desert Southwest brought several days of scorching temperatures.",349
975653,COCHISE CO.,HEREFORD,07/07/2021,1915,Thunderstorm Wind,56.00, ,0,0,50000,0,AZ,MST-7,EG,161559,C,3,TWC,0,0,Broadcast Media, , , ,5,WNW,6,WNW,HEREFORD,07/07/2021,1915,31.4577,-110.1863,31.4552,-110.1899,"Thunderstorm winds downed seven power poles and damaged or destroyed several storage sheds near Moson Rd, between Dakota and Nevada Aves.","Scattered thunderstorms developed and moved southwest across Graham, Greenlee and Cochise counties. One storm produced damaging winds in the Sierra Vista area.",350
1066919,NORTH PHOENIX/GLENDALE (ZONE), ,07/08/2021,0,Heat, , ,1,0,0,0,AZ,MST-7, ,175748,Z,544,PSR,0,0,County Official, , , , , , , , ,07/08/2021,2359, , , , ,"One direct fatality was reported by the Maricopa County Department of Public Health, with their details, such as age, gender, circumstances, and exact location unavailable.","Strong high pressure encompassing the Desert Southwest led to above normal temperatures, with excessive heat conditions occurring across the Phoenix area between the 9th and 11th. At Phoenix Sky Harbor, temperatures climbed above 110 degrees for six consecutive days between the 6th and 11th, with the warmest highs peaking at 112 degrees. Overnight low temperatures offered little relief from the heat as temperatures only fell to around 90 degrees most nights. On the 9th, Phoenix recorded a low temperature of 93 degrees, setting a new record warm low for the date. According to the Maricopa County Department of Public Health, 49 heat-associated fatalities occurred during this time.",351
1066915,CENTRAL PHOENIX (ZONE), ,07/08/2021,0,Heat, , ,3,0,0,0,AZ,MST-7, ,175748,Z,543,PSR,0,0,County Official, , , , , , , , ,07/08/2021,2359, , , , ,"Three direct fatalities were reported by the Maricopa County Department of Public Health, with their details, such as age, gender, circumstances, and exact location unavailable.","Strong high pressure encompassing the Desert Southwest led to above normal temperatures, with excessive heat conditions occurring across the Phoenix area between the 9th and 11th. At Phoenix Sky Harbor, temperatures climbed above 110 degrees for six consecutive days between the 6th and 11th, with the warmest highs peaking at 112 degrees. Overnight low temperatures offered little relief from the heat as temperatures only fell to around 90 degrees most nights. On the 9th, Phoenix recorded a low temperature of 93 degrees, setting a new record warm low for the date. According to the Maricopa County Department of Public Health, 49 heat-associated fatalities occurred during this time.",352
1066918,EAST VALLEY (ZONE), ,07/08/2021,0,Heat, , ,2,0,0,0,AZ,MST-7, ,175748,Z,548,PSR,0,0,County Official, , , , , , , , ,07/08/2021,2359, , , , ,"Two direct fatalities were reported by the Maricopa County Department of Public Health, with their details, such as age, gender, circumstances, and exact location unavailable.","Strong high pressure encompassing the Desert Southwest led to above normal temperatures, with excessive heat conditions occurring across the Phoenix area between the 9th and 11th. At Phoenix Sky Harbor, temperatures climbed above 110 degrees for six consecutive days between the 6th and 11th, with the warmest highs peaking at 112 degrees. Overnight low temperatures offered little relief from the heat as temperatures only fell to around 90 degrees most nights. On the 9th, Phoenix recorded a low temperature of 93 degrees, setting a new record warm low for the date. According to the Maricopa County Department of Public Health, 49 heat-associated fatalities occurred during this time.",353
976722,YAVAPAI CO.,MAYER,07/08/2021,1715,Thunderstorm Wind,52.00, ,0,0,0,0,AZ,MST-7,EG,161791,C,25,FGZ,0,0,Public, , , ,4,W,2,SSE,POLAND JCT,07/08/2021,1745,34.39,-112.301,34.42,-112.26,"A thunderstorm produced 1/2 inch hail, torrential rainfall, and wind damage. The wind damage included a snapped flag pole, a BBQ grill was pushed off a deck, and multiple tree limbs were broken off trees.","A surge of moisture from the Gulf of California helped produce a strong thunderstorm over the Meyer area.",354
973696,GILA CO.,LITTLE ACRES,07/08/2021,1840,Flash Flood, , ,0,0,0,0,AZ,MST-7, ,161264,C,7,PSR,0,0,Emergency Manager,Heavy Rain / Burn Area, , ,0,NE,1,NE,LITTLE ACRES,07/08/2021,1940,33.404,-110.8245,33.4045,-110.8225,"Emergency management reported flash flooding in Russell Gulch that resulted in a low water crossing being closed near a medical center due to flooding. A bridge near the medical center came close to overtopping. Water also spilled out of a channel near a public works yard. No damage or injuries were reported.","Thunderstorms developed along the Mogollon Rim during the afternoon hours before pushing through Gila County by late afternoon and early evening. Additional thunderstorms developed along terrain features over the Telegraph burn scar, producing heavy rainfall over the area. This heavy rainfall resulted in downstream flash flooding in Russell Gulch. No damage or injuries were reported.",355
1066920,CENTRAL PHOENIX (ZONE), ,07/09/2021,1000,Excessive Heat, , ,16,0,0,0,AZ,MST-7, ,175748,Z,543,PSR,0,4,County Official, , , , , , , , ,07/11/2021,2000, , , , ,"Twenty fatalities (16 direct and 4 indirect) were reported by the Maricopa County Department of Public Health, with their details, such as age, gender, circumstances, and exact location unavailable.","Strong high pressure encompassing the Desert Southwest led to above normal temperatures, with excessive heat conditions occurring across the Phoenix area between the 9th and 11th. At Phoenix Sky Harbor, temperatures climbed above 110 degrees for six consecutive days between the 6th and 11th, with the warmest highs peaking at 112 degrees. Overnight low temperatures offered little relief from the heat as temperatures only fell to around 90 degrees most nights. On the 9th, Phoenix recorded a low temperature of 93 degrees, setting a new record warm low for the date. According to the Maricopa County Department of Public Health, 49 heat-associated fatalities occurred during this time.",356
1066923,NORTH PHOENIX/GLENDALE (ZONE), ,07/09/2021,1000,Excessive Heat, , ,4,0,0,0,AZ,MST-7, ,175748,Z,544,PSR,0,0,County Official, , , , , , , , ,07/11/2021,2000, , , , ,"Four direct fatalities were reported by the Maricopa County Department of Public Health, with their details, such as age, gender, circumstances, and exact location unavailable.","Strong high pressure encompassing the Desert Southwest led to above normal temperatures, with excessive heat conditions occurring across the Phoenix area between the 9th and 11th. At Phoenix Sky Harbor, temperatures climbed above 110 degrees for six consecutive days between the 6th and 11th, with the warmest highs peaking at 112 degrees. Overnight low temperatures offered little relief from the heat as temperatures only fell to around 90 degrees most nights. On the 9th, Phoenix recorded a low temperature of 93 degrees, setting a new record warm low for the date. According to the Maricopa County Department of Public Health, 49 heat-associated fatalities occurred during this time.",357
1066927,CAVE CREEK/NEW RIVER (ZONE), ,07/09/2021,1000,Excessive Heat, , ,0,0,0,0,AZ,MST-7, ,175748,Z,541,PSR,0,0,County Official, , , , , , , , ,07/11/2021,2000, , , , ,"","Strong high pressure encompassing the Desert Southwest led to above normal temperatures, with excessive heat conditions occurring across the Phoenix area between the 9th and 11th. At Phoenix Sky Harbor, temperatures climbed above 110 degrees for six consecutive days between the 6th and 11th, with the warmest highs peaking at 112 degrees. Overnight low temperatures offered little relief from the heat as temperatures only fell to around 90 degrees most nights. On the 9th, Phoenix recorded a low temperature of 93 degrees, setting a new record warm low for the date. According to the Maricopa County Department of Public Health, 49 heat-associated fatalities occurred during this time.",358
1066932,YUMA (ZONE), ,07/09/2021,1000,Excessive Heat, , ,0,0,0,0,AZ,MST-7, ,175748,Z,532,PSR,0,0,County Official, , , , , , , , ,07/11/2021,2000, , , , ,"","Strong high pressure encompassing the Desert Southwest led to above normal temperatures, with excessive heat conditions occurring across the Phoenix area between the 9th and 11th. At Phoenix Sky Harbor, temperatures climbed above 110 degrees for six consecutive days between the 6th and 11th, with the warmest highs peaking at 112 degrees. Overnight low temperatures offered little relief from the heat as temperatures only fell to around 90 degrees most nights. On the 9th, Phoenix recorded a low temperature of 93 degrees, setting a new record warm low for the date. According to the Maricopa County Department of Public Health, 49 heat-associated fatalities occurred during this time.",359
1066926,BUCKEYE/AVONDALE (ZONE), ,07/09/2021,1000,Excessive Heat, , ,1,0,0,0,AZ,MST-7, ,175748,Z,540,PSR,0,0,County Official, , , , , , , , ,07/11/2021,2000, , , , ,"One direct fatality was reported by the Maricopa County Department of Public Health, with their details, such as age, gender, circumstances, and exact location unavailable.","Strong high pressure encompassing the Desert Southwest led to above normal temperatures, with excessive heat conditions occurring across the Phoenix area between the 9th and 11th. At Phoenix Sky Harbor, temperatures climbed above 110 degrees for six consecutive days between the 6th and 11th, with the warmest highs peaking at 112 degrees. Overnight low temperatures offered little relief from the heat as temperatures only fell to around 90 degrees most nights. On the 9th, Phoenix recorded a low temperature of 93 degrees, setting a new record warm low for the date. According to the Maricopa County Department of Public Health, 49 heat-associated fatalities occurred during this time.",360
1066922,NORTHWEST VALLEY (ZONE), ,07/09/2021,1000,Excessive Heat, , ,1,0,0,0,AZ,MST-7, ,175748,Z,537,PSR,0,0,County Official, , , , , , , , ,07/11/2021,2000, , , , ,"One direct fatality was reported by the Maricopa County Department of Public Health, with their details, such as age, gender, circumstances, and exact location unavailable.","Strong high pressure encompassing the Desert Southwest led to above normal temperatures, with excessive heat conditions occurring across the Phoenix area between the 9th and 11th. At Phoenix Sky Harbor, temperatures climbed above 110 degrees for six consecutive days between the 6th and 11th, with the warmest highs peaking at 112 degrees. Overnight low temperatures offered little relief from the heat as temperatures only fell to around 90 degrees most nights. On the 9th, Phoenix recorded a low temperature of 93 degrees, setting a new record warm low for the date. According to the Maricopa County Department of Public Health, 49 heat-associated fatalities occurred during this time.",361
1066924,SOUTHEAST VALLEY/QUEEN CREEK (ZONE), ,07/09/2021,1000,Excessive Heat, , ,3,0,0,0,AZ,MST-7, ,175748,Z,551,PSR,0,0,County Official, , , , , , , , ,07/11/2021,2000, , , , ,"Three direct fatalities were reported by the Maricopa County Department of Public Health, with their details, such as age, gender, circumstances, and exact location unavailable.","Strong high pressure encompassing the Desert Southwest led to above normal temperatures, with excessive heat conditions occurring across the Phoenix area between the 9th and 11th. At Phoenix Sky Harbor, temperatures climbed above 110 degrees for six consecutive days between the 6th and 11th, with the warmest highs peaking at 112 degrees. Overnight low temperatures offered little relief from the heat as temperatures only fell to around 90 degrees most nights. On the 9th, Phoenix recorded a low temperature of 93 degrees, setting a new record warm low for the date. According to the Maricopa County Department of Public Health, 49 heat-associated fatalities occurred during this time.",362
1066925,EAST VALLEY (ZONE), ,07/09/2021,1000,Excessive Heat, , ,6,0,0,0,AZ,MST-7, ,175748,Z,548,PSR,0,0,County Official, , , , , , , , ,07/11/2021,2000, , , , ,"Six direct fatalities were reported by the Maricopa County Department of Public Health, with their details, such as age, gender, circumstances, and exact location unavailable.","Strong high pressure encompassing the Desert Southwest led to above normal temperatures, with excessive heat conditions occurring across the Phoenix area between the 9th and 11th. At Phoenix Sky Harbor, temperatures climbed above 110 degrees for six consecutive days between the 6th and 11th, with the warmest highs peaking at 112 degrees. Overnight low temperatures offered little relief from the heat as temperatures only fell to around 90 degrees most nights. On the 9th, Phoenix recorded a low temperature of 93 degrees, setting a new record warm low for the date. According to the Maricopa County Department of Public Health, 49 heat-associated fatalities occurred during this time.",363
1066921,SCOTTSDALE/PARADISE VALLEY (ZONE), ,07/09/2021,1000,Excessive Heat, , ,2,0,0,0,AZ,MST-7, ,175748,Z,546,PSR,0,0,County Official, , , , , , , , ,07/11/2021,2000, , , , ,"Two direct fatalities were reported by the Maricopa County Department of Public Health, with their details, such as age, gender, circumstances, and exact location unavailable.","Strong high pressure encompassing the Desert Southwest led to above normal temperatures, with excessive heat conditions occurring across the Phoenix area between the 9th and 11th. At Phoenix Sky Harbor, temperatures climbed above 110 degrees for six consecutive days between the 6th and 11th, with the warmest highs peaking at 112 degrees. Overnight low temperatures offered little relief from the heat as temperatures only fell to around 90 degrees most nights. On the 9th, Phoenix recorded a low temperature of 93 degrees, setting a new record warm low for the date. According to the Maricopa County Department of Public Health, 49 heat-associated fatalities occurred during this time.",364
1066928,DEER VALLEY (ZONE), ,07/09/2021,1000,Excessive Heat, , ,0,0,0,0,AZ,MST-7, ,175748,Z,542,PSR,0,0,County Official, , , , , , , , ,07/11/2021,2000, , , , ,"","Strong high pressure encompassing the Desert Southwest led to above normal temperatures, with excessive heat conditions occurring across the Phoenix area between the 9th and 11th. At Phoenix Sky Harbor, temperatures climbed above 110 degrees for six consecutive days between the 6th and 11th, with the warmest highs peaking at 112 degrees. Overnight low temperatures offered little relief from the heat as temperatures only fell to around 90 degrees most nights. On the 9th, Phoenix recorded a low temperature of 93 degrees, setting a new record warm low for the date. According to the Maricopa County Department of Public Health, 49 heat-associated fatalities occurred during this time.",365
1066929,FOUNTAIN HILLS/EAST MESA (ZONE), ,07/09/2021,1000,Excessive Heat, , ,0,0,0,0,AZ,MST-7, ,175748,Z,549,PSR,0,0,County Official, , , , , , , , ,07/11/2021,2000, , , , ,"","Strong high pressure encompassing the Desert Southwest led to above normal temperatures, with excessive heat conditions occurring across the Phoenix area between the 9th and 11th. At Phoenix Sky Harbor, temperatures climbed above 110 degrees for six consecutive days between the 6th and 11th, with the warmest highs peaking at 112 degrees. Overnight low temperatures offered little relief from the heat as temperatures only fell to around 90 degrees most nights. On the 9th, Phoenix recorded a low temperature of 93 degrees, setting a new record warm low for the date. According to the Maricopa County Department of Public Health, 49 heat-associated fatalities occurred during this time.",366
1066930,SOUTH MOUNTAIN/AHWATUKEE (ZONE), ,07/09/2021,1000,Excessive Heat, , ,0,0,0,0,AZ,MST-7, ,175748,Z,550,PSR,0,0,County Official, , , , , , , , ,07/11/2021,2000, , , , ,"","Strong high pressure encompassing the Desert Southwest led to above normal temperatures, with excessive heat conditions occurring across the Phoenix area between the 9th and 11th. At Phoenix Sky Harbor, temperatures climbed above 110 degrees for six consecutive days between the 6th and 11th, with the warmest highs peaking at 112 degrees. Overnight low temperatures offered little relief from the heat as temperatures only fell to around 90 degrees most nights. On the 9th, Phoenix recorded a low temperature of 93 degrees, setting a new record warm low for the date. According to the Maricopa County Department of Public Health, 49 heat-associated fatalities occurred during this time.",367
1066931,PARKER VALLEY (ZONE), ,07/09/2021,1000,Excessive Heat, , ,0,0,0,0,AZ,MST-7, ,175748,Z,530,PSR,0,0,County Official, , , , , , , , ,07/11/2021,2000, , , , ,"","Strong high pressure encompassing the Desert Southwest led to above normal temperatures, with excessive heat conditions occurring across the Phoenix area between the 9th and 11th. At Phoenix Sky Harbor, temperatures climbed above 110 degrees for six consecutive days between the 6th and 11th, with the warmest highs peaking at 112 degrees. Overnight low temperatures offered little relief from the heat as temperatures only fell to around 90 degrees most nights. On the 9th, Phoenix recorded a low temperature of 93 degrees, setting a new record warm low for the date. According to the Maricopa County Department of Public Health, 49 heat-associated fatalities occurred during this time.",368
1066934,AGUILA VALLEY (ZONE), ,07/09/2021,1000,Excessive Heat, , ,0,0,0,0,AZ,MST-7, ,175748,Z,534,PSR,0,0,County Official, , , , , , , , ,07/11/2021,2000, , , , ,"","Strong high pressure encompassing the Desert Southwest led to above normal temperatures, with excessive heat conditions occurring across the Phoenix area between the 9th and 11th. At Phoenix Sky Harbor, temperatures climbed above 110 degrees for six consecutive days between the 6th and 11th, with the warmest highs peaking at 112 degrees. Overnight low temperatures offered little relief from the heat as temperatures only fell to around 90 degrees most nights. On the 9th, Phoenix recorded a low temperature of 93 degrees, setting a new record warm low for the date. According to the Maricopa County Department of Public Health, 49 heat-associated fatalities occurred during this time.",369
1066933,CENTRAL LA PAZ (ZONE), ,07/09/2021,1000,Excessive Heat, , ,0,0,0,0,AZ,MST-7, ,175748,Z,533,PSR,0,0,County Official, , , , , , , , ,07/11/2021,2000, , , , ,"","Strong high pressure encompassing the Desert Southwest led to above normal temperatures, with excessive heat conditions occurring across the Phoenix area between the 9th and 11th. At Phoenix Sky Harbor, temperatures climbed above 110 degrees for six consecutive days between the 6th and 11th, with the warmest highs peaking at 112 degrees. Overnight low temperatures offered little relief from the heat as temperatures only fell to around 90 degrees most nights. On the 9th, Phoenix recorded a low temperature of 93 degrees, setting a new record warm low for the date. According to the Maricopa County Department of Public Health, 49 heat-associated fatalities occurred during this time.",370
1066935,TONOPAH DESERT (ZONE), ,07/09/2021,1000,Excessive Heat, , ,0,0,0,0,AZ,MST-7, ,175748,Z,538,PSR,0,0,County Official, , , , , , , , ,07/11/2021,2000, , , , ,"","Strong high pressure encompassing the Desert Southwest led to above normal temperatures, with excessive heat conditions occurring across the Phoenix area between the 9th and 11th. At Phoenix Sky Harbor, temperatures climbed above 110 degrees for six consecutive days between the 6th and 11th, with the warmest highs peaking at 112 degrees. Overnight low temperatures offered little relief from the heat as temperatures only fell to around 90 degrees most nights. On the 9th, Phoenix recorded a low temperature of 93 degrees, setting a new record warm low for the date. According to the Maricopa County Department of Public Health, 49 heat-associated fatalities occurred during this time.",371
975659,PIMA CO.,LAS GUIJAS,07/09/2021,1538,Thunderstorm Wind,57.00, ,0,0,0,0,AZ,MST-7,MG,161560,C,19,TWC,0,0,RAWS, , , ,4,WNW,6,E,CHUTUM VAYA,07/09/2021,1548,31.6917,-111.4481,31.704,-111.5503,"The Sasabe RAWS measured a wind gust of 66 mph.","An isolated supercell thunderstorm moved west across southern Pima County during the late afternoon. It produced damaging winds and flash flooding north of Sasabe, then split over the Baboquivari Mountains where the southern cell continued to produce damaging winds in the southeast part of the Tohono O'odham Nation. Meanwhile scattered thunderstorms moved west across northern Graham into Pinal County, and produced damaging winds in the San Carlos Apache Tribe reservation community of Peridot.",372
976756,YAVAPAI CO.,RIMROCK ARPT,07/09/2021,1550,Hail,1.75, ,0,0,0,0,AZ,MST-7, ,161797,C,25,FGZ,0,0,Public, , , ,0,N,4,NNE,BEAVER CREEK,07/09/2021,1600,34.65,-111.78,34.7219,-111.6733,"Report on Social Medea indicate that a thunderstorm produced 1 3/4 inch diameter (golf ball sized) hail that caused loss of livestock, loss of chickens, loss of gardens, broken windows, and roof damage.","A surge of moisture from the Gulf of California helped trigger severe thunderstorms across Yavapai County and southern Navajo County.",373
976754,YAVAPAI CO.,RIMROCK ARPT,07/09/2021,1550,Thunderstorm Wind,52.00, ,0,0,0,0,AZ,MST-7,EG,161797,C,25,FGZ,0,0,Public, , , ,0,N,1,W,CAMP VERDE ARPT,07/09/2021,1600,34.65,-111.78,34.53,-111.84,"Pictures on Social Media show a roof that was blown off, patio furniture blown off, an AC unit blown ripped off a roof, and broken tree limbs.","A surge of moisture from the Gulf of California helped trigger severe thunderstorms across Yavapai County and southern Navajo County.",374
975662,PIMA CO.,SUPI OIDAK,07/09/2021,1610,Thunderstorm Wind,65.00, ,0,0,50000,0,AZ,MST-7,EG,161560,C,19,TWC,0,0,Emergency Manager, , , ,1,N,1,N,SUPI OIDAK,07/09/2021,1610,31.6901,-111.77,31.6901,-111.77,"Thunderstorm winds destroyed a dwelling at Cold Fields.","An isolated supercell thunderstorm moved west across southern Pima County during the late afternoon. It produced damaging winds and flash flooding north of Sasabe, then split over the Baboquivari Mountains where the southern cell continued to produce damaging winds in the southeast part of the Tohono O'odham Nation. Meanwhile scattered thunderstorms moved west across northern Graham into Pinal County, and produced damaging winds in the San Carlos Apache Tribe reservation community of Peridot.",375
975669,PIMA CO.,LAS GUIJAS,07/09/2021,1615,Flash Flood, , ,0,0,0,0,AZ,MST-7, ,161560,C,19,TWC,0,0,NWS Employee,Heavy Rain, , ,6,NW,4,WNW,LAS GUIJAS,07/09/2021,1745,31.7327,-111.4411,31.692,-111.4417,"More than 1 inch of rain in less than 1 hour fell along State Route 286 north of Santa Margarita Road west to the Baboquivari Mountains causing a number of washes to flow east across Route 286 two to three feet deep.","An isolated supercell thunderstorm moved west across southern Pima County during the late afternoon. It produced damaging winds and flash flooding north of Sasabe, then split over the Baboquivari Mountains where the southern cell continued to produce damaging winds in the southeast part of the Tohono O'odham Nation. Meanwhile scattered thunderstorms moved west across northern Graham into Pinal County, and produced damaging winds in the San Carlos Apache Tribe reservation community of Peridot.",376
976744,YAVAPAI CO.,MILLER VLY,07/09/2021,1645,Flash Flood, , ,0,0,0,0,AZ,MST-7, ,161797,C,25,FGZ,0,0,Mesonet,Heavy Rain, , ,1,S,3,SSW,MILLER VLY,07/09/2021,1845,34.53,-112.48,34.5086,-112.5006,"Two USGS river gauges on Granite Creek measured a 4 foot rise due to heavy rain fall in the area.","A surge of moisture from the Gulf of California helped trigger severe thunderstorms across Yavapai County and southern Navajo County.",377
976886,YAVAPAI CO.,BAGDAD,07/09/2021,1755,Thunderstorm Wind,50.00, ,0,0,0,0,AZ,MST-7,EG,161797,C,25,FGZ,0,0,Public, , , ,1,W,8,W,BAGDAD,07/09/2021,1810,34.57,-113.18,34.5663,-113.3036,"Reports and videos of wind damage to trees and structures in Bagdad were posted on Social Media.","A surge of moisture from the Gulf of California helped trigger severe thunderstorms across Yavapai County and southern Navajo County.",378
976777,NAVAJO CO.,HEBER,07/09/2021,1907,Hail,1.00, ,0,0,0,0,AZ,MST-7, ,161797,C,17,FGZ,0,0,Public, , , ,1,E,8,NNE,HEBER,07/09/2021,1917,34.43,-110.58,34.5419,-110.5474,"One inch diameter hail fell one mile northwest of Heber-Overgaard.","A surge of moisture from the Gulf of California helped trigger severe thunderstorms across Yavapai County and southern Navajo County.",379
975667,GRAHAM CO.,CALVA,07/09/2021,2038,Thunderstorm Wind,52.00, ,0,0,5000,0,AZ,MST-7,EG,161560,C,9,TWC,0,0,Law Enforcement, , , ,17,WNW,17,WNW,CALVA,07/09/2021,2038,33.2946,-110.4452,33.2946,-110.4452,"Thunderstorm winds downed a tree, which well on a vehicle at Rodeo Lane near Highway 70 in Peridot.","An isolated supercell thunderstorm moved west across southern Pima County during the late afternoon. It produced damaging winds and flash flooding north of Sasabe, then split over the Baboquivari Mountains where the southern cell continued to produce damaging winds in the southeast part of the Tohono O'odham Nation. Meanwhile scattered thunderstorms moved west across northern Graham into Pinal County, and produced damaging winds in the San Carlos Apache Tribe reservation community of Peridot.",380
974536,GILA CO.,MIAMI,07/09/2021,2118,Thunderstorm Wind,50.00, ,0,0,0,0,AZ,MST-7,EG,161265,C,7,PSR,0,0,Trained Spotter, , , ,0,N,0,N,MIAMI,07/09/2021,2118,33.4,-110.87,33.4,-110.87,"A trained weather spotter in Miami, AZ reported that severe thunderstorms knocked down a mature apple tree onto a church parking lot near Sullivan Street and Davis Canyon Road. No injuries were reported.","Thunderstorms developed along the Mogollon Rim during the early part of the afternoon on the 9th. Relatively strong easterly mid level anticyclonic flow associated with the upper level ridge centered near the Arizona/Utah state line helped allow strong to severe thunderstorms to propagate westward into the lower deserts. The severe thunderstorms led to damaging winds gusts upwards of 60-65 mph across southeast portions of the Phoenix metro. Thee severe winds ahead of the thunderstorms also produced a dust storm that led to widespread reports of dense blowing dust across central and southeastern Phoenix and as far south as Casa Grande. A few isolated instances of flash flooding occurred as well, including the recent Telegraph burn scar where over 0.75 of rain fell. There were numerous reports of damage across eastern parts of the Valley, including numerous power poles and large trees down. No injuries were reported with these thunderstorms.",381
974535,GILA CO.,GLOBE,07/09/2021,2150,Flash Flood, , ,0,0,0,0,AZ,MST-7, ,161265,C,7,PSR,0,0,Park/Forest Service,Heavy Rain / Burn Area, , ,5,SSW,5,SSW,GLOBE,07/09/2021,2250,33.33,-110.8,33.3276,-110.8012,"Heavy rainfall combined with enhanced runoff from the recent Telegraph burn scar led to flooding across Ice House Canyon road in Ice House Canyon. Images from Forest Service officials showed a considerable amount of debris on the banks of the wash with some debris covering the surface of the road. No injuries or damage were reported.","Thunderstorms developed along the Mogollon Rim during the early part of the afternoon on the 9th. Relatively strong easterly mid level anticyclonic flow associated with the upper level ridge centered near the Arizona/Utah state line helped allow strong to severe thunderstorms to propagate westward into the lower deserts. The severe thunderstorms led to damaging winds gusts upwards of 60-65 mph across southeast portions of the Phoenix metro. Thee severe winds ahead of the thunderstorms also produced a dust storm that led to widespread reports of dense blowing dust across central and southeastern Phoenix and as far south as Casa Grande. A few isolated instances of flash flooding occurred as well, including the recent Telegraph burn scar where over 0.75 of rain fell. There were numerous reports of damage across eastern parts of the Valley, including numerous power poles and large trees down. No injuries were reported with these thunderstorms.",382
974538,PINAL CO.,FLORENCE JCT,07/09/2021,2157,Thunderstorm Wind,56.00, ,0,0,56000,0,AZ,MST-7,EG,161265,C,21,PSR,0,0,Utility Company, , , ,7,NW,7,NW,FLORENCE JCT,07/09/2021,2204,33.33,-111.43,33.33,-111.43,"Severe thunderstorms moving off the higher terrain and into the lower deserts led to damaging wind gusts upwards of 60-65 mph around the Gold Canyon area. The damaging winds resulted in 28 distribution poles being knocked down along Highway 60 at MP 206. No injuries were reported.","Thunderstorms developed along the Mogollon Rim during the early part of the afternoon on the 9th. Relatively strong easterly mid level anticyclonic flow associated with the upper level ridge centered near the Arizona/Utah state line helped allow strong to severe thunderstorms to propagate westward into the lower deserts. The severe thunderstorms led to damaging winds gusts upwards of 60-65 mph across southeast portions of the Phoenix metro. Thee severe winds ahead of the thunderstorms also produced a dust storm that led to widespread reports of dense blowing dust across central and southeastern Phoenix and as far south as Casa Grande. A few isolated instances of flash flooding occurred as well, including the recent Telegraph burn scar where over 0.75 of rain fell. There were numerous reports of damage across eastern parts of the Valley, including numerous power poles and large trees down. No injuries were reported with these thunderstorms.",383
974967,SOUTHEAST GILA COUNTY (ZONE), ,07/09/2021,2210,Dust Storm, , ,0,0,0,0,AZ,MST-7, ,161265,Z,563,PSR,0,0,Trained Spotter, , , , , , , , ,07/09/2021,2230, , , , ,"Severe thunderstorms sent strong outflow winds through southeastern parts of the Valley during the evening on the 9th, creating a dust storm that led to multiple reports of dense blowing dust. At 2210MST, a trained weather spotter reported visibility less than a quarter mile in the Queen Creek area. Further to the west at 2228MST, a trained weather spotter reported low visibility less than a quarter mile near Riggs Road and Gilbert Road. No accidents or injuries were reported.","Thunderstorms developed along the Mogollon Rim during the early part of the afternoon on the 9th. Relatively strong easterly mid level anticyclonic flow associated with the upper level ridge centered near the Arizona/Utah state line helped allow strong to severe thunderstorms to propagate westward into the lower deserts. The severe thunderstorms led to damaging winds gusts upwards of 60-65 mph across southeast portions of the Phoenix metro. Thee severe winds ahead of the thunderstorms also produced a dust storm that led to widespread reports of dense blowing dust across central and southeastern Phoenix and as far south as Casa Grande. A few isolated instances of flash flooding occurred as well, including the recent Telegraph burn scar where over 0.75 of rain fell. There were numerous reports of damage across eastern parts of the Valley, including numerous power poles and large trees down. No injuries were reported with these thunderstorms.",384
974560,MARICOPA CO.,(CHD)WILLIAMS AFB,07/09/2021,2210,Thunderstorm Wind,52.00, ,0,0,0,0,AZ,MST-7,MG,161265,C,13,PSR,0,0,AWOS, , , ,1,NE,1,NE,(CHD)WILLIAMS AFB,07/09/2021,2210,33.31,-111.66,33.31,-111.66,"The Phoenix-Mesa Gateway Airport AWOS station (KIWA) recorded a peak gust of 60 mph as severe thunderstorms moved through the area.","Thunderstorms developed along the Mogollon Rim during the early part of the afternoon on the 9th. Relatively strong easterly mid level anticyclonic flow associated with the upper level ridge centered near the Arizona/Utah state line helped allow strong to severe thunderstorms to propagate westward into the lower deserts. The severe thunderstorms led to damaging winds gusts upwards of 60-65 mph across southeast portions of the Phoenix metro. Thee severe winds ahead of the thunderstorms also produced a dust storm that led to widespread reports of dense blowing dust across central and southeastern Phoenix and as far south as Casa Grande. A few isolated instances of flash flooding occurred as well, including the recent Telegraph burn scar where over 0.75 of rain fell. There were numerous reports of damage across eastern parts of the Valley, including numerous power poles and large trees down. No injuries were reported with these thunderstorms.",385
974543,PINAL CO.,MAGMA,07/09/2021,2210,Thunderstorm Wind,50.00, ,0,0,50000,0,AZ,MST-7,EG,161265,C,21,PSR,0,0,Trained Spotter, , , ,3,W,3,W,MAGMA,07/09/2021,2220,33.13,-111.55,33.13,-111.55,"Severe thunderstorms with measured winds upwards of 65 mph led to multiple reports of damage across San Tan Valley. At 2210MST, a trained weather spotter reported that numerous large trees 1-2 feet in diameter had been uprooted near Amira Park and in Johnson Ranch. Multiple downed trees were also reported in the Circle Cross Ranch and the Morning Sun Farms areas. Multiple power poles were reported down as well along Skyline Drive. No injuries were reported.","Thunderstorms developed along the Mogollon Rim during the early part of the afternoon on the 9th. Relatively strong easterly mid level anticyclonic flow associated with the upper level ridge centered near the Arizona/Utah state line helped allow strong to severe thunderstorms to propagate westward into the lower deserts. The severe thunderstorms led to damaging winds gusts upwards of 60-65 mph across southeast portions of the Phoenix metro. Thee severe winds ahead of the thunderstorms also produced a dust storm that led to widespread reports of dense blowing dust across central and southeastern Phoenix and as far south as Casa Grande. A few isolated instances of flash flooding occurred as well, including the recent Telegraph burn scar where over 0.75 of rain fell. There were numerous reports of damage across eastern parts of the Valley, including numerous power poles and large trees down. No injuries were reported with these thunderstorms.",386
974544,PINAL CO.,MAGMA,07/09/2021,2214,Thunderstorm Wind,56.00, ,0,0,0,0,AZ,MST-7,MG,161265,C,21,PSR,0,0,Mesonet, , , ,2,NNE,2,NNE,MAGMA,07/09/2021,2214,33.16,-111.49,33.16,-111.49,"The Quail SRP mesonet station recorded a peak gust of 65 mph as severe thunderstorms ripped through the San Tan Valley area.","Thunderstorms developed along the Mogollon Rim during the early part of the afternoon on the 9th. Relatively strong easterly mid level anticyclonic flow associated with the upper level ridge centered near the Arizona/Utah state line helped allow strong to severe thunderstorms to propagate westward into the lower deserts. The severe thunderstorms led to damaging winds gusts upwards of 60-65 mph across southeast portions of the Phoenix metro. Thee severe winds ahead of the thunderstorms also produced a dust storm that led to widespread reports of dense blowing dust across central and southeastern Phoenix and as far south as Casa Grande. A few isolated instances of flash flooding occurred as well, including the recent Telegraph burn scar where over 0.75 of rain fell. There were numerous reports of damage across eastern parts of the Valley, including numerous power poles and large trees down. No injuries were reported with these thunderstorms.",387
974552,MARICOPA CO.,BOYS RANCH,07/09/2021,2215,Thunderstorm Wind,50.00, ,0,0,20000,0,AZ,MST-7,EG,161265,C,13,PSR,0,0,Emergency Manager, , , ,2,NE,2,NE,BOYS RANCH,07/09/2021,2215,33.27,-111.6,33.27,-111.6,"An emergency management official reported damaging wind gusts ripped swamp coolers off of a couple of buildings at the Queen Creek Field Operations Facility and also bent some rolled up garage doors. A fire sprinkler was also damaged in a building causing the sprinkler to go off. No injuries were reported.","Thunderstorms developed along the Mogollon Rim during the early part of the afternoon on the 9th. Relatively strong easterly mid level anticyclonic flow associated with the upper level ridge centered near the Arizona/Utah state line helped allow strong to severe thunderstorms to propagate westward into the lower deserts. The severe thunderstorms led to damaging winds gusts upwards of 60-65 mph across southeast portions of the Phoenix metro. Thee severe winds ahead of the thunderstorms also produced a dust storm that led to widespread reports of dense blowing dust across central and southeastern Phoenix and as far south as Casa Grande. A few isolated instances of flash flooding occurred as well, including the recent Telegraph burn scar where over 0.75 of rain fell. There were numerous reports of damage across eastern parts of the Valley, including numerous power poles and large trees down. No injuries were reported with these thunderstorms.",388
975809,PINAL CO.,MAGMA,07/09/2021,2215,Thunderstorm Wind,50.00, ,0,0,60000,0,AZ,MST-7,EG,161265,C,21,PSR,0,0,Broadcast Media, , , ,5,WNW,5,WNW,MAGMA,07/09/2021,2215,33.1534,-111.5739,33.1534,-111.5739,"The roof of a mobile home was ripped off as severe thunderstorms moved through the Queen Creek area while a family of 4 were inside. Much of the interior property was destroyed from the wind and the rainwater that entered the home. The home suffered additional damage the following night when more severe winds blew through the area. The home is a total loss. No injuries were reported.","Thunderstorms developed along the Mogollon Rim during the early part of the afternoon on the 9th. Relatively strong easterly mid level anticyclonic flow associated with the upper level ridge centered near the Arizona/Utah state line helped allow strong to severe thunderstorms to propagate westward into the lower deserts. The severe thunderstorms led to damaging winds gusts upwards of 60-65 mph across southeast portions of the Phoenix metro. Thee severe winds ahead of the thunderstorms also produced a dust storm that led to widespread reports of dense blowing dust across central and southeastern Phoenix and as far south as Casa Grande. A few isolated instances of flash flooding occurred as well, including the recent Telegraph burn scar where over 0.75 of rain fell. There were numerous reports of damage across eastern parts of the Valley, including numerous power poles and large trees down. No injuries were reported with these thunderstorms.",389
975810,MARICOPA CO.,MAGMA,07/09/2021,2215,Thunderstorm Wind,56.00, ,0,0,65000,0,AZ,MST-7,EG,161265,C,13,PSR,0,0,Broadcast Media, , , ,8,NW,8,NW,MAGMA,07/09/2021,2215,33.2257,-111.5906,33.2257,-111.5906,"At least 30-40 large trees were knocked down due to severe thunderstorms at Schnepf Farms in Queen Creek. Five of the eight greenhouses received damage with damage occurring to crops such as tomatoes, squash, and peppers. A wedding was ongoing at the farm as the severe thunderstorms hit. No injuries were reported. Estimates for the crop damage that occurred are unavailable. Timing was estimated from radar and nearby observations.","Thunderstorms developed along the Mogollon Rim during the early part of the afternoon on the 9th. Relatively strong easterly mid level anticyclonic flow associated with the upper level ridge centered near the Arizona/Utah state line helped allow strong to severe thunderstorms to propagate westward into the lower deserts. The severe thunderstorms led to damaging winds gusts upwards of 60-65 mph across southeast portions of the Phoenix metro. Thee severe winds ahead of the thunderstorms also produced a dust storm that led to widespread reports of dense blowing dust across central and southeastern Phoenix and as far south as Casa Grande. A few isolated instances of flash flooding occurred as well, including the recent Telegraph burn scar where over 0.75 of rain fell. There were numerous reports of damage across eastern parts of the Valley, including numerous power poles and large trees down. No injuries were reported with these thunderstorms.",390
974561,MARICOPA CO.,QUEEN CREEK,07/09/2021,2220,Thunderstorm Wind,53.00, ,0,0,0,0,AZ,MST-7,EG,161265,C,13,PSR,0,0,Mesonet, , , ,1,W,1,W,QUEEN CREEK,07/09/2021,2220,33.25,-111.64,33.25,-111.64,"The Rittenhouse SRP mesonet station in Queen Creek recorded a peak gust of 61 mph as severe thunderstorms moved through the area.","Thunderstorms developed along the Mogollon Rim during the early part of the afternoon on the 9th. Relatively strong easterly mid level anticyclonic flow associated with the upper level ridge centered near the Arizona/Utah state line helped allow strong to severe thunderstorms to propagate westward into the lower deserts. The severe thunderstorms led to damaging winds gusts upwards of 60-65 mph across southeast portions of the Phoenix metro. Thee severe winds ahead of the thunderstorms also produced a dust storm that led to widespread reports of dense blowing dust across central and southeastern Phoenix and as far south as Casa Grande. A few isolated instances of flash flooding occurred as well, including the recent Telegraph burn scar where over 0.75 of rain fell. There were numerous reports of damage across eastern parts of the Valley, including numerous power poles and large trees down. No injuries were reported with these thunderstorms.",391
974968,NORTHWEST PINAL COUNTY (ZONE), ,07/09/2021,2225,Dust Storm, , ,0,0,0,0,AZ,MST-7, ,161265,Z,553,PSR,0,0,Trained Spotter, , , , , , , , ,07/09/2021,2240, , , , ,"Severe thunderstorms on the evening of the 9th sent a strong outflow boundary across the lower deserts of northwestern Pinal County, creating a dust storm with low visibility reported near Casa Grande. At 2229MST, a trained weather spotter reported visibility below a quarter mile due to dense blowing dust at I-10 and Val Vista Boulevard. No accidents or injuries were reported.","Thunderstorms developed along the Mogollon Rim during the early part of the afternoon on the 9th. Relatively strong easterly mid level anticyclonic flow associated with the upper level ridge centered near the Arizona/Utah state line helped allow strong to severe thunderstorms to propagate westward into the lower deserts. The severe thunderstorms led to damaging winds gusts upwards of 60-65 mph across southeast portions of the Phoenix metro. Thee severe winds ahead of the thunderstorms also produced a dust storm that led to widespread reports of dense blowing dust across central and southeastern Phoenix and as far south as Casa Grande. A few isolated instances of flash flooding occurred as well, including the recent Telegraph burn scar where over 0.75 of rain fell. There were numerous reports of damage across eastern parts of the Valley, including numerous power poles and large trees down. No injuries were reported with these thunderstorms.",392
974965,EAST VALLEY (ZONE), ,07/09/2021,2230,Dust Storm, , ,0,0,0,0,AZ,MST-7, ,161265,Z,548,PSR,0,0,Trained Spotter, , , , , , , , ,07/09/2021,2240, , , , ,"Severe thunderstorms producing estimated gusts upwards of 60-65 mph resulted in numerous reports of dense blowing dust across the East Valley on the evening of the 9th. Multiple trained weather spotters reported visibility falling below a quarter of a mile. No accidents or injuries were reported.","Thunderstorms developed along the Mogollon Rim during the early part of the afternoon on the 9th. Relatively strong easterly mid level anticyclonic flow associated with the upper level ridge centered near the Arizona/Utah state line helped allow strong to severe thunderstorms to propagate westward into the lower deserts. The severe thunderstorms led to damaging winds gusts upwards of 60-65 mph across southeast portions of the Phoenix metro. Thee severe winds ahead of the thunderstorms also produced a dust storm that led to widespread reports of dense blowing dust across central and southeastern Phoenix and as far south as Casa Grande. A few isolated instances of flash flooding occurred as well, including the recent Telegraph burn scar where over 0.75 of rain fell. There were numerous reports of damage across eastern parts of the Valley, including numerous power poles and large trees down. No injuries were reported with these thunderstorms.",393
974591,PINAL CO.,CASA GRANDE ARPT,07/09/2021,2232,Thunderstorm Wind,50.00, ,0,0,0,0,AZ,MST-7,MG,161265,C,21,PSR,0,0,AWOS, , , ,1,NE,1,NE,CASA GRANDE ARPT,07/09/2021,2232,32.96,-111.76,32.96,-111.76,"The Casa Grande Municipal Airport AWOS station (KCGZ) recorded a peak gust of 58 mph as severe thunderstorms moved through the area.","Thunderstorms developed along the Mogollon Rim during the early part of the afternoon on the 9th. Relatively strong easterly mid level anticyclonic flow associated with the upper level ridge centered near the Arizona/Utah state line helped allow strong to severe thunderstorms to propagate westward into the lower deserts. The severe thunderstorms led to damaging winds gusts upwards of 60-65 mph across southeast portions of the Phoenix metro. Thee severe winds ahead of the thunderstorms also produced a dust storm that led to widespread reports of dense blowing dust across central and southeastern Phoenix and as far south as Casa Grande. A few isolated instances of flash flooding occurred as well, including the recent Telegraph burn scar where over 0.75 of rain fell. There were numerous reports of damage across eastern parts of the Valley, including numerous power poles and large trees down. No injuries were reported with these thunderstorms.",394
974587,MARICOPA CO.,GILBERT,07/09/2021,2232,Thunderstorm Wind,50.00, ,0,0,0,0,AZ,MST-7,EG,161265,C,13,PSR,0,0,Broadcast Media, , , ,2,ESE,2,ESE,GILBERT,07/09/2021,2232,33.34,-111.74,33.34,-111.74,"Damaging wind gusts from severe thunderstorms resulted in a large uprooted tree on a playground in a park near Greenfield Road and Warner Road. No injuries were reported.","Thunderstorms developed along the Mogollon Rim during the early part of the afternoon on the 9th. Relatively strong easterly mid level anticyclonic flow associated with the upper level ridge centered near the Arizona/Utah state line helped allow strong to severe thunderstorms to propagate westward into the lower deserts. The severe thunderstorms led to damaging winds gusts upwards of 60-65 mph across southeast portions of the Phoenix metro. Thee severe winds ahead of the thunderstorms also produced a dust storm that led to widespread reports of dense blowing dust across central and southeastern Phoenix and as far south as Casa Grande. A few isolated instances of flash flooding occurred as well, including the recent Telegraph burn scar where over 0.75 of rain fell. There were numerous reports of damage across eastern parts of the Valley, including numerous power poles and large trees down. No injuries were reported with these thunderstorms.",395
974576,MARICOPA CO.,CHANDLER HGTS,07/09/2021,2232,Thunderstorm Wind,50.00, ,0,0,20000,0,AZ,MST-7,EG,161265,C,13,PSR,0,0,Trained Spotter, , , ,5,W,5,W,CHANDLER HGTS,07/09/2021,2232,33.22,-111.76,33.22,-111.76,"A trained weather spotter reported a roughly 60ft by 20ft metal sheeted roof blew off a port structure and landed across the street, taking out a couple street signs and a chain link fence, at Riggs and Val Vista. Additionally, 8 inch diameter branches snapped from a palo verde tree and fell onto the roof of a house near Lindsay Road and Chandler Heights Road. No injuries were reported.","Thunderstorms developed along the Mogollon Rim during the early part of the afternoon on the 9th. Relatively strong easterly mid level anticyclonic flow associated with the upper level ridge centered near the Arizona/Utah state line helped allow strong to severe thunderstorms to propagate westward into the lower deserts. The severe thunderstorms led to damaging winds gusts upwards of 60-65 mph across southeast portions of the Phoenix metro. Thee severe winds ahead of the thunderstorms also produced a dust storm that led to widespread reports of dense blowing dust across central and southeastern Phoenix and as far south as Casa Grande. A few isolated instances of flash flooding occurred as well, including the recent Telegraph burn scar where over 0.75 of rain fell. There were numerous reports of damage across eastern parts of the Valley, including numerous power poles and large trees down. No injuries were reported with these thunderstorms.",396
974594,PINAL CO.,CASA GRANDE,07/09/2021,2235,Thunderstorm Wind,55.00, ,0,0,0,0,AZ,MST-7,MG,161265,C,21,PSR,0,0,Mesonet, , , ,3,WNW,3,WNW,CASA GRANDE,07/09/2021,2235,32.9,-111.79,32.9,-111.79,"The Desert Basin SRP mesonet station in Casa Grande recorded a peak gust of 63 mph as severe thunderstorms moved through the area.","Thunderstorms developed along the Mogollon Rim during the early part of the afternoon on the 9th. Relatively strong easterly mid level anticyclonic flow associated with the upper level ridge centered near the Arizona/Utah state line helped allow strong to severe thunderstorms to propagate westward into the lower deserts. The severe thunderstorms led to damaging winds gusts upwards of 60-65 mph across southeast portions of the Phoenix metro. Thee severe winds ahead of the thunderstorms also produced a dust storm that led to widespread reports of dense blowing dust across central and southeastern Phoenix and as far south as Casa Grande. A few isolated instances of flash flooding occurred as well, including the recent Telegraph burn scar where over 0.75 of rain fell. There were numerous reports of damage across eastern parts of the Valley, including numerous power poles and large trees down. No injuries were reported with these thunderstorms.",397
974966,CENTRAL PHOENIX (ZONE), ,07/09/2021,2250,Dust Storm, , ,0,0,0,0,AZ,MST-7, ,161265,Z,543,PSR,0,0,ASOS, , , , , , , , ,07/09/2021,2300, , , , ,"Severe thunderstorms produced a strong outflow boundary that brought a dust storm through portions of Phoenix, leading to multiple reports of dense blowing dust. At 2250MST, the Phoenix Sky Harbor airport ASOS (KPHX) recorded a quarter mile visibility due to blowing dust with a peak gust of 46 mph. Further west, a trained weather spotter reported visibility less than a quarter mile near 15th Avenue and Van Buren Street. Another trained weather spotter near Central Avenue and Palm Lane also reported visibility less than a quarter mile with skyscrapers in downtown Phoenix not visible.","Thunderstorms developed along the Mogollon Rim during the early part of the afternoon on the 9th. Relatively strong easterly mid level anticyclonic flow associated with the upper level ridge centered near the Arizona/Utah state line helped allow strong to severe thunderstorms to propagate westward into the lower deserts. The severe thunderstorms led to damaging winds gusts upwards of 60-65 mph across southeast portions of the Phoenix metro. Thee severe winds ahead of the thunderstorms also produced a dust storm that led to widespread reports of dense blowing dust across central and southeastern Phoenix and as far south as Casa Grande. A few isolated instances of flash flooding occurred as well, including the recent Telegraph burn scar where over 0.75 of rain fell. There were numerous reports of damage across eastern parts of the Valley, including numerous power poles and large trees down. No injuries were reported with these thunderstorms.",398
974902,MARICOPA CO.,GILA BEND,07/10/2021,230,Flash Flood, , ,0,0,0,0,AZ,MST-7, ,161265,C,13,PSR,0,0,Department of Highways,Heavy Rain, , ,5,E,7,E,MOBILE,07/10/2021,330,32.9441,-112.6387,33.0466,-112.1411,"Thunderstorms produced locally heavy rainfall late in the evening on the 9th near midnight across southern portions of Maricopa County and western portions of Pinal County. According to the Arizona Department of Transportation, the flood prone Highway 238 was closed due to flooding. No injuries or damage was reported as a result of the flooding.","Thunderstorms developed along the Mogollon Rim during the early part of the afternoon on the 9th. Relatively strong easterly mid level anticyclonic flow associated with the upper level ridge centered near the Arizona/Utah state line helped allow strong to severe thunderstorms to propagate westward into the lower deserts. The severe thunderstorms led to damaging winds gusts upwards of 60-65 mph across southeast portions of the Phoenix metro. Thee severe winds ahead of the thunderstorms also produced a dust storm that led to widespread reports of dense blowing dust across central and southeastern Phoenix and as far south as Casa Grande. A few isolated instances of flash flooding occurred as well, including the recent Telegraph burn scar where over 0.75 of rain fell. There were numerous reports of damage across eastern parts of the Valley, including numerous power poles and large trees down. No injuries were reported with these thunderstorms.",399
976593,UPPER SAN PEDRO RIVER VALLEY (ZONE), ,07/10/2021,1000,Heat, , ,1,0,0,0,AZ,MST-7, ,161764,Z,507,TWC,0,0,County Official, , , , , , , , ,07/10/2021,2000, , , , ,"Temperatures 5 to 10 degrees above normal near 100 degrees, occurred in southern Cochise County causing the Moderate Heat Risk category to be reached on July 10. The Pima County Medical Examiner confirmed that heat was the primary cause of death for one male found in the desert near Palominas and another in the Leslie Canyon area.","Hot temperatures around 100 degrees in southern Cochise County were experienced on July 6. The Pima County Medical Examiner confirmed that heat was the primary cause of death for two males found in the desert.",400
976594,EASTERN COCHISE COUNTY BELOW 5000 FEET (ZONE), ,07/10/2021,1000,Heat, , ,1,0,0,0,AZ,MST-7, ,161764,Z,508,TWC,0,0,County Official, , , , , , , , ,07/10/2021,2000, , , , ,"Temperatures 5 to 10 degrees above normal near 100 degrees, occurred in southern Cochise County causing the Moderate Heat Risk category to be reached on July 10. The Pima County Medical Examiner confirmed that heat was the primary cause of death for one male found in the desert near Palominas and another in the Leslie Canyon area.","Hot temperatures around 100 degrees in southern Cochise County were experienced on July 6. The Pima County Medical Examiner confirmed that heat was the primary cause of death for two males found in the desert.",401
975672,COCHISE CO.,SIERRA VISTA,07/10/2021,1600,Hail,1.00, ,0,0,0,0,AZ,MST-7, ,161561,C,3,TWC,0,0,Trained Spotter, , , ,1,ESE,1,ESE,SIERRA VISTA,07/10/2021,1600,31.54,-110.28,31.54,-110.28,"","Scattered thunderstorms developed across the Mogollon Rim and International Border during the afternoon and moved west across southeast Arizona through the evening hours. Several storms became severe with damaging winds of 60 to 90 mph that created blowing dust and downed trees and power poles. The most extensive structural damage occurred in the Sierra Vista/Fort Huachuca and Green Valley/Sahuarita areas.",402
975676,COCHISE CO.,CHARLESTON,07/10/2021,1648,Thunderstorm Wind,79.00, ,0,0,150000,0,AZ,MST-7,MG,161561,C,3,TWC,0,0,ASOS, , , ,2,NNE,5,WNW,(FHU)FT HUACHUCA AFB,07/10/2021,1725,31.6585,-110.1522,31.6056,-110.4281,"Thunderstorm winds downed 10 power poles in 2 different areas between Tombstone and Huachuca City. A private weather station at Huachuca City measured a gust to 70 mph at 1704MST near the location where the roof of a store was ripped off. A wind gust to 68 mph was measured at Libby Field on Fort Huachuca at 1711MST. Two miles west at the Pioneer Field ASOS, a wind gust to 91 mph was measured at 1721MST.  Near that site, winds destroyed a large reinforced military tent.","Scattered thunderstorms developed across the Mogollon Rim and International Border during the afternoon and moved west across southeast Arizona through the evening hours. Several storms became severe with damaging winds of 60 to 90 mph that created blowing dust and downed trees and power poles. The most extensive structural damage occurred in the Sierra Vista/Fort Huachuca and Green Valley/Sahuarita areas.",403
975680,GRAHAM CO.,SAFFORD,07/10/2021,1656,Thunderstorm Wind,56.00, ,0,0,15000,0,AZ,MST-7,EG,161561,C,9,TWC,0,0,Law Enforcement, , , ,1,E,1,E,SAFFORD,07/10/2021,1656,32.832,-109.7012,32.832,-109.7012,"Thunderstorm winds downed several trees and power poles in the east part of Safford.","Scattered thunderstorms developed across the Mogollon Rim and International Border during the afternoon and moved west across southeast Arizona through the evening hours. Several storms became severe with damaging winds of 60 to 90 mph that created blowing dust and downed trees and power poles. The most extensive structural damage occurred in the Sierra Vista/Fort Huachuca and Green Valley/Sahuarita areas.",404
976915,COCONINO CO.,CLINTS WELL,07/10/2021,1701,Tornado, ,EF1,0,0,0,0,AZ,MST-7, ,161812,C,5,FGZ,0,0,Public, ,1.25,300,3,NW,3,WNW,CLINTS WELL,07/10/2021,1706,34.5998,-111.3216,34.5869,-111.3346,"Photos of large ponderosa pine trees snapped off, funnel cloud, and radar signature supported reports of a tornado. Path Measured after official NWS storm survey.","Monsoon moisture continued to move northward across Arizona with strong to severe thunderstorms developing.",405
975681,GRAHAM CO.,ARTESIA,07/10/2021,1715,Thunderstorm Wind,53.00, ,0,0,0,0,AZ,MST-7,MG,161561,C,9,TWC,0,0,CoCoRaHS, , , ,1,NW,1,NW,ARTESIA,07/10/2021,1715,32.6866,-109.7065,32.6866,-109.7065,"A wind gust to 61 mph was measured in Artesia.","Scattered thunderstorms developed across the Mogollon Rim and International Border during the afternoon and moved west across southeast Arizona through the evening hours. Several storms became severe with damaging winds of 60 to 90 mph that created blowing dust and downed trees and power poles. The most extensive structural damage occurred in the Sierra Vista/Fort Huachuca and Green Valley/Sahuarita areas.",406
975682,SANTA CRUZ CO.,PATAGONIA,07/10/2021,1716,Hail,1.00, ,0,0,0,0,AZ,MST-7, ,161561,C,23,TWC,0,0,Public, , , ,2,WSW,2,WSW,PATAGONIA,07/10/2021,1725,31.52,-110.78,31.52,-110.78,"A slow moving thunderstorm produced several minutes of nickel to quarter size hail near Patagonia.","Scattered thunderstorms developed across the Mogollon Rim and International Border during the afternoon and moved west across southeast Arizona through the evening hours. Several storms became severe with damaging winds of 60 to 90 mph that created blowing dust and downed trees and power poles. The most extensive structural damage occurred in the Sierra Vista/Fort Huachuca and Green Valley/Sahuarita areas.",407
976912,COCONINO CO.,FOREST LAKES,07/10/2021,1720,Hail,1.00, ,0,0,0,0,AZ,MST-7, ,161812,C,5,FGZ,0,0,Public, , , ,2,SE,2,SE,FOREST LAKES,07/10/2021,1720,34.31,-110.77,34.31,-110.77,"One inch diameter hail fell 3 miles southeast of Forest Lakes (Social Media).","Monsoon moisture continued to move northward across Arizona with strong to severe thunderstorms developing.",408
975683,COCHISE CO.,MESCAL,07/10/2021,1820,Hail,1.00, ,0,0,0,0,AZ,MST-7, ,161561,C,3,TWC,0,0,Trained Spotter, , , ,1,S,1,S,MESCAL,07/10/2021,1820,31.96,-110.43,31.96,-110.43,"","Scattered thunderstorms developed across the Mogollon Rim and International Border during the afternoon and moved west across southeast Arizona through the evening hours. Several storms became severe with damaging winds of 60 to 90 mph that created blowing dust and downed trees and power poles. The most extensive structural damage occurred in the Sierra Vista/Fort Huachuca and Green Valley/Sahuarita areas.",409
975734,SANTA CRUZ CO.,MADERA CANYON,07/10/2021,1845,Thunderstorm Wind,68.00, ,0,0,0,0,AZ,MST-7,MG,161561,C,23,TWC,0,0,RAWS, , , ,3,S,3,S,MADERA CANYON,07/10/2021,1845,31.6753,-110.88,31.6753,-110.88,"Hopkins RAWS, at an elevation of over 7000ft MSL, recorded a wind gust to 78 mph.","Scattered thunderstorms developed across the Mogollon Rim and International Border during the afternoon and moved west across southeast Arizona through the evening hours. Several storms became severe with damaging winds of 60 to 90 mph that created blowing dust and downed trees and power poles. The most extensive structural damage occurred in the Sierra Vista/Fort Huachuca and Green Valley/Sahuarita areas.",410
975687,GILA CO.,RADIUM,07/10/2021,1845,Thunderstorm Wind,53.00, ,0,0,500,0,AZ,MST-7,EG,161357,C,7,PSR,0,0,Trained Spotter, , , ,2,NNE,2,NNE,RADIUM,07/10/2021,1845,33.45,-110.77,33.45,-110.77,"Cement tiles were blown off a roof, and a grill, propane tank, and heavy iron table were blown over in a severe warned thunderstorm. A 61 mph wind gust was measured by a home weather station at this location. Timing based on radar. No injuries were reported.","With upper level high pressure centered near Las Vegas, Nevada this promoted increased northeasterly flow through central and southern Arizona. 30-35 kts of 0-6 km bulk shear was analyzed over south-central Arizona under this regime and with 1000-1500 J/kg of MLCAPE, organized strong to severe thunderstorms developed over the Mogollon Rim in the afternoon and spread through the lower deserts of south-central Arizona through the evening hours. Two severe multi-cellular clusters progressed off the high terrain into the lower deserts of Pinal and Maricopa counties and eventually merged together in northwest Pinal county before continuing southwest. The severe storms produced widespread 40+ mph wind gusts with many areas of 60-70 mph gusts. There were numerous toppled trees, downed power lines, damaged roofs, and other infrastructure and property damage as a result of the severe winds. Over 35,000 customers across Phoenix also lost power. The severe winds also produced a dust storm out ahead of the storms with widespread dense blowing  dust pushing west through northern Pinal and southwest Maricopa counties. There was also an area of dense blowing dust reported in the North Phoenix foothills with the northern multi-cell cluster. This was the second day in a row with severe winds moving through some of the same areas.",411
975495,MARICOPA CO.,CAREFREE,07/10/2021,1850,Thunderstorm Wind,72.00, ,0,0,0,0,AZ,MST-7,MG,161357,C,13,PSR,0,0,Mesonet, , , ,13,ENE,13,ENE,CAREFREE,07/10/2021,1850,33.98,-111.72,33.98,-111.72,"A SRP mesonet station at Horseshoe Dam measured an 83 mph wind gust.","With upper level high pressure centered near Las Vegas, Nevada this promoted increased northeasterly flow through central and southern Arizona. 30-35 kts of 0-6 km bulk shear was analyzed over south-central Arizona under this regime and with 1000-1500 J/kg of MLCAPE, organized strong to severe thunderstorms developed over the Mogollon Rim in the afternoon and spread through the lower deserts of south-central Arizona through the evening hours. Two severe multi-cellular clusters progressed off the high terrain into the lower deserts of Pinal and Maricopa counties and eventually merged together in northwest Pinal county before continuing southwest. The severe storms produced widespread 40+ mph wind gusts with many areas of 60-70 mph gusts. There were numerous toppled trees, downed power lines, damaged roofs, and other infrastructure and property damage as a result of the severe winds. Over 35,000 customers across Phoenix also lost power. The severe winds also produced a dust storm out ahead of the storms with widespread dense blowing  dust pushing west through northern Pinal and southwest Maricopa counties. There was also an area of dense blowing dust reported in the North Phoenix foothills with the northern multi-cell cluster. This was the second day in a row with severe winds moving through some of the same areas.",412
975751,TUCSON METRO AREA (ZONE), ,07/10/2021,1855,Dust Storm, , ,0,0,0,0,AZ,MST-7, ,161561,Z,504,TWC,0,0,Social Media, , , , , , , , ,07/10/2021,2000, , , , ,"Thunderstorm outflow winds produced widespread blowing dust that reduced visibilities to less than a quarter mile from Green Valley to Marana causing traffic disruptions along Interstates 19 and 10.","Scattered thunderstorms developed across the Mogollon Rim and International Border during the afternoon and moved west across southeast Arizona through the evening hours. Several storms became severe with damaging winds of 60 to 90 mph that created blowing dust and downed trees and power poles. The most extensive structural damage occurred in the Sierra Vista/Fort Huachuca and Green Valley/Sahuarita areas.",413
975737,PIMA CO.,CONTINENTAL,07/10/2021,1855,Thunderstorm Wind,61.00, ,0,0,100000,0,AZ,MST-7,EG,161561,C,19,TWC,0,0,Newspaper, , , ,1,ESE,3,ESE,TWIN BUTTES,07/10/2021,1910,31.8442,-110.9657,31.8853,-111.0233,"Thunderstorms winds downed 30 power poles and dozens of trees in Green Valley and Sahuarita. One of the downed trees broke a water main and other blocked streets. Around 10,000 customers were without power into the overnight hours. A CoCoRaHS observer on the southeast side of Green Valley measured a wind gust of 66 mph at 1855MST.","Scattered thunderstorms developed across the Mogollon Rim and International Border during the afternoon and moved west across southeast Arizona through the evening hours. Several storms became severe with damaging winds of 60 to 90 mph that created blowing dust and downed trees and power poles. The most extensive structural damage occurred in the Sierra Vista/Fort Huachuca and Green Valley/Sahuarita areas.",414
975497,GILA CO.,ROOSEVELT,07/10/2021,1855,Thunderstorm Wind,55.00, ,0,0,0,0,AZ,MST-7,MG,161357,C,7,PSR,0,0,Mesonet, , , ,2,SSE,2,SSE,ROOSEVELT,07/10/2021,1855,33.64,-111.12,33.64,-111.12,"Mesonet station AU919 at 2 miles SSE of Roosevelt measured a 63 mph wind gust.","With upper level high pressure centered near Las Vegas, Nevada this promoted increased northeasterly flow through central and southern Arizona. 30-35 kts of 0-6 km bulk shear was analyzed over south-central Arizona under this regime and with 1000-1500 J/kg of MLCAPE, organized strong to severe thunderstorms developed over the Mogollon Rim in the afternoon and spread through the lower deserts of south-central Arizona through the evening hours. Two severe multi-cellular clusters progressed off the high terrain into the lower deserts of Pinal and Maricopa counties and eventually merged together in northwest Pinal county before continuing southwest. The severe storms produced widespread 40+ mph wind gusts with many areas of 60-70 mph gusts. There were numerous toppled trees, downed power lines, damaged roofs, and other infrastructure and property damage as a result of the severe winds. Over 35,000 customers across Phoenix also lost power. The severe winds also produced a dust storm out ahead of the storms with widespread dense blowing  dust pushing west through northern Pinal and southwest Maricopa counties. There was also an area of dense blowing dust reported in the North Phoenix foothills with the northern multi-cell cluster. This was the second day in a row with severe winds moving through some of the same areas.",415
975498,MARICOPA CO.,CAREFREE,07/10/2021,1855,Thunderstorm Wind,59.00, ,0,0,0,0,AZ,MST-7,MG,161357,C,13,PSR,0,0,Mesonet, , , ,14,ENE,14,ENE,CAREFREE,07/10/2021,1855,33.98,-111.71,33.98,-111.71,"Mesonet station SRP19 at 16.2 miles NE of Carefree measured a 68 mph wind gust.","With upper level high pressure centered near Las Vegas, Nevada this promoted increased northeasterly flow through central and southern Arizona. 30-35 kts of 0-6 km bulk shear was analyzed over south-central Arizona under this regime and with 1000-1500 J/kg of MLCAPE, organized strong to severe thunderstorms developed over the Mogollon Rim in the afternoon and spread through the lower deserts of south-central Arizona through the evening hours. Two severe multi-cellular clusters progressed off the high terrain into the lower deserts of Pinal and Maricopa counties and eventually merged together in northwest Pinal county before continuing southwest. The severe storms produced widespread 40+ mph wind gusts with many areas of 60-70 mph gusts. There were numerous toppled trees, downed power lines, damaged roofs, and other infrastructure and property damage as a result of the severe winds. Over 35,000 customers across Phoenix also lost power. The severe winds also produced a dust storm out ahead of the storms with widespread dense blowing  dust pushing west through northern Pinal and southwest Maricopa counties. There was also an area of dense blowing dust reported in the North Phoenix foothills with the northern multi-cell cluster. This was the second day in a row with severe winds moving through some of the same areas.",416
975743,PIMA CO.,(TUS)TUCSON INTL ARP,07/10/2021,1904,Thunderstorm Wind,52.00, ,0,0,10000,0,AZ,MST-7,MG,161561,C,19,TWC,0,0,ASOS, , , ,0,N,0,N,MARANA,07/10/2021,2015,32.12,-110.95,32.45,-111.22,"A wind gust to 60 mph was recorded at Tucson International Airport at 1904MST. Outflow winds downed trees in midtown Tucson and in Marana.","Scattered thunderstorms developed across the Mogollon Rim and International Border during the afternoon and moved west across southeast Arizona through the evening hours. Several storms became severe with damaging winds of 60 to 90 mph that created blowing dust and downed trees and power poles. The most extensive structural damage occurred in the Sierra Vista/Fort Huachuca and Green Valley/Sahuarita areas.",417
975557,CAVE CREEK/NEW RIVER (ZONE), ,07/10/2021,1915,Dust Storm, , ,0,0,0,0,AZ,MST-7, ,161357,Z,541,PSR,0,0,Trained Spotter, , , , , , , , ,07/10/2021,1925, , , , ,"Visibility fell to less than 500 feet briefly in blowing dust from a thunderstorm outflow near Long Cove Way and Pumpkin Ridge Drive in Anthem. No damages or injuries were reported.","With upper level high pressure centered near Las Vegas, Nevada this promoted increased northeasterly flow through central and southern Arizona. 30-35 kts of 0-6 km bulk shear was analyzed over south-central Arizona under this regime and with 1000-1500 J/kg of MLCAPE, organized strong to severe thunderstorms developed over the Mogollon Rim in the afternoon and spread through the lower deserts of south-central Arizona through the evening hours. Two severe multi-cellular clusters progressed off the high terrain into the lower deserts of Pinal and Maricopa counties and eventually merged together in northwest Pinal county before continuing southwest. The severe storms produced widespread 40+ mph wind gusts with many areas of 60-70 mph gusts. There were numerous toppled trees, downed power lines, damaged roofs, and other infrastructure and property damage as a result of the severe winds. Over 35,000 customers across Phoenix also lost power. The severe winds also produced a dust storm out ahead of the storms with widespread dense blowing  dust pushing west through northern Pinal and southwest Maricopa counties. There was also an area of dense blowing dust reported in the North Phoenix foothills with the northern multi-cell cluster. This was the second day in a row with severe winds moving through some of the same areas.",418
975558,CAVE CREEK/NEW RIVER (ZONE), ,07/10/2021,1920,Dust Storm, , ,0,0,0,0,AZ,MST-7, ,161357,Z,541,PSR,0,0,Trained Spotter, , , , , , , , ,07/10/2021,1930, , , , ,"Report of visibility briefly falling to near zero miles in blowing dust from a thunderstorm outflow near Carefree Highway and 3rd Street in North Phoenix. No damages or injuries were reported.","With upper level high pressure centered near Las Vegas, Nevada this promoted increased northeasterly flow through central and southern Arizona. 30-35 kts of 0-6 km bulk shear was analyzed over south-central Arizona under this regime and with 1000-1500 J/kg of MLCAPE, organized strong to severe thunderstorms developed over the Mogollon Rim in the afternoon and spread through the lower deserts of south-central Arizona through the evening hours. Two severe multi-cellular clusters progressed off the high terrain into the lower deserts of Pinal and Maricopa counties and eventually merged together in northwest Pinal county before continuing southwest. The severe storms produced widespread 40+ mph wind gusts with many areas of 60-70 mph gusts. There were numerous toppled trees, downed power lines, damaged roofs, and other infrastructure and property damage as a result of the severe winds. Over 35,000 customers across Phoenix also lost power. The severe winds also produced a dust storm out ahead of the storms with widespread dense blowing  dust pushing west through northern Pinal and southwest Maricopa counties. There was also an area of dense blowing dust reported in the North Phoenix foothills with the northern multi-cell cluster. This was the second day in a row with severe winds moving through some of the same areas.",419
975525,MARICOPA CO.,SUNFLOWER,07/10/2021,1930,Thunderstorm Wind,52.00, ,0,0,0,0,AZ,MST-7,MG,161357,C,13,PSR,0,0,Mesonet, , , ,10,WSW,10,WSW,SUNFLOWER,07/10/2021,1930,33.82,-111.63,33.82,-111.63,"Mesonet station SRP20 at Bartlett Dam measured a 60 mph wind gust.","With upper level high pressure centered near Las Vegas, Nevada this promoted increased northeasterly flow through central and southern Arizona. 30-35 kts of 0-6 km bulk shear was analyzed over south-central Arizona under this regime and with 1000-1500 J/kg of MLCAPE, organized strong to severe thunderstorms developed over the Mogollon Rim in the afternoon and spread through the lower deserts of south-central Arizona through the evening hours. Two severe multi-cellular clusters progressed off the high terrain into the lower deserts of Pinal and Maricopa counties and eventually merged together in northwest Pinal county before continuing southwest. The severe storms produced widespread 40+ mph wind gusts with many areas of 60-70 mph gusts. There were numerous toppled trees, downed power lines, damaged roofs, and other infrastructure and property damage as a result of the severe winds. Over 35,000 customers across Phoenix also lost power. The severe winds also produced a dust storm out ahead of the storms with widespread dense blowing  dust pushing west through northern Pinal and southwest Maricopa counties. There was also an area of dense blowing dust reported in the North Phoenix foothills with the northern multi-cell cluster. This was the second day in a row with severe winds moving through some of the same areas.",420
975738,PIMA CO.,(DMA)DAVIS MONTHAN A,07/10/2021,1933,Thunderstorm Wind,66.00, ,0,0,10000,0,AZ,MST-7,MG,161561,C,19,TWC,0,0,Mesonet, , , ,8,E,6,SE,SABINO,07/10/2021,1943,32.178,-110.7396,32.2348,-110.7504,"Thunderstorm winds downed power poles near Speedway Blvd and Tanque Verde Loop Rd. A private weather station near Escalante and Freeman Roads measured a gust to 76 mph at 1943MST.","Scattered thunderstorms developed across the Mogollon Rim and International Border during the afternoon and moved west across southeast Arizona through the evening hours. Several storms became severe with damaging winds of 60 to 90 mph that created blowing dust and downed trees and power poles. The most extensive structural damage occurred in the Sierra Vista/Fort Huachuca and Green Valley/Sahuarita areas.",421
974588,MOHAVE CO.,MC CONNICO,07/10/2021,1940,Thunderstorm Wind,44.00, ,0,0,7500,0,AZ,MST-7,MG,161388,C,15,VEF,0,0,Public, , , ,2,WSW,2,WSW,MC CONNICO,07/10/2021,1940,35.1377,-114.1161,35.1377,-114.1161,"A 20X14 foot piece of roof was blown off a hay barn.","Monsoon moisture slowly seeped into the region under the big dome of high pressure which was causing record-breaking temperatures, fueling isolated to scattered thunderstorms. As the moisture increased, the main thunderstorm impact transitioned from high winds to flash flooding.",422
975804,PINAL CO.,MAGMA,07/10/2021,1940,Thunderstorm Wind,56.00, ,0,0,40000,0,AZ,MST-7,EG,161357,C,21,PSR,0,0,Public, , , ,4,N,4,N,MAGMA,07/10/2021,1940,33.1889,-111.5082,33.1889,-111.5082,"Numerous social media photos and reports of significant damage the the Skyline RV Resort, east of San Tan, due to strong thunderstorm winds. Photos show awning, roof, and side panel damage to a few mobile homes. The number of RVs and mobile homes damaged is unknown. An awning and a shed for one home were destroyed, along with a broken window, and a large portion of metal roof blew off from another. A few street signs were bent in half in the community. There was also a photo of a power pole in the area that snapped near the base of the pole and fell. Power was knocked out to many customers in the area. Winds were estimated around 60-65 mph. Timing estimated from radar. No injuries reported.","With upper level high pressure centered near Las Vegas, Nevada this promoted increased northeasterly flow through central and southern Arizona. 30-35 kts of 0-6 km bulk shear was analyzed over south-central Arizona under this regime and with 1000-1500 J/kg of MLCAPE, organized strong to severe thunderstorms developed over the Mogollon Rim in the afternoon and spread through the lower deserts of south-central Arizona through the evening hours. Two severe multi-cellular clusters progressed off the high terrain into the lower deserts of Pinal and Maricopa counties and eventually merged together in northwest Pinal county before continuing southwest. The severe storms produced widespread 40+ mph wind gusts with many areas of 60-70 mph gusts. There were numerous toppled trees, downed power lines, damaged roofs, and other infrastructure and property damage as a result of the severe winds. Over 35,000 customers across Phoenix also lost power. The severe winds also produced a dust storm out ahead of the storms with widespread dense blowing  dust pushing west through northern Pinal and southwest Maricopa counties. There was also an area of dense blowing dust reported in the North Phoenix foothills with the northern multi-cell cluster. This was the second day in a row with severe winds moving through some of the same areas.",423
975559,NORTHWEST PINAL COUNTY (ZONE), ,07/10/2021,1940,Dust Storm, , ,0,0,0,0,AZ,MST-7, ,161357,Z,553,PSR,0,0,Trained Spotter, , , , , , , , ,07/10/2021,1955, , , , ,"A trained spotter reported high winds and that visibility fell below 1/4 mile in blowing dust with a strong thunderstorm outflow boundary near the San Tan Valley. No damages or injuries were reported.","With upper level high pressure centered near Las Vegas, Nevada this promoted increased northeasterly flow through central and southern Arizona. 30-35 kts of 0-6 km bulk shear was analyzed over south-central Arizona under this regime and with 1000-1500 J/kg of MLCAPE, organized strong to severe thunderstorms developed over the Mogollon Rim in the afternoon and spread through the lower deserts of south-central Arizona through the evening hours. Two severe multi-cellular clusters progressed off the high terrain into the lower deserts of Pinal and Maricopa counties and eventually merged together in northwest Pinal county before continuing southwest. The severe storms produced widespread 40+ mph wind gusts with many areas of 60-70 mph gusts. There were numerous toppled trees, downed power lines, damaged roofs, and other infrastructure and property damage as a result of the severe winds. Over 35,000 customers across Phoenix also lost power. The severe winds also produced a dust storm out ahead of the storms with widespread dense blowing  dust pushing west through northern Pinal and southwest Maricopa counties. There was also an area of dense blowing dust reported in the North Phoenix foothills with the northern multi-cell cluster. This was the second day in a row with severe winds moving through some of the same areas.",424
975688,MARICOPA CO.,CAVE CREEK,07/10/2021,1940,Thunderstorm Wind,52.00, ,0,0,1000,0,AZ,MST-7,EG,161357,C,13,PSR,0,0,Trained Spotter, , , ,7,WSW,7,WSW,CAVE CREEK,07/10/2021,1940,33.8,-112.07,33.8,-112.07,"A 15-20 foot long section of a concrete brick wall was blown over from strong winds near Carefree Highway and 7th Street in North Phoenix during a severe warned thunderstorm. Wind gusts were estimated around 55-65 mph. Timing estimated from radar. No injuries reported.","With upper level high pressure centered near Las Vegas, Nevada this promoted increased northeasterly flow through central and southern Arizona. 30-35 kts of 0-6 km bulk shear was analyzed over south-central Arizona under this regime and with 1000-1500 J/kg of MLCAPE, organized strong to severe thunderstorms developed over the Mogollon Rim in the afternoon and spread through the lower deserts of south-central Arizona through the evening hours. Two severe multi-cellular clusters progressed off the high terrain into the lower deserts of Pinal and Maricopa counties and eventually merged together in northwest Pinal county before continuing southwest. The severe storms produced widespread 40+ mph wind gusts with many areas of 60-70 mph gusts. There were numerous toppled trees, downed power lines, damaged roofs, and other infrastructure and property damage as a result of the severe winds. Over 35,000 customers across Phoenix also lost power. The severe winds also produced a dust storm out ahead of the storms with widespread dense blowing  dust pushing west through northern Pinal and southwest Maricopa counties. There was also an area of dense blowing dust reported in the North Phoenix foothills with the northern multi-cell cluster. This was the second day in a row with severe winds moving through some of the same areas.",425
975745,PIMA CO.,(DMA)DAVIS MONTHAN A,07/10/2021,1945,Thunderstorm Wind,56.00, ,0,0,15000,0,AZ,MST-7,MG,161561,C,19,TWC,0,0,NWS Employee, , , ,5,ENE,0,ENE,(DMA)DAVIS MONTHAN A,07/10/2021,1955,32.2,-110.81,32.17,-110.88,"Thunderstorm winds downed multiple trees in eastern Tucson. A wind gust to 64 mph was recorded at Davis-Monthan AFB at 1946MST and a gust to 58 mph was recorded at a private weather station near Irvington and Harrison at 1948MST.","Scattered thunderstorms developed across the Mogollon Rim and International Border during the afternoon and moved west across southeast Arizona through the evening hours. Several storms became severe with damaging winds of 60 to 90 mph that created blowing dust and downed trees and power poles. The most extensive structural damage occurred in the Sierra Vista/Fort Huachuca and Green Valley/Sahuarita areas.",426
975545,PINAL CO.,MAGMA,07/10/2021,1945,Thunderstorm Wind,51.00, ,0,0,0,0,AZ,MST-7,MG,161357,C,21,PSR,0,0,Mesonet, , , ,2,NNE,2,NNE,MAGMA,07/10/2021,1945,33.16,-111.49,33.16,-111.49,"Mesonet station SRP22 at 10.9 miles NW of Florence measured a 59 mph wind gust.","With upper level high pressure centered near Las Vegas, Nevada this promoted increased northeasterly flow through central and southern Arizona. 30-35 kts of 0-6 km bulk shear was analyzed over south-central Arizona under this regime and with 1000-1500 J/kg of MLCAPE, organized strong to severe thunderstorms developed over the Mogollon Rim in the afternoon and spread through the lower deserts of south-central Arizona through the evening hours. Two severe multi-cellular clusters progressed off the high terrain into the lower deserts of Pinal and Maricopa counties and eventually merged together in northwest Pinal county before continuing southwest. The severe storms produced widespread 40+ mph wind gusts with many areas of 60-70 mph gusts. There were numerous toppled trees, downed power lines, damaged roofs, and other infrastructure and property damage as a result of the severe winds. Over 35,000 customers across Phoenix also lost power. The severe winds also produced a dust storm out ahead of the storms with widespread dense blowing  dust pushing west through northern Pinal and southwest Maricopa counties. There was also an area of dense blowing dust reported in the North Phoenix foothills with the northern multi-cell cluster. This was the second day in a row with severe winds moving through some of the same areas.",427
975801,PINAL CO.,MAGMA,07/10/2021,1946,Thunderstorm Wind,52.00, ,0,0,40000,0,AZ,MST-7,EG,161357,C,21,PSR,0,0,Trained Spotter, , , ,4,WNW,4,WNW,MAGMA,07/10/2021,1946,33.1604,-111.5651,33.1604,-111.5651,"Nearly 40 trees were uprooted around the Johnson Ranch subdivision in San Tan Valley due to strong winds during a severe warned thunderstorm. Some trees reportedly fell on roofs, fences, and concrete walls with unknown degrees of damage. Minor roof damage was also reported. In a separate report, at an unspecified location in San Tan Valley, photos show strong winds peeled up a portion of a residential roof and a large section of a bedroom ceiling collapsed. Winds were estimated around 55-65 mph. Timing based on radar. No injuries reported.","With upper level high pressure centered near Las Vegas, Nevada this promoted increased northeasterly flow through central and southern Arizona. 30-35 kts of 0-6 km bulk shear was analyzed over south-central Arizona under this regime and with 1000-1500 J/kg of MLCAPE, organized strong to severe thunderstorms developed over the Mogollon Rim in the afternoon and spread through the lower deserts of south-central Arizona through the evening hours. Two severe multi-cellular clusters progressed off the high terrain into the lower deserts of Pinal and Maricopa counties and eventually merged together in northwest Pinal county before continuing southwest. The severe storms produced widespread 40+ mph wind gusts with many areas of 60-70 mph gusts. There were numerous toppled trees, downed power lines, damaged roofs, and other infrastructure and property damage as a result of the severe winds. Over 35,000 customers across Phoenix also lost power. The severe winds also produced a dust storm out ahead of the storms with widespread dense blowing  dust pushing west through northern Pinal and southwest Maricopa counties. There was also an area of dense blowing dust reported in the North Phoenix foothills with the northern multi-cell cluster. This was the second day in a row with severe winds moving through some of the same areas.",428
975690,PINAL CO.,BAPCHULE,07/10/2021,1947,Thunderstorm Wind,52.00, ,0,0,30000,0,AZ,MST-7,EG,161357,C,21,PSR,0,0,Broadcast Media, , , ,6,NNE,6,NNE,BAPCHULE,07/10/2021,1947,33.17,-111.6,33.17,-111.6,"Significant damage to a dog sanctuary near Phillips and Royce Roads in San Tan Valley due to estimated 55 to 65 mph wind gusts from a severe warned thunderstorm. A few couple hundred pound dog sheds were destroyed and one fell over and injured the paw of one of the dogs, named Chuckles, requiring surgery. Timing estimated from radar.","With upper level high pressure centered near Las Vegas, Nevada this promoted increased northeasterly flow through central and southern Arizona. 30-35 kts of 0-6 km bulk shear was analyzed over south-central Arizona under this regime and with 1000-1500 J/kg of MLCAPE, organized strong to severe thunderstorms developed over the Mogollon Rim in the afternoon and spread through the lower deserts of south-central Arizona through the evening hours. Two severe multi-cellular clusters progressed off the high terrain into the lower deserts of Pinal and Maricopa counties and eventually merged together in northwest Pinal county before continuing southwest. The severe storms produced widespread 40+ mph wind gusts with many areas of 60-70 mph gusts. There were numerous toppled trees, downed power lines, damaged roofs, and other infrastructure and property damage as a result of the severe winds. Over 35,000 customers across Phoenix also lost power. The severe winds also produced a dust storm out ahead of the storms with widespread dense blowing  dust pushing west through northern Pinal and southwest Maricopa counties. There was also an area of dense blowing dust reported in the North Phoenix foothills with the northern multi-cell cluster. This was the second day in a row with severe winds moving through some of the same areas.",429
975691,MARICOPA CO.,DESERT SANDS,07/10/2021,1957,Thunderstorm Wind,52.00, ,0,0,800,0,AZ,MST-7,EG,161357,C,13,PSR,0,0,Trained Spotter, , , ,1,SW,1,SW,DESERT SANDS,07/10/2021,1957,33.39,-111.68,33.39,-111.68,"Multiple large trees snapped or blown over in strong winds during a severe warned thunderstorm around the Superstition Springs Center near Power Road and Southern Avenue. Winds estimated around 55-60 mph. Timing estimated from radar. No injuries reported.","With upper level high pressure centered near Las Vegas, Nevada this promoted increased northeasterly flow through central and southern Arizona. 30-35 kts of 0-6 km bulk shear was analyzed over south-central Arizona under this regime and with 1000-1500 J/kg of MLCAPE, organized strong to severe thunderstorms developed over the Mogollon Rim in the afternoon and spread through the lower deserts of south-central Arizona through the evening hours. Two severe multi-cellular clusters progressed off the high terrain into the lower deserts of Pinal and Maricopa counties and eventually merged together in northwest Pinal county before continuing southwest. The severe storms produced widespread 40+ mph wind gusts with many areas of 60-70 mph gusts. There were numerous toppled trees, downed power lines, damaged roofs, and other infrastructure and property damage as a result of the severe winds. Over 35,000 customers across Phoenix also lost power. The severe winds also produced a dust storm out ahead of the storms with widespread dense blowing  dust pushing west through northern Pinal and southwest Maricopa counties. There was also an area of dense blowing dust reported in the North Phoenix foothills with the northern multi-cell cluster. This was the second day in a row with severe winds moving through some of the same areas.",430
975752,SOUTH CENTRAL PINAL COUNTY (ZONE), ,07/10/2021,2000,Dust Storm, , ,0,0,0,0,AZ,MST-7, ,161561,Z,505,TWC,0,0,Social Media, , , , , , , , ,07/10/2021,2030, , , , ,"Thunderstorm outflow winds produced widespread blowing dust that reduced visibilities to less than a quarter mile and caused traffic disruptions along Interstate 10 in southern Pinal County.","Scattered thunderstorms developed across the Mogollon Rim and International Border during the afternoon and moved west across southeast Arizona through the evening hours. Several storms became severe with damaging winds of 60 to 90 mph that created blowing dust and downed trees and power poles. The most extensive structural damage occurred in the Sierra Vista/Fort Huachuca and Green Valley/Sahuarita areas.",431
975529,MARICOPA CO.,APACHE WELLS,07/10/2021,2000,Thunderstorm Wind,58.00, ,0,0,0,0,AZ,MST-7,MG,161357,C,13,PSR,0,0,Mesonet, , , ,2,NNW,2,NNW,APACHE WELLS,07/10/2021,2000,33.51,-111.69,33.51,-111.69,"Mesonet station SRP10 at 6.5 miles N of East Mesa measured a 67 mph wind gust.","With upper level high pressure centered near Las Vegas, Nevada this promoted increased northeasterly flow through central and southern Arizona. 30-35 kts of 0-6 km bulk shear was analyzed over south-central Arizona under this regime and with 1000-1500 J/kg of MLCAPE, organized strong to severe thunderstorms developed over the Mogollon Rim in the afternoon and spread through the lower deserts of south-central Arizona through the evening hours. Two severe multi-cellular clusters progressed off the high terrain into the lower deserts of Pinal and Maricopa counties and eventually merged together in northwest Pinal county before continuing southwest. The severe storms produced widespread 40+ mph wind gusts with many areas of 60-70 mph gusts. There were numerous toppled trees, downed power lines, damaged roofs, and other infrastructure and property damage as a result of the severe winds. Over 35,000 customers across Phoenix also lost power. The severe winds also produced a dust storm out ahead of the storms with widespread dense blowing  dust pushing west through northern Pinal and southwest Maricopa counties. There was also an area of dense blowing dust reported in the North Phoenix foothills with the northern multi-cell cluster. This was the second day in a row with severe winds moving through some of the same areas.",432
975511,MARICOPA CO.,(CHD)WILLIAMS AFB,07/10/2021,2000,Thunderstorm Wind,52.00, ,0,0,0,0,AZ,MST-7,MG,161357,C,13,PSR,0,0,AWOS, , , ,1,E,1,E,(CHD)WILLIAMS AFB,07/10/2021,2000,33.3,-111.65,33.3,-111.65,"AWOS at Phoenix-Mesa Gateway airport (KIWA) measured a 60 mph wind gust.","With upper level high pressure centered near Las Vegas, Nevada this promoted increased northeasterly flow through central and southern Arizona. 30-35 kts of 0-6 km bulk shear was analyzed over south-central Arizona under this regime and with 1000-1500 J/kg of MLCAPE, organized strong to severe thunderstorms developed over the Mogollon Rim in the afternoon and spread through the lower deserts of south-central Arizona through the evening hours. Two severe multi-cellular clusters progressed off the high terrain into the lower deserts of Pinal and Maricopa counties and eventually merged together in northwest Pinal county before continuing southwest. The severe storms produced widespread 40+ mph wind gusts with many areas of 60-70 mph gusts. There were numerous toppled trees, downed power lines, damaged roofs, and other infrastructure and property damage as a result of the severe winds. Over 35,000 customers across Phoenix also lost power. The severe winds also produced a dust storm out ahead of the storms with widespread dense blowing  dust pushing west through northern Pinal and southwest Maricopa counties. There was also an area of dense blowing dust reported in the North Phoenix foothills with the northern multi-cell cluster. This was the second day in a row with severe winds moving through some of the same areas.",433
975689,MARICOPA CO.,SUNNYSLOPE,07/10/2021,2000,Thunderstorm Wind,56.00, ,0,0,200000,0,AZ,MST-7,EG,161357,C,13,PSR,0,0,Broadcast Media, , , ,3,WSW,3,WNW,SUNNYSLOPE,07/10/2021,2015,33.5676,-112.1342,33.5964,-112.134,"Multiple photos and videos on social media and reports from broadcast media of at least 14 downed utility power poles along 35th Avenue between Dunlap Avenue and Cactus Road in Phoenix due to strong winds from a severe warned thunderstorm. The downed poles and lines also knocked over street signs and street lamps, disrupted traffic, and caused a power outage for the area that took more than a day to be restored. Additionally, several large trees were uprooted or snapped in and around Cortez Park at 35th Ave and Dunlap Ave and a metal carport reportedly blew more than a block away near 35th Ave and Peoria Ave. Wind gusts were estimated around 55-65 mph. Timing estimated from radar. No injuries were reported.","With upper level high pressure centered near Las Vegas, Nevada this promoted increased northeasterly flow through central and southern Arizona. 30-35 kts of 0-6 km bulk shear was analyzed over south-central Arizona under this regime and with 1000-1500 J/kg of MLCAPE, organized strong to severe thunderstorms developed over the Mogollon Rim in the afternoon and spread through the lower deserts of south-central Arizona through the evening hours. Two severe multi-cellular clusters progressed off the high terrain into the lower deserts of Pinal and Maricopa counties and eventually merged together in northwest Pinal county before continuing southwest. The severe storms produced widespread 40+ mph wind gusts with many areas of 60-70 mph gusts. There were numerous toppled trees, downed power lines, damaged roofs, and other infrastructure and property damage as a result of the severe winds. Over 35,000 customers across Phoenix also lost power. The severe winds also produced a dust storm out ahead of the storms with widespread dense blowing  dust pushing west through northern Pinal and southwest Maricopa counties. There was also an area of dense blowing dust reported in the North Phoenix foothills with the northern multi-cell cluster. This was the second day in a row with severe winds moving through some of the same areas.",434
975692,MARICOPA CO.,CHANDLER HGTS,07/10/2021,2001,Thunderstorm Wind,52.00, ,0,0,40000,0,AZ,MST-7,EG,161357,C,13,PSR,0,0,Law Enforcement, , , ,4,W,4,W,CHANDLER HGTS,07/10/2021,2001,33.22,-111.75,33.22,-111.75,"Gilbert Police closed Riggs Road between Val Vista Drive and Adora Boulevard due to downed powerlines. Winds were estimated around 60 mph and timing was estimated from radar. No injuries were reported.","With upper level high pressure centered near Las Vegas, Nevada this promoted increased northeasterly flow through central and southern Arizona. 30-35 kts of 0-6 km bulk shear was analyzed over south-central Arizona under this regime and with 1000-1500 J/kg of MLCAPE, organized strong to severe thunderstorms developed over the Mogollon Rim in the afternoon and spread through the lower deserts of south-central Arizona through the evening hours. Two severe multi-cellular clusters progressed off the high terrain into the lower deserts of Pinal and Maricopa counties and eventually merged together in northwest Pinal county before continuing southwest. The severe storms produced widespread 40+ mph wind gusts with many areas of 60-70 mph gusts. There were numerous toppled trees, downed power lines, damaged roofs, and other infrastructure and property damage as a result of the severe winds. Over 35,000 customers across Phoenix also lost power. The severe winds also produced a dust storm out ahead of the storms with widespread dense blowing  dust pushing west through northern Pinal and southwest Maricopa counties. There was also an area of dense blowing dust reported in the North Phoenix foothills with the northern multi-cell cluster. This was the second day in a row with severe winds moving through some of the same areas.",435
975512,MARICOPA CO.,DREAMLAND VILLA,07/10/2021,2006,Thunderstorm Wind,55.00, ,0,0,0,0,AZ,MST-7,MG,161357,C,13,PSR,0,0,AWOS, , , ,0,N,0,N,DREAMLAND VILLA,07/10/2021,2006,33.47,-111.72,33.47,-111.72,"AWOS at Mesa Falcon Field (KFFZ) measured a 63 mph wind gust.","With upper level high pressure centered near Las Vegas, Nevada this promoted increased northeasterly flow through central and southern Arizona. 30-35 kts of 0-6 km bulk shear was analyzed over south-central Arizona under this regime and with 1000-1500 J/kg of MLCAPE, organized strong to severe thunderstorms developed over the Mogollon Rim in the afternoon and spread through the lower deserts of south-central Arizona through the evening hours. Two severe multi-cellular clusters progressed off the high terrain into the lower deserts of Pinal and Maricopa counties and eventually merged together in northwest Pinal county before continuing southwest. The severe storms produced widespread 40+ mph wind gusts with many areas of 60-70 mph gusts. There were numerous toppled trees, downed power lines, damaged roofs, and other infrastructure and property damage as a result of the severe winds. Over 35,000 customers across Phoenix also lost power. The severe winds also produced a dust storm out ahead of the storms with widespread dense blowing  dust pushing west through northern Pinal and southwest Maricopa counties. There was also an area of dense blowing dust reported in the North Phoenix foothills with the northern multi-cell cluster. This was the second day in a row with severe winds moving through some of the same areas.",436
975693,PINAL CO.,SANTAN,07/10/2021,2010,Thunderstorm Wind,52.00, ,0,0,30000,0,AZ,MST-7,EG,161357,C,21,PSR,0,0,Department of Highways, , , ,4,SW,4,SW,SANTAN,07/10/2021,2010,33.13,-111.84,33.13,-111.84,"Multiple wooden power lines down due to strong thunderstorm winds on SR-587 near Nelson Road, leading to the closure of SR-587 between I-10 and Indian Route 68. Wind speeds estimated around 60 mph and timing estimated from radar. No injuries reported.","With upper level high pressure centered near Las Vegas, Nevada this promoted increased northeasterly flow through central and southern Arizona. 30-35 kts of 0-6 km bulk shear was analyzed over south-central Arizona under this regime and with 1000-1500 J/kg of MLCAPE, organized strong to severe thunderstorms developed over the Mogollon Rim in the afternoon and spread through the lower deserts of south-central Arizona through the evening hours. Two severe multi-cellular clusters progressed off the high terrain into the lower deserts of Pinal and Maricopa counties and eventually merged together in northwest Pinal county before continuing southwest. The severe storms produced widespread 40+ mph wind gusts with many areas of 60-70 mph gusts. There were numerous toppled trees, downed power lines, damaged roofs, and other infrastructure and property damage as a result of the severe winds. Over 35,000 customers across Phoenix also lost power. The severe winds also produced a dust storm out ahead of the storms with widespread dense blowing  dust pushing west through northern Pinal and southwest Maricopa counties. There was also an area of dense blowing dust reported in the North Phoenix foothills with the northern multi-cell cluster. This was the second day in a row with severe winds moving through some of the same areas.",437
975694,MARICOPA CO.,NORTONS CORNER,07/10/2021,2010,Thunderstorm Wind,52.00, ,0,0,8000,0,AZ,MST-7,EG,161357,C,13,PSR,0,0,Law Enforcement, , , ,2,NNE,2,NNE,NORTONS CORNER,07/10/2021,2010,33.3211,-111.7731,33.3211,-111.7731,"Gilbert Police reported southbound lanes on Lindsay Road at Ray Road were blocked due to a downed power pole as a result of strong winds. Winds estimated around 60 mph and timing estimated from radar. No injuries reported.","With upper level high pressure centered near Las Vegas, Nevada this promoted increased northeasterly flow through central and southern Arizona. 30-35 kts of 0-6 km bulk shear was analyzed over south-central Arizona under this regime and with 1000-1500 J/kg of MLCAPE, organized strong to severe thunderstorms developed over the Mogollon Rim in the afternoon and spread through the lower deserts of south-central Arizona through the evening hours. Two severe multi-cellular clusters progressed off the high terrain into the lower deserts of Pinal and Maricopa counties and eventually merged together in northwest Pinal county before continuing southwest. The severe storms produced widespread 40+ mph wind gusts with many areas of 60-70 mph gusts. There were numerous toppled trees, downed power lines, damaged roofs, and other infrastructure and property damage as a result of the severe winds. Over 35,000 customers across Phoenix also lost power. The severe winds also produced a dust storm out ahead of the storms with widespread dense blowing  dust pushing west through northern Pinal and southwest Maricopa counties. There was also an area of dense blowing dust reported in the North Phoenix foothills with the northern multi-cell cluster. This was the second day in a row with severe winds moving through some of the same areas.",438
975560,EAST VALLEY (ZONE), ,07/10/2021,2010,Dust Storm, , ,0,0,0,0,AZ,MST-7, ,161357,Z,548,PSR,0,0,Trained Spotter, , , , , , , , ,07/10/2021,2035, , , , ,"Visibility briefly fell to 1/2 mile in blowing dust from a strong thunderstorm outflow boundary near Warner Road and Cooper Road in Gilbert. Visibility also fell to approximately 1/4 mile in blowing dust near US-60 and Highway-87. No damages or injuries were reported.","With upper level high pressure centered near Las Vegas, Nevada this promoted increased northeasterly flow through central and southern Arizona. 30-35 kts of 0-6 km bulk shear was analyzed over south-central Arizona under this regime and with 1000-1500 J/kg of MLCAPE, organized strong to severe thunderstorms developed over the Mogollon Rim in the afternoon and spread through the lower deserts of south-central Arizona through the evening hours. Two severe multi-cellular clusters progressed off the high terrain into the lower deserts of Pinal and Maricopa counties and eventually merged together in northwest Pinal county before continuing southwest. The severe storms produced widespread 40+ mph wind gusts with many areas of 60-70 mph gusts. There were numerous toppled trees, downed power lines, damaged roofs, and other infrastructure and property damage as a result of the severe winds. Over 35,000 customers across Phoenix also lost power. The severe winds also produced a dust storm out ahead of the storms with widespread dense blowing  dust pushing west through northern Pinal and southwest Maricopa counties. There was also an area of dense blowing dust reported in the North Phoenix foothills with the northern multi-cell cluster. This was the second day in a row with severe winds moving through some of the same areas.",439
975696,MARICOPA CO.,SUNNYSLOPE,07/10/2021,2015,Thunderstorm Wind,56.00, ,0,0,25000,0,AZ,MST-7,EG,161357,C,13,PSR,0,0,Broadcast Media, , , ,3,W,3,W,SUNNYSLOPE,07/10/2021,2015,33.5844,-112.1389,33.5844,-112.1389,"Broadcast report from local media showed a carport ripped away from a residence near Sahuaro Drive and 37th Drive due to strong winds in a severe warned thunderstorm. The carport flew into an alley behind the residence, knocking over a cinderblock wall and shattering the window of a residence on the other side of the alley. Winds were estimated around 55-65 mph and timing was estimated from radar. No injuries reported.","With upper level high pressure centered near Las Vegas, Nevada this promoted increased northeasterly flow through central and southern Arizona. 30-35 kts of 0-6 km bulk shear was analyzed over south-central Arizona under this regime and with 1000-1500 J/kg of MLCAPE, organized strong to severe thunderstorms developed over the Mogollon Rim in the afternoon and spread through the lower deserts of south-central Arizona through the evening hours. Two severe multi-cellular clusters progressed off the high terrain into the lower deserts of Pinal and Maricopa counties and eventually merged together in northwest Pinal county before continuing southwest. The severe storms produced widespread 40+ mph wind gusts with many areas of 60-70 mph gusts. There were numerous toppled trees, downed power lines, damaged roofs, and other infrastructure and property damage as a result of the severe winds. Over 35,000 customers across Phoenix also lost power. The severe winds also produced a dust storm out ahead of the storms with widespread dense blowing  dust pushing west through northern Pinal and southwest Maricopa counties. There was also an area of dense blowing dust reported in the North Phoenix foothills with the northern multi-cell cluster. This was the second day in a row with severe winds moving through some of the same areas.",440
975695,MARICOPA CO.,SUNNYSLOPE,07/10/2021,2015,Thunderstorm Wind,52.00, ,0,0,15000,0,AZ,MST-7,EG,161357,C,13,PSR,0,0,Broadcast Media, , , ,4,WNW,4,WNW,SUNNYSLOPE,07/10/2021,2015,33.6,-112.15,33.6,-112.15,"Video on social media shows the roof of a residential home was partially torn off due to strong thunderstorm winds near 43rd Avenue and Cactus Road. Winds estimated around 60 mph and timing estimated from radar. No injuries reported.","With upper level high pressure centered near Las Vegas, Nevada this promoted increased northeasterly flow through central and southern Arizona. 30-35 kts of 0-6 km bulk shear was analyzed over south-central Arizona under this regime and with 1000-1500 J/kg of MLCAPE, organized strong to severe thunderstorms developed over the Mogollon Rim in the afternoon and spread through the lower deserts of south-central Arizona through the evening hours. Two severe multi-cellular clusters progressed off the high terrain into the lower deserts of Pinal and Maricopa counties and eventually merged together in northwest Pinal county before continuing southwest. The severe storms produced widespread 40+ mph wind gusts with many areas of 60-70 mph gusts. There were numerous toppled trees, downed power lines, damaged roofs, and other infrastructure and property damage as a result of the severe winds. Over 35,000 customers across Phoenix also lost power. The severe winds also produced a dust storm out ahead of the storms with widespread dense blowing  dust pushing west through northern Pinal and southwest Maricopa counties. There was also an area of dense blowing dust reported in the North Phoenix foothills with the northern multi-cell cluster. This was the second day in a row with severe winds moving through some of the same areas.",441
975562,NORTHWEST PINAL COUNTY (ZONE), ,07/10/2021,2015,Dust Storm, , ,0,0,0,0,AZ,MST-7, ,161357,Z,553,PSR,0,0,Storm Chaser, , , , , , , , ,07/10/2021,2035, , , , ,"A photo on social media showed near zero visibility from blowing dust near I-8 and Trekel Road in Casa Grande, generated by a strong thunderstorm outflow boundary with observed wind gusts up to 60-65 mph. Another social media post showed less than 1/4 mile visibility in nearby Arizona City. No damage of injuries were reported.","With upper level high pressure centered near Las Vegas, Nevada this promoted increased northeasterly flow through central and southern Arizona. 30-35 kts of 0-6 km bulk shear was analyzed over south-central Arizona under this regime and with 1000-1500 J/kg of MLCAPE, organized strong to severe thunderstorms developed over the Mogollon Rim in the afternoon and spread through the lower deserts of south-central Arizona through the evening hours. Two severe multi-cellular clusters progressed off the high terrain into the lower deserts of Pinal and Maricopa counties and eventually merged together in northwest Pinal county before continuing southwest. The severe storms produced widespread 40+ mph wind gusts with many areas of 60-70 mph gusts. There were numerous toppled trees, downed power lines, damaged roofs, and other infrastructure and property damage as a result of the severe winds. Over 35,000 customers across Phoenix also lost power. The severe winds also produced a dust storm out ahead of the storms with widespread dense blowing  dust pushing west through northern Pinal and southwest Maricopa counties. There was also an area of dense blowing dust reported in the North Phoenix foothills with the northern multi-cell cluster. This was the second day in a row with severe winds moving through some of the same areas.",442
975556,MARICOPA CO.,QUEEN CREEK,07/10/2021,2015,Hail,1.00, ,0,0,0,0,AZ,MST-7, ,161357,C,13,PSR,0,0,Public, , , ,1,W,1,W,QUEEN CREEK,07/10/2021,2015,33.25,-111.64,33.25,-111.64,"Video on social media showed hail of various sizes falling in Queen Creek near Ocotillo Rd. with the largest hail stones estimated by the user at 1 inch diameter. No damages or injuries were reported.","With upper level high pressure centered near Las Vegas, Nevada this promoted increased northeasterly flow through central and southern Arizona. 30-35 kts of 0-6 km bulk shear was analyzed over south-central Arizona under this regime and with 1000-1500 J/kg of MLCAPE, organized strong to severe thunderstorms developed over the Mogollon Rim in the afternoon and spread through the lower deserts of south-central Arizona through the evening hours. Two severe multi-cellular clusters progressed off the high terrain into the lower deserts of Pinal and Maricopa counties and eventually merged together in northwest Pinal county before continuing southwest. The severe storms produced widespread 40+ mph wind gusts with many areas of 60-70 mph gusts. There were numerous toppled trees, downed power lines, damaged roofs, and other infrastructure and property damage as a result of the severe winds. Over 35,000 customers across Phoenix also lost power. The severe winds also produced a dust storm out ahead of the storms with widespread dense blowing  dust pushing west through northern Pinal and southwest Maricopa counties. There was also an area of dense blowing dust reported in the North Phoenix foothills with the northern multi-cell cluster. This was the second day in a row with severe winds moving through some of the same areas.",443
975753,TOHONO O ODHAM NATION (ZONE), ,07/10/2021,2020,Dust Storm, , ,0,0,0,0,AZ,MST-7, ,161561,Z,502,TWC,0,0,Broadcast Media, , , , , , , , ,07/10/2021,2100, , , , ,"Thunderstorm outflow winds produced widespread blowing dust that reduced visibilities to less than a quarter mile that caused traffic disruptions along Route 15 and Highway 86 on the Tohono O'odham Nation.","Scattered thunderstorms developed across the Mogollon Rim and International Border during the afternoon and moved west across southeast Arizona through the evening hours. Several storms became severe with damaging winds of 60 to 90 mph that created blowing dust and downed trees and power poles. The most extensive structural damage occurred in the Sierra Vista/Fort Huachuca and Green Valley/Sahuarita areas.",444
975749,PINAL CO.,ELOY,07/10/2021,2030,Thunderstorm Wind,56.00, ,0,0,25000,0,AZ,MST-7,EG,161561,C,21,TWC,0,0,Newspaper, , , ,1,NW,1,N,ELOY,07/10/2021,2030,32.76,-111.5675,32.7622,-111.5509,"Thunderstorm winds damaged the roof of a storage building, an awning at a gas station and downed several trees in Eloy.","Scattered thunderstorms developed across the Mogollon Rim and International Border during the afternoon and moved west across southeast Arizona through the evening hours. Several storms became severe with damaging winds of 60 to 90 mph that created blowing dust and downed trees and power poles. The most extensive structural damage occurred in the Sierra Vista/Fort Huachuca and Green Valley/Sahuarita areas.",445
975754,PIMA CO.,WILLOW CANYON,07/10/2021,2035,Flash Flood, , ,0,0,0,0,AZ,MST-7, ,161561,C,19,TWC,0,0,River/Stream Gage,Heavy Rain, , ,10,SSE,9,SSE,WILLOW CANYON,07/10/2021,2130,32.2582,-110.6078,32.2484,-110.6562,"Heavy rain of 2.5 in less than 1 hour at the headwaters of Tanque Verde Creek caused rapid rises of over three feet in Tanque Verde Creek downstream before the channel widens out.","Scattered thunderstorms developed across the Mogollon Rim and International Border during the afternoon and moved west across southeast Arizona through the evening hours. Several storms became severe with damaging winds of 60 to 90 mph that created blowing dust and downed trees and power poles. The most extensive structural damage occurred in the Sierra Vista/Fort Huachuca and Green Valley/Sahuarita areas.",446
975513,PINAL CO.,BON,07/10/2021,2035,Thunderstorm Wind,52.00, ,0,0,0,0,AZ,MST-7,EG,161357,C,21,PSR,0,0,AWOS, , , ,1,NE,1,NE,BON,07/10/2021,2035,32.99,-111.92,32.99,-111.92,"AWOS at Ak-Chin Regional Airport (KA39) measured a 60 mph wind gust.","With upper level high pressure centered near Las Vegas, Nevada this promoted increased northeasterly flow through central and southern Arizona. 30-35 kts of 0-6 km bulk shear was analyzed over south-central Arizona under this regime and with 1000-1500 J/kg of MLCAPE, organized strong to severe thunderstorms developed over the Mogollon Rim in the afternoon and spread through the lower deserts of south-central Arizona through the evening hours. Two severe multi-cellular clusters progressed off the high terrain into the lower deserts of Pinal and Maricopa counties and eventually merged together in northwest Pinal county before continuing southwest. The severe storms produced widespread 40+ mph wind gusts with many areas of 60-70 mph gusts. There were numerous toppled trees, downed power lines, damaged roofs, and other infrastructure and property damage as a result of the severe winds. Over 35,000 customers across Phoenix also lost power. The severe winds also produced a dust storm out ahead of the storms with widespread dense blowing  dust pushing west through northern Pinal and southwest Maricopa counties. There was also an area of dense blowing dust reported in the North Phoenix foothills with the northern multi-cell cluster. This was the second day in a row with severe winds moving through some of the same areas.",447
975802,PINAL CO.,LIRIM,07/10/2021,2040,Thunderstorm Wind,52.00, ,0,0,2000,0,AZ,MST-7,EG,161357,C,21,PSR,0,0,Trained Spotter, , , ,5,NW,5,NW,LIRIM,07/10/2021,2040,33.07,-112.05,33.07,-112.05,"The top half of a 20 foot vertical antenna mast was toppled over in strong thunderstorm winds. Multiple downed trees were also reported across the town of Maricopa. Winds were estimated around 55-65 mph. Timing estimated from radar.","With upper level high pressure centered near Las Vegas, Nevada this promoted increased northeasterly flow through central and southern Arizona. 30-35 kts of 0-6 km bulk shear was analyzed over south-central Arizona under this regime and with 1000-1500 J/kg of MLCAPE, organized strong to severe thunderstorms developed over the Mogollon Rim in the afternoon and spread through the lower deserts of south-central Arizona through the evening hours. Two severe multi-cellular clusters progressed off the high terrain into the lower deserts of Pinal and Maricopa counties and eventually merged together in northwest Pinal county before continuing southwest. The severe storms produced widespread 40+ mph wind gusts with many areas of 60-70 mph gusts. There were numerous toppled trees, downed power lines, damaged roofs, and other infrastructure and property damage as a result of the severe winds. Over 35,000 customers across Phoenix also lost power. The severe winds also produced a dust storm out ahead of the storms with widespread dense blowing  dust pushing west through northern Pinal and southwest Maricopa counties. There was also an area of dense blowing dust reported in the North Phoenix foothills with the northern multi-cell cluster. This was the second day in a row with severe winds moving through some of the same areas.",448
975563,SONORAN DESERT NATL MONUMENT (ZONE), ,07/10/2021,2053,Dust Storm, , ,0,0,0,0,AZ,MST-7, ,161357,Z,559,PSR,0,0,Storm Chaser, , , , , , , , ,07/10/2021,2110, , , , ,"A photo on social media showed a large wall of dust moving west along I-8 near Vekol Road exit. Estimated visibility within the dust storm was less than 1/4 mile. No damage or injuries were reported.","With upper level high pressure centered near Las Vegas, Nevada this promoted increased northeasterly flow through central and southern Arizona. 30-35 kts of 0-6 km bulk shear was analyzed over south-central Arizona under this regime and with 1000-1500 J/kg of MLCAPE, organized strong to severe thunderstorms developed over the Mogollon Rim in the afternoon and spread through the lower deserts of south-central Arizona through the evening hours. Two severe multi-cellular clusters progressed off the high terrain into the lower deserts of Pinal and Maricopa counties and eventually merged together in northwest Pinal county before continuing southwest. The severe storms produced widespread 40+ mph wind gusts with many areas of 60-70 mph gusts. There were numerous toppled trees, downed power lines, damaged roofs, and other infrastructure and property damage as a result of the severe winds. Over 35,000 customers across Phoenix also lost power. The severe winds also produced a dust storm out ahead of the storms with widespread dense blowing  dust pushing west through northern Pinal and southwest Maricopa counties. There was also an area of dense blowing dust reported in the North Phoenix foothills with the northern multi-cell cluster. This was the second day in a row with severe winds moving through some of the same areas.",449
975748,PIMA CO.,ANEGAM,07/10/2021,2110,Thunderstorm Wind,56.00, ,0,0,25000,0,AZ,MST-7,EG,161561,C,19,TWC,0,0,Emergency Manager, , , ,0,N,0,N,COMOBABI,07/10/2021,2120,32.37,-112.03,32.05,-111.8,"Thunderstorm winds caused minor damage to two homes in Anegam and substantial damage to a home in Comobabi.","Scattered thunderstorms developed across the Mogollon Rim and International Border during the afternoon and moved west across southeast Arizona through the evening hours. Several storms became severe with damaging winds of 60 to 90 mph that created blowing dust and downed trees and power poles. The most extensive structural damage occurred in the Sierra Vista/Fort Huachuca and Green Valley/Sahuarita areas.",450
975547,MARICOPA CO.,MOBILE,07/10/2021,2114,Thunderstorm Wind,56.00, ,0,0,0,0,AZ,MST-7,MG,161357,C,13,PSR,0,0,Mesonet, , , ,2,ESE,2,ESE,MOBILE,07/10/2021,2114,33.04,-112.24,33.04,-112.24,"Mesonet station MAMO at 2.2 miles SE of Mobile measured a 64 mph wind gust.","With upper level high pressure centered near Las Vegas, Nevada this promoted increased northeasterly flow through central and southern Arizona. 30-35 kts of 0-6 km bulk shear was analyzed over south-central Arizona under this regime and with 1000-1500 J/kg of MLCAPE, organized strong to severe thunderstorms developed over the Mogollon Rim in the afternoon and spread through the lower deserts of south-central Arizona through the evening hours. Two severe multi-cellular clusters progressed off the high terrain into the lower deserts of Pinal and Maricopa counties and eventually merged together in northwest Pinal county before continuing southwest. The severe storms produced widespread 40+ mph wind gusts with many areas of 60-70 mph gusts. There were numerous toppled trees, downed power lines, damaged roofs, and other infrastructure and property damage as a result of the severe winds. Over 35,000 customers across Phoenix also lost power. The severe winds also produced a dust storm out ahead of the storms with widespread dense blowing  dust pushing west through northern Pinal and southwest Maricopa counties. There was also an area of dense blowing dust reported in the North Phoenix foothills with the northern multi-cell cluster. This was the second day in a row with severe winds moving through some of the same areas.",451
975564,GILA BEND (ZONE), ,07/10/2021,2115,Dust Storm, , ,0,0,0,0,AZ,MST-7, ,161357,Z,539,PSR,0,0,Storm Chaser, , , , , , , , ,07/10/2021,2130, , , , ,"A photo on social media taken near mile post 118 on I-8 showed a large wall of dust/haboob moving west into the Gila Bend area. Visibility in the blowing dust was estimated less than 1/2 mile. No damage or injuries were reported.","With upper level high pressure centered near Las Vegas, Nevada this promoted increased northeasterly flow through central and southern Arizona. 30-35 kts of 0-6 km bulk shear was analyzed over south-central Arizona under this regime and with 1000-1500 J/kg of MLCAPE, organized strong to severe thunderstorms developed over the Mogollon Rim in the afternoon and spread through the lower deserts of south-central Arizona through the evening hours. Two severe multi-cellular clusters progressed off the high terrain into the lower deserts of Pinal and Maricopa counties and eventually merged together in northwest Pinal county before continuing southwest. The severe storms produced widespread 40+ mph wind gusts with many areas of 60-70 mph gusts. There were numerous toppled trees, downed power lines, damaged roofs, and other infrastructure and property damage as a result of the severe winds. Over 35,000 customers across Phoenix also lost power. The severe winds also produced a dust storm out ahead of the storms with widespread dense blowing  dust pushing west through northern Pinal and southwest Maricopa counties. There was also an area of dense blowing dust reported in the North Phoenix foothills with the northern multi-cell cluster. This was the second day in a row with severe winds moving through some of the same areas.",452
975746,PIMA CO.,ALI CHUKSON,07/10/2021,2130,Thunderstorm Wind,52.00, ,0,0,2000,0,AZ,MST-7,EG,161561,C,19,TWC,0,0,Emergency Manager, , , ,0,N,0,N,ALI CHUKSON,07/10/2021,2130,31.92,-111.8,31.92,-111.8,"Thunderstorm winds caused minor damage to a house in Little Tucson on the Tohono O'odham Nation.","Scattered thunderstorms developed across the Mogollon Rim and International Border during the afternoon and moved west across southeast Arizona through the evening hours. Several storms became severe with damaging winds of 60 to 90 mph that created blowing dust and downed trees and power poles. The most extensive structural damage occurred in the Sierra Vista/Fort Huachuca and Green Valley/Sahuarita areas.",453
975546,MARICOPA CO.,(GBN)GILA BEND MUNI,07/10/2021,2203,Thunderstorm Wind,53.00, ,0,0,0,0,AZ,MST-7,MG,161357,C,13,PSR,0,0,AWOS, , , ,1,S,1,S,(GBN)GILA BEND MUNI,07/10/2021,2203,32.87,-112.72,32.87,-112.72,"AWOS at Gila Bend Air Force Auxiliary Field (KGXF) measured a 61 mph wind gust.","With upper level high pressure centered near Las Vegas, Nevada this promoted increased northeasterly flow through central and southern Arizona. 30-35 kts of 0-6 km bulk shear was analyzed over south-central Arizona under this regime and with 1000-1500 J/kg of MLCAPE, organized strong to severe thunderstorms developed over the Mogollon Rim in the afternoon and spread through the lower deserts of south-central Arizona through the evening hours. Two severe multi-cellular clusters progressed off the high terrain into the lower deserts of Pinal and Maricopa counties and eventually merged together in northwest Pinal county before continuing southwest. The severe storms produced widespread 40+ mph wind gusts with many areas of 60-70 mph gusts. There were numerous toppled trees, downed power lines, damaged roofs, and other infrastructure and property damage as a result of the severe winds. Over 35,000 customers across Phoenix also lost power. The severe winds also produced a dust storm out ahead of the storms with widespread dense blowing  dust pushing west through northern Pinal and southwest Maricopa counties. There was also an area of dense blowing dust reported in the North Phoenix foothills with the northern multi-cell cluster. This was the second day in a row with severe winds moving through some of the same areas.",454
975755,PIMA CO.,SABINO,07/10/2021,2210,Flash Flood, , ,0,0,0,0,AZ,MST-7, ,161561,C,19,TWC,0,0,County Official,Heavy Rain, , ,6,SE,5,SE,SABINO,07/10/2021,2300,32.2411,-110.7509,32.2393,-110.7608,"Heavy rain of 2.5 in less than 1 hour at the headwaters of Tanque Verde Creek caused a 1 foot rise in water levels at Tanque Verde Loop Road, resulting in its closure.","Scattered thunderstorms developed across the Mogollon Rim and International Border during the afternoon and moved west across southeast Arizona through the evening hours. Several storms became severe with damaging winds of 60 to 90 mph that created blowing dust and downed trees and power poles. The most extensive structural damage occurred in the Sierra Vista/Fort Huachuca and Green Valley/Sahuarita areas.",455
975565,GILA BEND (ZONE), ,07/10/2021,2210,Dust Storm, , ,0,0,0,0,AZ,MST-7, ,161357,Z,539,PSR,0,0,Social Media, , , , , , , , ,07/10/2021,2225, , , , ,"A video on social media showed near zero visibility in blowing dust near I-8 and Paloma Road with a strong thunderstorm outflow boundary from the southeast. This was a different outflow boundary than the one that brought a haboob into the Gila bend area an hour earlier. No damage or injuries were reported.","With upper level high pressure centered near Las Vegas, Nevada this promoted increased northeasterly flow through central and southern Arizona. 30-35 kts of 0-6 km bulk shear was analyzed over south-central Arizona under this regime and with 1000-1500 J/kg of MLCAPE, organized strong to severe thunderstorms developed over the Mogollon Rim in the afternoon and spread through the lower deserts of south-central Arizona through the evening hours. Two severe multi-cellular clusters progressed off the high terrain into the lower deserts of Pinal and Maricopa counties and eventually merged together in northwest Pinal county before continuing southwest. The severe storms produced widespread 40+ mph wind gusts with many areas of 60-70 mph gusts. There were numerous toppled trees, downed power lines, damaged roofs, and other infrastructure and property damage as a result of the severe winds. Over 35,000 customers across Phoenix also lost power. The severe winds also produced a dust storm out ahead of the storms with widespread dense blowing  dust pushing west through northern Pinal and southwest Maricopa counties. There was also an area of dense blowing dust reported in the North Phoenix foothills with the northern multi-cell cluster. This was the second day in a row with severe winds moving through some of the same areas.",456
977484,YAVAPAI CO.,ENTRO,07/11/2021,1548,Hail,1.25, ,0,0,0,0,AZ,MST-7, ,161906,C,25,FGZ,0,0,Trained Spotter, , , ,3,SSE,3,WSW,DEWEY,07/11/2021,1604,34.56,-112.39,34.52,-112.29,"One inch to 1 1/4 inch hail was reported between Dewey-Humboldt and 4 miles south and south-southwest of Prescott by several people. Tree leaves were shredded off many trees.","Moisture increasing from the south triggered severe thunderstorms across northern Arizona.",457
977485,YAVAPAI CO.,(PRC)PRESCOTT ARPT,07/11/2021,1600,Thunderstorm Wind,72.00, ,0,0,100000,0,AZ,MST-7,MG,161906,C,25,FGZ,0,0,ASOS, , , ,0,N,4,NE,GOODWIN,07/11/2021,1625,34.65,-112.42,34.5649,-112.3211,"The Prescott Airport ASOS reported a peak wind gust of 83 MPH. Four power poles were snapped off in Prescott Valley (police report). The wind gusts were estimated to be 60 MPH in Prescott Valley. Carport roof blown off structure and landed on the ground in Chino Valley. Roof damage to an apartment complex in Prescott.","Moisture increasing from the south triggered severe thunderstorms across northern Arizona.",458
977487,YAVAPAI CO.,CHINO VLY,07/11/2021,1710,Tornado, ,EF0,0,0,0,0,AZ,MST-7, ,161906,C,25,FGZ,0,0,Public, ,0.7,10,0,N,1,S,CHINO VLY,07/11/2021,1711,34.73,-112.45,34.7199,-112.45,"A trained spotter observed a tornado west of Outer Loop Road and State Route 89 for 45 seconds. intermittent cloud to ground rotation was confirmed.","Moisture increasing from the south triggered severe thunderstorms across northern Arizona.",459
976933,COCONINO CO.,BELLEMONT,07/12/2021,1337,Hail,1.00, ,0,0,0,0,AZ,MST-7, ,161817,C,5,FGZ,0,0,Public, , , ,8,NE,8,NE,BELLEMONT,07/12/2021,1340,35.3,-111.72,35.3,-111.72,"One inch diameter hail fell along Snowbowl Road.","High pressure weakened over northern Arizona which allowed more moisture to move over the state from the south.  This helped strong thunderstorms to develop over the area.",460
976935,NAVAJO CO.,INDIAN PINE,07/12/2021,1600,Hail,1.50, ,0,0,0,0,AZ,MST-7, ,161817,C,17,FGZ,0,0,Public, , , ,2,E,2,E,INDIAN PINE,07/12/2021,1605,34.08,-109.9,34.08,-109.9,"One and a half inch diameter hail fell just west of McNary.","High pressure weakened over northern Arizona which allowed more moisture to move over the state from the south.  This helped strong thunderstorms to develop over the area.",461
975046,GILA CO.,CHRISTMAS,07/12/2021,2030,Thunderstorm Wind,63.00, ,0,0,0,0,AZ,MST-7,MG,161455,C,7,PSR,0,0,Mesonet, , , ,7,NNW,7,NNW,CHRISTMAS,07/12/2021,2030,33.15,-110.81,33.15,-110.81,"A Tonto portable RAWS site recorded a peak gust of 72 mph during the evening of the 12th near Dripping Springs as severe thunderstorms pushed through the area.","An upper level ridge centered near southern Nevada promoted northeasterly steering flow favorable for bringing storms off the high terrain and into the lower deserts. During the evening on the 12th, strong to severe thunderstorms pushed toward the southwest across southern Gila County where a peak gust of 72 mph was recorded. An outflow boundary from decaying thunderstorms over the high terrain pushed into parts of the lower deserts, allowing a severe thunderstorm to develop over northeastern Maricopa County. This severe thunderstorm produced damaging wind gusts across northern parts of the Valley that took down several trees, one of which fell onto a car. No injuries were reported.",462
975761,SANTA CRUZ CO.,MADERA CANYON,07/12/2021,2034,Funnel Cloud, , ,0,0,0,0,AZ,MST-7, ,161581,C,23,TWC,0,0,Trained Spotter, , , ,2,SSE,2,SSE,MADERA CANYON,07/12/2021,2040,31.6964,-110.8517,31.6964,-110.8517,"A funnel cloud was observed descending from a wall cloud near Mt. Wrightston.","Thunderstorms developed and moved southwest across Pinal, Pima and Santa Cruz counties during the evening hours. One storm produced a funnel cloud near Mt. Wrightston while other storms produced damaging winds and flash flooding in the Tucson Metro area.",463
975757,PIMA CO.,CORTARO,07/12/2021,2150,Thunderstorm Wind,56.00, ,0,0,20000,0,AZ,MST-7,EG,161581,C,19,TWC,0,0,Broadcast Media, , , ,3,NE,5,W,TUSCON MARANA NW AIRPORT,07/12/2021,2200,32.3833,-111.0364,32.4197,-111.3042,"Thunderstorm wind gusts downed several trees in western Oro Valley and Marana and downed power poles along Trico Rd.","Thunderstorms developed and moved southwest across Pinal, Pima and Santa Cruz counties during the evening hours. One storm produced a funnel cloud near Mt. Wrightston while other storms produced damaging winds and flash flooding in the Tucson Metro area.",464
975045,MARICOPA CO.,CAVE CREEK,07/12/2021,2150,Thunderstorm Wind,50.00, ,0,0,5000,0,AZ,MST-7,EG,161455,C,13,PSR,0,0,Public, , , ,11,ESE,11,ESE,CAVE CREEK,07/12/2021,2150,33.78,-111.77,33.78,-111.77,"Severe thunderstorms across northern portions of the Valley produced damaging wind gusts that took down several large trees near the Granite Mountain Ranch area. No injuries were reported.","An upper level ridge centered near southern Nevada promoted northeasterly steering flow favorable for bringing storms off the high terrain and into the lower deserts. During the evening on the 12th, strong to severe thunderstorms pushed toward the southwest across southern Gila County where a peak gust of 72 mph was recorded. An outflow boundary from decaying thunderstorms over the high terrain pushed into parts of the lower deserts, allowing a severe thunderstorm to develop over northeastern Maricopa County. This severe thunderstorm produced damaging wind gusts across northern parts of the Valley that took down several trees, one of which fell onto a car. No injuries were reported.",465
975758,PINAL CO.,AVRA,07/12/2021,2155,Thunderstorm Wind,50.00, ,0,0,0,0,AZ,MST-7,MG,161581,C,21,TWC,0,0,AWOS, , , ,4,SW,4,SW,AVRA,07/12/2021,2155,32.5089,-111.3241,32.5089,-111.3241,"A wind gust to 58 mph was recorded at Pinal Airpark.","Thunderstorms developed and moved southwest across Pinal, Pima and Santa Cruz counties during the evening hours. One storm produced a funnel cloud near Mt. Wrightston while other storms produced damaging winds and flash flooding in the Tucson Metro area.",466
975048,MARICOPA CO.,SCOTTSDALE MUNI,07/12/2021,2216,Thunderstorm Wind,50.00, ,0,0,1000,0,AZ,MST-7,EG,161455,C,13,PSR,0,0,Broadcast Media, , , ,3,N,3,N,SCOTTSDALE MUNI,07/12/2021,2216,33.6606,-111.9252,33.6606,-111.9252,"Images from local broadcast media showed a tree down on a car near the Loop 101 and Scottsdale Road after severe thunderstorms brought damaging wind gusts to the area. Half-inch hail was also reported in the area. No injuries were reported.","An upper level ridge centered near southern Nevada promoted northeasterly steering flow favorable for bringing storms off the high terrain and into the lower deserts. During the evening on the 12th, strong to severe thunderstorms pushed toward the southwest across southern Gila County where a peak gust of 72 mph was recorded. An outflow boundary from decaying thunderstorms over the high terrain pushed into parts of the lower deserts, allowing a severe thunderstorm to develop over northeastern Maricopa County. This severe thunderstorm produced damaging wind gusts across northern parts of the Valley that took down several trees, one of which fell onto a car. No injuries were reported.",467
975759,PIMA CO.,KINO,07/12/2021,2230,Flash Flood, , ,0,0,20000,0,AZ,MST-7, ,161581,C,19,TWC,0,0,Broadcast Media,Heavy Rain, , ,1,SSW,3,ENE,TUCSON,07/12/2021,2330,32.1836,-110.9424,32.2428,-110.8779,"Between 1 and 1.5 of rain fell in less than 1 hour in central Tucson causing widespread street flooding with water flowing across roads 1 to 2 feet deep. Swift water rescues occurred near the intersections of Grant and Tucson and Silverlake and Euclid with vehicles stranded at Mabel and 7th Ave. and the Orange Grove/I-10 underpass.  A house was flooded near Speedway and Country Club.","Thunderstorms developed and moved southwest across Pinal, Pima and Santa Cruz counties during the evening hours. One storm produced a funnel cloud near Mt. Wrightston while other storms produced damaging winds and flash flooding in the Tucson Metro area.",468
975760,PIMA CO.,THREE PTS,07/12/2021,2245,Flash Flood, , ,0,0,20000,0,AZ,MST-7, ,161581,C,19,TWC,0,0,Broadcast Media,Heavy Rain, , ,0,N,6,NNW,THREE PTS,07/12/2021,2345,32.08,-111.32,32.1551,-111.3633,"Between 1 and 1.5 of rain fell in less than 1 hour south and west of the Tucson Mountains to near Three Points causing widespread street flooding and street closures due to water flowing across roads 1 to 2 feet deep. A vehicle was stranded in flood waters at the intersection of Snyder Hill and Sandario. Several dirt roads were washed out in the Three Points area.","Thunderstorms developed and moved southwest across Pinal, Pima and Santa Cruz counties during the evening hours. One storm produced a funnel cloud near Mt. Wrightston while other storms produced damaging winds and flash flooding in the Tucson Metro area.",469
974597,MOHAVE CO.,MOHAVE VALLEY,07/13/2021,556,Flash Flood, , ,0,0,1000,0,AZ,MST-7, ,161388,C,15,VEF,0,0,County Official,Heavy Rain, , ,4,N,4,N,MOHAVE VALLEY,07/13/2021,927,34.9866,-114.5801,34.9866,-114.5804,"Mountain View Road was closed between Crystal Drive and Desert Greens Drive.","Monsoon moisture slowly seeped into the region under the big dome of high pressure which was causing record-breaking temperatures, fueling isolated to scattered thunderstorms. As the moisture increased, the main thunderstorm impact transitioned from high winds to flash flooding.",470
974599,MOHAVE CO.,(IGM)MOJAVE CO ARPT,07/13/2021,625,Thunderstorm Wind,73.00, ,0,0,1000,0,AZ,MST-7,MG,161388,C,15,VEF,0,0,ASOS, , , ,0,N,1,ENE,KINGMAN,07/13/2021,720,35.23,-113.93,35.2096,-114.029,"A tree was also blown down at the Mohave County Fairgrounds. This unusually long duration severe wind event was believed to be associated with a wake low.","Monsoon moisture slowly seeped into the region under the big dome of high pressure which was causing record-breaking temperatures, fueling isolated to scattered thunderstorms. As the moisture increased, the main thunderstorm impact transitioned from high winds to flash flooding.",471
974601,MOHAVE CO.,VALENTINE,07/13/2021,1135,Flash Flood, , ,0,0,1000,0,AZ,MST-7, ,161388,C,15,VEF,0,0,County Official,Heavy Rain, , ,2,SW,2,SW,VALENTINE,07/13/2021,1330,35.3586,-113.6953,35.3594,-113.6949,"Hackberry Road was closed from Main Street to Highway 66 due to flooding from runoff from storms which occurred hours earlier.","Monsoon moisture slowly seeped into the region under the big dome of high pressure which was causing record-breaking temperatures, fueling isolated to scattered thunderstorms. As the moisture increased, the main thunderstorm impact transitioned from high winds to flash flooding.",472
974602,MOHAVE CO.,WALAPAI,07/13/2021,1333,Flash Flood, , ,0,0,1000,0,AZ,MST-7, ,161388,C,15,VEF,0,0,County Official,Heavy Rain, , ,12,N,12,N,WALAPAI,07/13/2021,1500,35.5206,-113.8563,35.5198,-113.856,"Antares Road was closed from Highway 66 to Pierce Ferry Road due to flooding from runoff from storms which occurred hours earlier.","Monsoon moisture slowly seeped into the region under the big dome of high pressure which was causing record-breaking temperatures, fueling isolated to scattered thunderstorms. As the moisture increased, the main thunderstorm impact transitioned from high winds to flash flooding.",473
975762,PIMA CO.,GREATERVILLE,07/13/2021,1530,Thunderstorm Wind,55.00, ,0,0,0,0,AZ,MST-7,MG,161582,C,19,TWC,0,0,RAWS, , , ,7,ENE,7,ENE,GREATERVILLE,07/13/2021,1530,31.78,-110.64,31.78,-110.64,"A wind gust to 63 mph was recorded at the Empire RAWS.","Isolated thunderstorms developed and moved west across southeast Arizona. One storm produced a severe wind gust in southeast Pima County.",474
976956,YAVAPAI CO.,CAMP VERDE ARPT,07/13/2021,1645,Flash Flood, , ,0,0,0,0,AZ,MST-7, ,161818,C,25,FGZ,0,0,Other Federal Agency,Heavy Rain, , ,6,SSE,2,SW,CAMP VERDE,07/13/2021,1845,34.45,-111.79,34.5463,-111.8829,"The Verde River in Camp Verde had a 5.6 foot rise on the river gauge at 445 PM MST.","Moisture and thunderstorms increased over northern Arizona with several reports of flash flooding.",475
976962,YAVAPAI CO.,CAMP VERDE ARPT,07/13/2021,1659,Flash Flood, , ,0,0,0,0,AZ,MST-7, ,161818,C,25,FGZ,0,0,Public,Heavy Rain, , ,2,W,2,WSW,CAMP VERDE ARPT,07/13/2021,1700,34.53,-111.87,34.5182,-111.8665,"A thunderstorm with heavy rain produced runoff 4 feet deep near Ryal Trail at Salt Mine Road. This caused the collapse of a dirt berm on the east side of Salt Mine Road when the drainage pipe was overwhelmed.","Moisture and thunderstorms increased over northern Arizona with several reports of flash flooding.",476
977537,COCONINO CO.,SUNNYSIDE,07/13/2021,1706,Flash Flood, , ,0,0,0,0,AZ,MST-7, ,161818,C,5,FGZ,0,0,Public,Heavy Rain / Burn Area, , ,1,N,1,NNE,SUNNYSIDE,07/13/2021,1900,35.22,-111.62,35.2114,-111.6156,"About a foot and a half ow was was flowing along Linda Vista north of Grand View Street down stream form the Museum Fire scar (2019).","Moisture and thunderstorms increased over northern Arizona with several reports of flash flooding.",477
977525,COCONINO CO.,SEDONA,07/13/2021,1715,Flash Flood, , ,0,0,0,0,AZ,MST-7, ,161818,C,5,FGZ,0,0,Law Enforcement,Heavy Rain, , ,2,N,2,N,SEDONA,07/13/2021,1730,34.88,-111.75,34.8819,-111.7486,"Heavy rain and rushing water caused a rock fall on Highway 89A just north of Sedona.","Moisture and thunderstorms increased over northern Arizona with several reports of flash flooding.",478
977526,YAVAPAI CO.,CAMP VERDE ARPT,07/13/2021,1747,Flash Flood, , ,0,0,0,0,AZ,MST-7, ,161818,C,25,FGZ,0,0,Public,Heavy Rain, , ,9,E,9,ESE,CAMP VERDE ARPT,07/13/2021,1817,34.51,-111.67,34.4813,-111.6824,"Heavy rain and flowing water caused a rockfall along Highway 260 between Mile Post 235 and 237.","Moisture and thunderstorms increased over northern Arizona with several reports of flash flooding.",479
977539,COCONINO CO.,HAVASUPAI,07/13/2021,2045,Flash Flood, , ,0,0,0,0,AZ,MST-7, ,161818,C,5,FGZ,0,0,Other Federal Agency,Heavy Rain, , ,6,NNW,5,SSW,HAVASUPAI,07/13/2021,2245,36.31,-112.76,36.1668,-112.7371,"Heavy rain caused a 3.93 foot rise on Havasu Creek.","Moisture and thunderstorms increased over northern Arizona with several reports of flash flooding.",480
974604,MOHAVE CO.,LITTLEFIELD,07/13/2021,2055,Thunderstorm Wind,52.00, ,0,0,50000,0,AZ,MST-7,EG,161388,C,15,VEF,0,0,Law Enforcement, , , ,1,N,1,N,LITTLEFIELD,07/13/2021,2105,36.8973,-113.9329,36.8945,-113.93,"Thunderstorm winds blew down numerous trees, some of which blocked roads and some of which fell on power lines. Trampolines were also blown into roads.","Monsoon moisture slowly seeped into the region under the big dome of high pressure which was causing record-breaking temperatures, fueling isolated to scattered thunderstorms. As the moisture increased, the main thunderstorm impact transitioned from high winds to flash flooding.",481
974606,MOHAVE CO.,LITTLEFIELD,07/13/2021,2135,Thunderstorm Wind,63.00, ,0,0,0,0,AZ,MST-7,MG,161388,C,15,VEF,0,0,Mesonet, , , ,27,SSE,27,SSE,LITTLEFIELD,07/13/2021,2200,36.5072,-113.8159,36.5072,-113.8159,"","Monsoon moisture slowly seeped into the region under the big dome of high pressure which was causing record-breaking temperatures, fueling isolated to scattered thunderstorms. As the moisture increased, the main thunderstorm impact transitioned from high winds to flash flooding.",482
977542,APACHE CO.,ST JOHNS MUNI ARPT,07/14/2021,330,Flash Flood, , ,0,0,0,0,AZ,MST-7, ,161919,C,1,FGZ,0,0,Law Enforcement,Heavy Rain, , ,5,W,5,ENE,CONCHO,07/14/2021,530,34.51,-109.46,34.501,-109.5263,"Water was flowing across a one mile stretch of Highway 61 west of St Johns between mile markers 362 and 363.","Deep monsoon moisture continued across northern Arizona with several flash floods.",483
975281,MARICOPA CO.,FENNEMORE,07/14/2021,433,Thunderstorm Wind,50.00, ,0,0,50000,0,AZ,MST-7,EG,161456,C,13,PSR,0,0,Public, , , ,2,SW,2,SW,FENNEMORE,07/14/2021,433,33.55,-112.45,33.55,-112.45,"A microburst in the Waddell area resulted in significant damage to a home near 181st Avenue and Orangewood Avenue, including a destroyed patio, the roof partially torn off, and a flag pole bent in half. There were also numerous downed trees reported in this area. No injuries were reported.","A weak shortwave trough moving across the state aided in the development of showers and thunderstorms across south-central Arizona on the morning of the 14th. With anomalously high amounts of moisture in place, showers and thunderstorms produced locally heavy rainfall which led to some flash flooding. Flash flooding was reported in northern Pinal County near Florence where Maricopa County Flood Control gages recorded over 1.50 of rainfall. Flash flooding was also reported in the Globe area as heavy rainfall over the recent Telegraph burn scar led to enhanced runoff in Pinal Creek. No injuries or damage were reported.",484
975282,MARICOPA CO.,TOLLESON,07/14/2021,510,Lightning, , ,0,0,15000,0,AZ,MST-7, ,161456,C,13,PSR,0,0,Broadcast Media, , , ,2,SSE,2,SSE,TOLLESON,07/14/2021,510,33.4184,-112.2587,33.4184,-112.2587,"Lightning was reported to have started a house fire in a neighborhood near 91st Avenue and Lower Buckeye Road. Firefighters discovered a small fire in the attic of the home, which was quickly extinguished. No injuries were reported.","A weak shortwave trough moving across the state aided in the development of showers and thunderstorms across south-central Arizona on the morning of the 14th. With anomalously high amounts of moisture in place, showers and thunderstorms produced locally heavy rainfall which led to some flash flooding. Flash flooding was reported in northern Pinal County near Florence where Maricopa County Flood Control gages recorded over 1.50 of rainfall. Flash flooding was also reported in the Globe area as heavy rainfall over the recent Telegraph burn scar led to enhanced runoff in Pinal Creek. No injuries or damage were reported.",485
975283,MARICOPA CO.,PHOENIX FARM AERO AR,07/14/2021,516,Lightning, , ,0,0,5000,0,AZ,MST-7, ,161456,C,13,PSR,0,0,Broadcast Media, , , ,2,E,2,E,PHOENIX FARM AERO AR,07/14/2021,516,33.4295,-112.1346,33.4295,-112.1346,"Lightning was reported to have struck a 3-inch above-ground gas line near 35th Avenue and Durango causing a fire. No injuries were reported.","A weak shortwave trough moving across the state aided in the development of showers and thunderstorms across south-central Arizona on the morning of the 14th. With anomalously high amounts of moisture in place, showers and thunderstorms produced locally heavy rainfall which led to some flash flooding. Flash flooding was reported in northern Pinal County near Florence where Maricopa County Flood Control gages recorded over 1.50 of rainfall. Flash flooding was also reported in the Globe area as heavy rainfall over the recent Telegraph burn scar led to enhanced runoff in Pinal Creek. No injuries or damage were reported.",486
975788,PINAL CO.,ORACLE,07/14/2021,630,Lightning, , ,0,0,5000,0,AZ,MST-7, ,161583,C,21,TWC,0,0,Fire Department/Rescue, , , ,9,SW,9,SW,ORACLE,07/14/2021,630,32.5348,-110.8806,32.5348,-110.8806,"Lightning started a small fire at a residence in the Saddlebrooke area.","Scattered thunderstorms developed and moved southwest across eastern Pinal and Pima counties during the early morning hours. Flash flooding occurred in northern and western parts of the Tucson Metro area. Lightning also started a small house fire.",487
975764,PIMA CO.,ORACLE,07/14/2021,700,Flash Flood, , ,0,0,0,0,AZ,MST-7, ,161583,C,19,TWC,0,0,Broadcast Media,Heavy Rain / Burn Area, , ,10,SW,13,SW,CAMP BONITO,07/14/2021,900,32.5063,-110.8849,32.4681,-110.9003,"Heavy rain of 1 to 2 in less than an hour in the upper reaches of the Canada Del Oro Wash within the Bighorn burn scar caused rapid rises downstream. Rail North Rd along Lago Del Oro Parkway to Wilds Rd was closed to high water levels.","Scattered thunderstorms developed and moved southwest across eastern Pinal and Pima counties during the early morning hours. Flash flooding occurred in northern and western parts of the Tucson Metro area. Lightning also started a small house fire.",488
975763,PIMA CO.,DREXEL HGTS,07/14/2021,720,Thunderstorm Wind,56.00, ,0,0,10000,0,AZ,MST-7,EG,161583,C,19,TWC,0,0,Broadcast Media, , , ,4,NNW,4,NNW,DREXEL HGTS,07/14/2021,720,32.2375,-111.0375,32.2375,-111.0375,"Thunderstorm winds downed power poles near the intersection of Speedway and Painted Hills.","Scattered thunderstorms developed and moved southwest across eastern Pinal and Pima counties during the early morning hours. Flash flooding occurred in northern and western parts of the Tucson Metro area. Lightning also started a small house fire.",489
975771,PIMA CO.,TUSCON RYAN FLD ARPT,07/14/2021,728,Flash Flood, , ,0,0,5000,0,AZ,MST-7, ,161583,C,19,TWC,0,0,Broadcast Media,Heavy Rain, , ,3,W,5,W,OLD TUSCON,07/14/2021,1000,32.137,-111.2261,32.2294,-111.2205,"Heavy rain of 1 to 1.5 in 90 minutes west of Interstate 10 and north of Highway 86 in Tucson resulted in flash flooding and the closure of several roads including Bopp Rd, Jamie Ave, Aldon Rd, and Sandario Rd. A vehicle was stranded in floodwaters at Sweetwater and Silverbell.","Scattered thunderstorms developed and moved southwest across eastern Pinal and Pima counties during the early morning hours. Flash flooding occurred in northern and western parts of the Tucson Metro area. Lightning also started a small house fire.",490
975213,GILA CO.,GLOBE,07/14/2021,830,Flash Flood, , ,0,0,0,0,AZ,MST-7, ,161456,C,7,PSR,0,0,Trained Spotter,Heavy Rain / Burn Area, , ,2,SSE,1,SSE,GLOBE,07/14/2021,930,33.38,-110.77,33.3808,-110.7713,"Heavy rainfall over the recent Telegraph burn scar led to enhanced runoff into Pinal Creek, which resulted in flash flooding. At 0830MST, a trained weather spotter reported swiftly moving water estimated to be several feet deep flowing over Beer Tree Crossing Road at Pinal Creek in the Globe area. No injuries or damage was reported.","A weak shortwave trough moving across the state aided in the development of showers and thunderstorms across south-central Arizona on the morning of the 14th. With anomalously high amounts of moisture in place, showers and thunderstorms produced locally heavy rainfall which led to some flash flooding. Flash flooding was reported in northern Pinal County near Florence where Maricopa County Flood Control gages recorded over 1.50 of rainfall. Flash flooding was also reported in the Globe area as heavy rainfall over the recent Telegraph burn scar led to enhanced runoff in Pinal Creek. No injuries or damage were reported.",491
975214,PINAL CO.,MAGMA,07/14/2021,832,Flash Flood, , ,0,0,0,0,AZ,MST-7, ,161456,C,21,PSR,0,0,Law Enforcement,Heavy Rain, , ,4,ESE,4,E,MAGMA,07/14/2021,932,33.1184,-111.4363,33.1213,-111.4396,"Heavy rainfall over the Florence area led to flash flooding. According to the Pinal County Sheriff's dispatch, Cooper road between Arizona Farms Road and Judd Road was closed to due running washes. No injuries or damage was reported.","A weak shortwave trough moving across the state aided in the development of showers and thunderstorms across south-central Arizona on the morning of the 14th. With anomalously high amounts of moisture in place, showers and thunderstorms produced locally heavy rainfall which led to some flash flooding. Flash flooding was reported in northern Pinal County near Florence where Maricopa County Flood Control gages recorded over 1.50 of rainfall. Flash flooding was also reported in the Globe area as heavy rainfall over the recent Telegraph burn scar led to enhanced runoff in Pinal Creek. No injuries or damage were reported.",492
975776,PINAL CO.,FLORENCE,07/14/2021,850,Flash Flood, , ,0,0,0,0,AZ,MST-7, ,161583,C,21,TWC,0,0,Law Enforcement,Heavy Rain, , ,5,SSE,7,E,COOLIDGE FLORENCE AR,07/14/2021,1000,32.9726,-111.3364,32.9309,-111.2942,"More than 1 inch of rain in less than 1 hour caused flash flooding in Cactus Forest and the closure of Quail Ridge Way near Diffin Rd.","Scattered thunderstorms developed and moved southwest across eastern Pinal and Pima counties during the early morning hours. Flash flooding occurred in northern and western parts of the Tucson Metro area. Lightning also started a small house fire.",493
975765,PIMA CO.,MT LEMMON,07/14/2021,1000,Flash Flood, , ,0,0,10000,0,AZ,MST-7, ,161583,C,19,TWC,0,0,Broadcast Media,Heavy Rain / Burn Area, , ,7,NW,2,SE,ORO VLY,07/14/2021,1100,32.5114,-110.8745,32.3913,-110.9557,"Strong flows continued in the Canada Del Oro Wash as a result of 1 to 2 of rain in less than an hour in the upper reaches of the basin within the Bighorn burn scar. Overton Rd. was closed due to flooding and the loop trail at Christina Taylor Green Park was flooded. More than an inch of rain in less than 1 hour also occurred from Marana to the southern Tortolita Mountains. As a result a swift water rescue was performed near Grier and Sandario and another west of Edwin and Oracle Rds.","Scattered thunderstorms developed and moved southwest across eastern Pinal and Pima counties during the early morning hours. Flash flooding occurred in northern and western parts of the Tucson Metro area. Lightning also started a small house fire.",494
975228,MARICOPA CO.,GUADALUPE,07/14/2021,1304,Flash Flood, , ,0,0,0,0,AZ,MST-7, ,161456,C,13,PSR,0,0,Broadcast Media,Heavy Rain, , ,3,SSW,3,SSW,GUADALUPE,07/14/2021,1404,33.334,-111.9815,33.3332,-111.9809,"Images from local broadcast media show a portion of 48th Street in Ahwatukee blocked off due to flooding.","A weak shortwave trough moving across the state aided in the development of showers and thunderstorms across south-central Arizona on the morning of the 14th. With anomalously high amounts of moisture in place, showers and thunderstorms produced locally heavy rainfall which led to some flash flooding. Flash flooding was reported in northern Pinal County near Florence where Maricopa County Flood Control gages recorded over 1.50 of rainfall. Flash flooding was also reported in the Globe area as heavy rainfall over the recent Telegraph burn scar led to enhanced runoff in Pinal Creek. No injuries or damage were reported.",495
977543,COCONINO CO.,SUNNYSIDE,07/14/2021,1430,Flash Flood, , ,0,0,100000,0,AZ,MST-7, ,161919,C,5,FGZ,0,0,Public,Heavy Rain, , ,2,NE,2,NNE,SUNNYSIDE,07/14/2021,1630,35.22,-111.6,35.231,-111.6053,"Heavy rain over the southern slopes of Mt Elden caused flash flooding in northeast Flagstaff.  The water overwhelmed drainage systems and was flowing rapidly down streets (up to two feet deep). A video on social media showed a Prius floating down the street and crashing into a full sized pick-up truck.  Water was flowing 6 feet deep in a low water crossing.  Famous Route 66 had 2 feet of water flowing over it in town.","Deep monsoon moisture continued across northern Arizona with several flash floods.",496
978387,COCONINO CO.,NORTH RIM,07/14/2021,1700,Flash Flood, , ,1,4,0,0,AZ,MST-7, ,161919,C,5,FGZ,0,0,Public,Heavy Rain, , ,16,ENE,16,ENE,NORTH RIM,07/14/2021,1800,36.44,-111.85,36.4379,-111.8502,"A flash flood rushed down the Tatahatso Wash/Slot Canyon into the Colorado River (38 miles down stream from Lees Ferry). A commercial river trip with 30 people and two large raft had set up camp at the mouth of the wash for the night. The flash flood washed away the camp. Four people were injured and one person died.","Deep monsoon moisture continued across northern Arizona with several flash floods.",497
974608,MOHAVE CO.,DOLAN SPGS,07/15/2021,230,Flash Flood, , ,0,0,2000,0,AZ,MST-7, ,161388,C,15,VEF,0,0,COOP Observer,Heavy Rain, , ,6,WSW,10,SW,DOLAN SPGS,07/15/2021,430,35.5808,-114.2902,35.5355,-114.3544,"Flooding and debris covered Pierce Ferry Road from Highway 93 to mile marker 4.","Monsoon moisture slowly seeped into the region under the big dome of high pressure which was causing record-breaking temperatures, fueling isolated to scattered thunderstorms. As the moisture increased, the main thunderstorm impact transitioned from high winds to flash flooding.",498
974610,MOHAVE CO.,(IGM)MOJAVE CO ARPT,07/15/2021,245,Flash Flood, , ,0,0,10000,0,AZ,MST-7, ,161388,C,15,VEF,0,0,County Official,Heavy Rain, , ,9,SSE,9,SSE,(IGM)MOJAVE CO ARPT,07/15/2021,430,35.1009,-113.89,35.1055,-113.8882,"Flooding and debris covered several roads in the Hualapai Mountains.","Monsoon moisture slowly seeped into the region under the big dome of high pressure which was causing record-breaking temperatures, fueling isolated to scattered thunderstorms. As the moisture increased, the main thunderstorm impact transitioned from high winds to flash flooding.",499
975783,PIMA CO.,SILVER BELL,07/15/2021,845,Flash Flood, , ,0,0,5000,0,AZ,MST-7, ,161587,C,19,TWC,0,0,Broadcast Media,Heavy Rain, , ,8,ESE,11,NNW,THREE PTS,07/15/2021,945,32.3453,-111.3716,32.2378,-111.382,"Two inches of rain in 2 hours north of Three Points caused flooding of roadways west of Picture Rocks. A vehicle was stranded in floodwaters on Tucker Road at the Blanco Wash.","Thunderstorms developed during the early morning over Pima County and caused areas of flash flooding. Additional storms developed during the afternoon across Graham County,  move southwest, and produced severe wind gusts and flash flooding in the Safford area.",500
